:020000040800F2
:10000000C832002015020008355B0008B14800081E
:100010009D5A000885090008716E00080000000064
:10002000000000000000000000000000AD640008B7
:10003000850D000800000000215F000891650008A0
:100040002F0200082F0200082F0200082F020008CC
:100050002F0200082F0200082F0200082F020008BC
:100060002F0200082F0200082F0200082F020008AC
:100070002F0200082F0200082F0200082F0200089C
:100080002F0200082F0200082F0200082F0200088C
:100090002F0200082F0200082F0200082F0200087C
:1000A0002F0200082F0200082F0200082F0200086C
:1000B000116600082F0200082F0200082F02000816
:1000C0002F0200082F0200082F0200082F0200084C
:1000D0002F0200082F020008E56D0008516E00088D
:1000E0009D0D00082F0200082F0200082F020008B3
:1000F0002F0200082F0200082F0200082F0200081C
:100100002F0200082F0200082F0200082F0200080B
:100110002F020008816C00081D6600082F020008ED
:100120002F0200082F0200082F0200082F020008EB
:1001300000F002F800F05FF80AA090E8000C82449A
:100140008344AAF10107DA4501D100F054F8AFF277
:10015000090EBAE80F0013F0010F18BFFB1A43F0A5
:100160000103184734C0000054C000000A444FF097
:10017000000C10F8013B13F0070408BF10F8014B06
:100180001D1108BF10F8015B641E05D010F8016B4B
:10019000641E01F8016BF9D113F0080F1EBF10F8AF
:1001A000014BAD1C0C1B09D16D1E58BF01F801CBD2
:1001B000FAD505E014F8016B01F8016B6D1EF9D555
:1001C0009142D6D37047000000230024002500266A
:1001D000103A28BF78C1FBD8520728BF30C148BFAA
:1001E0000B607047642900F07B80002070471FB5CA
:1001F0001FBD10B510BD00F0CFFA1146FFF7F7FF95
:1002000008F05CFB00F0EDFA03B4FFF7F2FF03BC6B
:1002100006F083FF0948804709480047FEE7FEE7EC
:10022000FEE7FEE7FEE7FEE7FEE7FEE7FEE7FEE7A6
:1002300004480549054A064B704700000F66000850
:1002400031010008C82C0020C8320020C82E002030
:10025000C82E0020704710B54C1084EA530404D512
:100260004042C1F1000138BF491E1B4204D5524231
:10027000C3F1000338BF5B1E00F076F914F0804F25
:1002800004D04042C1F1000138BF491E14F0004FB4
:1002900004D05242C3F1000338BF5B1E10BD000002
:1002A0000FB4044910B503AA029800F057FA10BC25
:1002B0005DF814FBF40000200FB41CB5074B06AA30
:1002C0007B4469460090059800F02FFA00206946AB
:1002D00000F03EFA1CBC5DF814FB00008D04000029
:1002E0002DE9F0410646002410687529314616A50F
:1002F00010D0AFF30080002802DA404213A507E0D7
:1003000031688A0701D512A502E0490704D511A575
:10031000012401E0AFF3008000210A2206F1240746
:1003200009E0B0FBF2FCB0FBF2F302FB1C00303042
:1003300078541846491C0028F3D123462A463046F3
:10034000BDE8F04100F092B9000000002D0000006F
:100350002B000000200000002DE9F0474FF0000ABC
:1003600089460446C0F820A02046E1688847002856
:1003700076D0252806D0D4E901219047206A401C78
:100380002062F1E7E168204600258847C4F81CA0F8
:1003900006460027C4F818A02A2E09D0304606F0D9
:1003A000B5FE38B304EB8708303EC8F8186019E092
:1003B00059F8041B204604EB87029161E1688847E5
:1003C000012F064618D1E069002820DA25F0200523
:1003D0001DE0D8F8180000EB800006EB4000303834
:1003E000C8F818002046E1688847064606F08EFEE9
:1003F0000028EED1012F0AD02E2E08D12046E16828
:1004000088477F1C0646022F45F02005C4DBA06903
:10041000002803DA404245F00105A061E80701D059
:1004200025F01005B6B1A6F14100192802D82036F2
:1004300045F400654A463146204625604D46FFF7A3
:10044000D1FE58B1012806D0ED1D25F0070000F1BE
:10045000080989E704E005F1040985E730468AE7E1
:10046000206ABDE8F08740EA010310B59B070FD171
:10047000042A0DD310C808C9121F9C42F8D020BA14
:1004800019BA884201D9012010BD4FF0FF3010BDCC
:100490001AB1D30703D0521C07E0002010BD10F89A
:1004A000013B11F8014B1B1B07D110F8013B11F860
:1004B000014B1B1B01D1921EF1D1184610BD02F059
:1004C000FF0343EA032242EA024200F002B84FF07F
:1004D00000020429C0F0128010F0030C00F01B8011
:1004E000CCF1040CBCF1020F18BF00F8012BA8BF1F
:1004F00020F8022BA1EB0C0100F00DB85FEAC17CE3
:1005000024BF00F8012B00F8012B48BF00F8012B95
:1005100070474FF0000200B51346944696462039C6
:1005200022BFA0E80C50A0E80C50B1F12001BFF4AC
:10053000F7AF090728BFA0E80C5048BF0CC05DF812
:1005400004EB890028BF40F8042B08BF704748BF60
:1005500020F8022B11F0804F18BF00F8012B7047D4
:10056000704770477047704753EA020C00F069808B
:100570002DE9F04B4FF00006002B1FBFB3FA83F5B7
:1005800003FA05F424FA05F65E4012BF1643B2FAE8
:1005900082F502FA05F4C5F120051EBF22FA05FC1A
:1005A00044EA0C04203556EA044C4FEA144418BFC0
:1005B000641C4FF000084FF00009904271EB030CEF
:1005C00039D3002919BFB1FA81F701FA07F6B0FA59
:1005D00080F700FA07F6C7F120071EBF20FA07FCD4
:1005E00046EA0C062037B6FBF4FCA7EB0507103FE4
:1005F00007F01F0BCBF120060CFA0BFB2CFA06F6CA
:1006000044BFB3460026202FA4BF5E464FF0000B28
:100610005BEA060C08BF4FF0010B19EB0B09ABFBB3
:10062000027C48EB0608C01B06FB02CC0BFB03CC8C
:1006300071EB0C01C1E70B46024641464846BDE856
:10064000F08B13B54FF000004FF00001AFF30080C6
:10065000BDE81C40704710B500F092F8006810BD6E
:1006600010B5044600F08CF8046010BD2DE9F04789
:100670000D4699469246044600F124080168880612
:1006800004D5E06921F01001216000E00120A842BA
:1006900001DD471B00E00027A1697A1902EB090080
:1006A000081AA0612078C00602D42046AFF300806B
:1006B000002608E0D4E901211AF806009047206AD4
:1006C000401C761C20624E45F4DB2078C0060AD51B
:1006D0002046AFF3008006E0D4E9012130209047A6
:1006E000206A401C2062381EA7F10107F4DC07E0F5
:1006F000D4E9012118F805009047206A401C2062C7
:10070000281EA5F10105F3DC2046AFF30080207818
:10071000000602D50220BDE8F0870120FBE70000BB
:1007200001694A1C02610878704700B58FB0CDE9B5
:1007300001310021059105497944CDE903101146A5
:100740006846FFF709FE0FB000BD0000E5FFFFFFA0
:100750000A6802F8010B0A6070470000074B70B589
:100760000D467B44FFF7E1FF0446284600F00CF8F5
:1007700010B14FF0FF3070BD204670BD7F7B000090
:1007800000487047642C0020007B00F08000704718
:1007900000487047642C00207546FFF7F9FFAE460D
:1007A00005006946534620F00700854618B020B57D
:1007B000FFF73EFDBDE820404FF000064FF0000778
:1007C0004FF000084FF0000B21F00701AC46ACE8F9
:1007D000C009ACE8C009ACE8C009ACE8C0098D4666
:1007E000704710B50446AFF300802046BDE81040C6
:1007F000FFF70ABD70B5044600688168C943C907A0
:1008000017D1816821F00101816001F09DFC05464E
:100810000AE000BF01F098FC401B022804D92068C0
:100820008068C043C00706D020688068C043C00706
:10083000F0D0002070BDA06A40F01000A062E06A15
:1008400040F00100E062012070BD0000F8B5002614
:100850000446009600688168C943C9072DD08168A5
:1008600041F001018160164816490068B0FBF1F0C3
:1008700000E0401E00900028FBD101F065FC054619
:1008800016E000BF01F060FC401B022810D9206870
:100890008068C043C0070BD0A06A40F01000A0627F
:1008A000E06A40F00100E06284F824600120F8BDB5
:1008B00020688068C043C007E4D10020F8BD000074
:1008C0003400002040420F000C49087818B10B2872
:1008D00001D00C2810D10A48406800280CD0A0F1A3
:1008E00015024F2A01D20B2005E0F1383B2801D236
:1008F0000C2000E000200870704700003A00002043
:10090000EC00002070B5054616480C46006809F05A
:10091000DDFE29460AF038F8064684F00040124C05
:10092000216909F033FF114909F0D2FD054610494C
:10093000E06809F0CDFD314609F028FF29460AF0AC
:1009400023F809F087FE0B490978032908D109F03B
:10095000BDFE216809F01AFFBDE8704009F07ABEBB
:1009600070BD000020000020140200200000C842DA
:100970000000C8C211010020014800F0D1BC0000F5
:100980008C020020FEE700002DE9F0410D4C0A46E4
:1009900007460B4E1046216809F0F8FE216B09F05E
:1009A00023FD0146084809F0F1FE05463146384668
:1009B00009F0ECFE294609F017FD2063BDE8F0813F
:1009C0000AD7A33C4001002048E17A3F2DE9F041DD
:1009D0000D4C0A4607460B4E1046216809F0D6FE1C
:1009E000216E09F001FD0146084809F0CFFE0546D9
:1009F0003146384609F0CAFE294609F0F5FC206662
:100A0000BDE8F0810AD7A33C4001002048E17A3FCD
:100A100038B5002000906B4601227521682007F050
:100A2000B7FE31A0FFF73CFC9DF8000068280CD011
:100A3000BFF34F8F35480168354A01F4E061114337
:100A40000160BFF34F8F00BFFDE708F053F80028A7
:100A500049D1782008F00CFD10B923A0FFF720FC45
:100A6000782007F079FF10B92AA0FFF719FCC820F9
:100A700008F0BEFC10B931A0FFF712FC07F0CEF869
:100A800010B938A0FFF70CFC4348044607F0F2FE0B
:100A90000546E01C07F0EEFE45EAC005A01D07F084
:100AA000E9FE45EA801080B207F078FA10B93BA061
:100AB000FFF7F6FB40F2731006F088FF10B941A073
:100AC000FFF7EEFBC82007F0D1F910B947A0FFF7F8
:100AD000E7FB08F01DFE012008F0B0FB002802D162
:100AE0004BA0FFF7DDFB38BD6D70755F7365745FFC
:100AF00073656E736F7220636F6D706C65746520C3
:100B00002E2E2E2E2E2E0D0A000000000CED00E0E1
:100B10000400FA056D70755F636F6E6669677572C4
:100B2000655F6669666F20636F6D706C65746520C4
:100B30002E2E2E2E2E2E0D0A000000006D70755FD9
:100B40007365745F73616D706C655F72617465204D
:100B5000636F6D706C657465202E2E2E2E2E2E0DFB
:100B60000A000000646D705F6C6F61645F6D6F748C
:100B7000696F6E5F6472697665725F6669726D77C0
:100B800061726520636F6D706C657465202E2E2E0A
:100B90002E2E2E0D0A000000BC000020646D705F38
:100BA0007365745F6F7269656E746174696F6E20CE
:100BB000636F6D706C657465202E2E2E2E2E2E0D9B
:100BC0000A000000646D705F656E61626C655F664F
:100BD00065617475726520636F6D706C65746520F6
:100BE0002E2E2E2E2E2E0D0A00000000646D705F3A
:100BF0007365745F6669666F5F7261746520636FA9
:100C00006D706C657465202E2E2E2E2E2E0D0A0012
:100C10006D70755F7365745F646D705F737461741C
:100C20006520636F6D706C657465202E2E2E2E2EE0
:100C30002E0D0A00124910B50A78242800D1B2B14D
:100C4000012A1CD10022232814D0242817D00D4CAF
:100C50004B78E0545B1CD8B2487014280FD94A7006
:100C60000A70BDE8104014210648FFF730BC01208F
:100C70000870F6E70A704A7000F07CFAF1E710BDE0
:100C80006402002080080020124930B401230A7851
:100C9000242800D1B2B1012A19D10022232813D06F
:100CA000242814D00C4C4B78E0545B1CD8B248700C
:100CB00014280CD94A700A708A7030BC1421064876
:100CC000FFF705BC0B70F8E70A704A708B7030BCF8
:100CD00070470000600200206C080020124930B408
:100CE00001230A78242800D1B2B1012A19D10022A7
:100CF000232813D0242814D00C4C4B78E0545B1CD0
:100D0000D8B2487014280CD94A700A708A7030BC66
:100D100014210648FFF7DBBB0B70F8E70A704A7036
:100D20008B7030BC70470000600200206C0800200F
:100D3000124930B401230A78242800D1B2B1012A23
:100D400019D10022232813D0242814D00C4C4B781E
:100D5000E0545B1CD8B2487014280CD94A700A7051
:100D60008A7030BC14210648FFF7B1BB0B70F8E75E
:100D70000A704A708B7030BC70470000600200201F
:100D80006C080020704706E00021491CC9B20A29FE
:100D9000FBD3401EC0B20028F6D170474FF48050FC
:100DA00000F0CABF0349002008600421024802F095
:100DB000EBBD000024040040040300200349002090
:100DC00008600421024802F0DFBD00002408004052
:100DD0004C03002072B6FEE72DE9F04F8DB00446BB
:100DE00005F07AFABC49DFF8F4B2BD4F0860012C77
:100DF0007ED04421D02003F05CFD04464321D02066
:100E000003F057FD04EB002009F078FC064646216C
:100E1000D02003F04EFD04464521D02003F049FDCB
:100E200004EB002009F06AFC82464821D02003F040
:100E300040FD04464721D02003F03BFD04EB002099
:100E400009F05CFC05463C21D02003F032FD04464D
:100E50003B21D02003F02DFD04EB002009F04EFCD7
:100E600081463E21D02003F024FD04463D21D020C0
:100E700003F01FFD04EB002009F040FC80464021F8
:100E8000D02003F016FD04463F21D02003F011FDD1
:100E900004EB002009F032FC0446B6F18E4F05DD6C
:100EA0004FF08F41304609F06FFD06465046BAF1CB
:100EB0008E4F04DD4FF08F4109F066FD8246B5F19B
:100EC0008E4F05DD4FF08F41284609F05DFD054648
:100ED0004846B9F18E4F04DD4FF08F4109F054FDC3
:100EE00081464046B8F18E4F06DD4FF08F4100E05D
:100EF00060E009F049FD8046B4F18E4F05DD4FF00A
:100F00008F41204609F040FD044686F000414846E6
:100F1000CBF8001009F03CFADFF8C891DFF8C8B14F
:100F20004A465B46CDE9090108F07EFD08F08EFCDB
:100F30000C90404609F02CFA4A465B46CDE9070181
:100F400008F072FD08F082FC0B90204609F020FAB0
:100F50004A465B46CDE9010108F066FD08F076FCE3
:100F60000090304609F014FADFF880914FF06636B1
:100F700032464B46CDE9050108F056FD08F066FC07
:100F80008046504609F004FA32464B46CDE903014B
:100F900008F04AFD08F05AFC06465548DFF854A10F
:100FA000DFF854B10078DFF8549102281ED00328EE
:100FB00043D089E005F0A6F85148524C39680160E9
:100FC000B4F9000009F082FBCBF80000B4F904008A
:100FD00009F07CFB4C4908604C48B0F9040009F06A
:100FE00075FB4B4908600DB0BDE8F08F88F00042FA
:100FF00000990B9803F008FE09F0CAF952465B46C7
:1010000008F012FD00224B4608F0E8FE08F01EFC36
:101010003860324600990C9803F022FF09F0B8F9C5
:1010200052465B4608F000FD00224B4608F0D6FE13
:1010300008F00CFC3749086046E0DDE901210B4669
:10104000DDE9070106F00EFB00224B4608F0C6FE64
:1010500052465B4608F0E8FC08F0F8FBDDE90121A8
:1010600080460B46DDE9090106F0FCFA00224B46FA
:1010700008F0B4FE52465B4608F0D6FC08F0E6FBEA
:101080000646DFF894A0DDE905014FF066394A46CF
:10109000534608F0C9FC08F0D9FB01464046FFF76B
:1010A00073FC80F000403860DDE903014A46534696
:1010B00008F0BAFC08F0CAFB01463046FFF786FC90
:1010C00080F00041134801600D48396801600E4806
:1010D00005600F48046086E7180000200800002023
:1010E000A80000208FC2F5285C1F9A40665E8D40E4
:1010F00000000020F1D4C853FB2109400080664065
:1011000004000020B00000200C000020B6000020E9
:101110001C000020A40000206666304010B500F0DE
:101120007DF8BDE81040014909F030BBC3F58040AF
:1011300010B50E4C0120C4F880010F2004F5C074D6
:1011400006F00CFC00222260094801880B060BD532
:101150004388890603EB9121AA2359434FF47A73FC
:10116000B1FBF3F14160028010BD0000000021429C
:10117000EC00002070B5254801788278303901EB09
:10118000C10303EB011102EB81014278204B02EB1A
:10119000820203EB42020A441E490A80C278447963
:1011A000303A02EBC20505EB021204EB820204792D
:1011B00004EB840403EB440422444A80164A127868
:1011C000092A21D18279047A303A02EBC20505EB73
:1011D000021204EB8202C47904EB840403EB44049E
:1011E00022448A80447AC57A303C807A04EBC40673
:1011F00006EB041400EB800005EB840403EB4000D5
:101200002044C88042430A8170BD0000800800204D
:10121000F0FDFFFF660200201101002010B5094813
:1012200000F068FC3221074800F098FB054800F008
:1012300021FA80B209F062FABDE81040024909F0D3
:10124000A5BA00008C0200203333533A2DE9F35F36
:1012500008F0ADFD2A4D00222B4608F0BFFD6FF0CF
:101260000106324609F037FC264F00223B4608F0C3
:10127000DBFBDFF894B000225B4608F0D5FB08F0FA
:10128000E5FA09F085F8DFF88480DFF884904246BB
:101290004B4608F0A3FD00221E4B08F09FFDDFF82F
:1012A00078A00022534608F0BFFB08F0CFFA1B4C91
:1012B0002060019808F07BFD00222B4608F08EFD8F
:1012C000324609F008FC00223B4608F0ADFB002244
:1012D0005B4608F0A9FB08F0B9FA09F059F8424654
:1012E0004B4608F07BFD00220A4B08F077FD0022F8
:1012F000534608F099FB08F0A9FA6060BDE8FC9F2E
:101300000000694000003E4000002640F1D4C85370
:10131000FB21094000C0504000002440080100208B
:10132000F8B500250446009500683949884209D07F
:101330003849884206D03849884203D07E2137A0F8
:1013400006F07EF894F8240001280BD0012084F8E0
:1013500024002046FFF74EFA2046FFF777FA0600F2
:1013600002D050E00220F8BDA06A20F4885040F07E
:101370000200A062022001F031F835490968B1FB92
:10138000F0F0400000E0401E00900028FBD12068F3
:10139000816841F00801816000F0D6FE074608E050
:1013A00000F0D2FEC01B0A2803D92068806800071D
:1013B00015D4206880680007F2D42068816841F065
:1013C0000401816000F0C0FE074612E000F0BCFEA0
:1013D000C01B0A280DD920688068400709D5A06A7B
:1013E00020F0020040F01000A06284F82450012098
:1013F000F8BD206880684007E8D4A06A20F00200A9
:1014000040F00100A06284F824503046F8BD00008E
:101410000024014000280140003C01402E2E2F53A3
:10142000544D3332463178785F48414C5F4472699D
:101430007665722F5372632F73746D333266317811
:10144000785F68616C5F6164635F65782E6300003C
:10145000340000202DE9F843002605460096006878
:10146000734F0C46B046B8420AD07249884207D042
:101470007149884204D040F2D67170A005F0E0FFB7
:10148000206830B3012824D0022822D0032820D09D
:1014900004281ED005281CD006281AD0072818D0EA
:1014A000082816D0092814D00A2812D00B2810D0EA
:1014B0000C280ED00D280CD00E280AD00F2808D0EA
:1014C000102806D0112804D040F2D7715BA005F097
:1014D000B7FF6068012822D0022820D003281ED040
:1014E00004281CD005281AD0062818D0072816D0A2
:1014F000082814D0092812D00A2810D00B280ED0A2
:101500000C280CD00D280AD00E2808D00F2806D0A1
:10151000102804D04FF4FB6148A005F091FFA068AB
:1015200090B1012810D002280ED003280CD0042836
:101530000AD0052808D0062806D0072804D040F293
:10154000D9713EA005F07CFF95F82400012812D047
:10155000012085F8240060681F2107280ED22B681F
:101560005A6B401E00EB800081408A432168814015
:101570000A435A631AE00220BDE8F8832A680D285E
:101580000AD2136BC01F00EB800081408B4321689F
:1015900081400B43136309E0D36A0D3800EB8000F0
:1015A00081408B43216881400B43D362206807212F
:1015B0002A680A280AD3D3680A3800EB4000814021
:1015C0008B43A16881400B43D36008E0136900EBB3
:1015D000400081408B43A16881400B431361206828
:1015E000102801D011281FD12868B84217D181686E
:1015F000090219D4816841F4000181602068102833
:1016000012D11A481A490068B0FBF1F000EB8000D3
:10161000400000E0401E00900028FBD104E0A86AD2
:1016200040F02000A862012685F824803046A3E718
:101630000024014000280140003C01402E2E2F5381
:10164000544D3332463178785F48414C5F4472697B
:101650007665722F5372632F73746D3332663178EF
:10166000785F68616C5F6164632E63003400002002
:1016700040420F0010B504460068084988420AD06D
:101680000749884207D00749884204D040F2E56103
:1016900005A005F0D5FE2068C06C10BD00240140F7
:1016A00000280140003C01402E2E2F53544D333270
:1016B000463178785F48414C5F4472697665722F95
:1016C0005372632F73746D3332663178785F68615B
:1016D0006C5F6164632E63002DE9F04704004FF0F6
:1016E00000057CD075492068754E884209D075493F
:1016F000884206D0B04204D040F2A91172A005F091
:101700009FFE606838B1B0F5006F04D04FF4D5711A
:101710006DA005F095FEA0684FF4807930B1484582
:1017200004D040F2AB1168A005F08AFE207B30B1F6
:10173000012804D04FF4D67163A005F081FEE06962
:101740004FF400284FF4402AB8B1B0F5003F14D050
:10175000B0F5C02F11D040450FD0B0F5202F0CD0E0
:1017600050450AD0B0F5802F07D0B0F5602F04D0D7
:1017700040F2AD1154A005F063FEA06800281CD013
:101780002069401E0F2804D940F2B1114EA005F087
:1017900057FE207D88B1012806D04FF4D9714AA0A8
:1017A00005F04EFE207D40B1A069401E072804D9F7
:1017B00040F2B51144A005F043FEA06A002728B905
:1017C000E76284F82470204600F09CF82046FFF77A
:1017D00011F8A16AC90600D430B1A06A00E06BE03C
:1017E00040F01000A06267E0A16A21F4885141F046
:1017F0000201A1622368E169B34202D1514500D1DF
:101800004146267BCC4641EA460261680A43A1680C
:10181000614509D0012907D05FF0000194F81480D8
:10182000B8F1010F02D00AE04946F7E7C6B1A66A4F
:1018300046F02006A662E66A46F00106E6625E68A9
:1018400026F469460E435E60236899682A4E31404B
:1018500011439960A16861450BD0012909D00CE0C2
:10186000DFF89880A66908EB46360E4346F400611F
:10187000E5E7218A0D05A5F580152168CB6A23F4DB
:1018800070032B43CB62216889681D4B194091423C
:1018900008D1E762A16A21F0020141F00101A162D1
:1018A000BDE8F087A06A20F0020040F01000A062BE
:1018B000E06A40F00100E0620120F1E7002401400D
:1018C000003C0140002801402E2E2F53544D33324E
:1018D000463178785F48414C5F4472697665722F73
:1018E0005372632F73746D3332663178785F686139
:1018F0006C5F6164632E6300FDF7E1FF00E0FFFFB2
:10190000FE0E1FFF00B585B00021009101910291EC
:10191000039100680E49884218D10E48816941F44C
:1019200000718161816901F400710491816941F064
:10193000040181618069694600F004000490202060
:10194000009003200190044800F002FA05B000BDA9
:101950000024014000100240000801402DE9F84336
:1019600000270D46044600970068504988420AD077
:101970004F49884207D04F49884204D040F2B341D2
:101980004DA005F05DFD00F0DFFB8046206881681A
:10199000C90508D5A06A40F02000A06284F8247030
:1019A0000120BDE8F8834168C90503D4C06A10F47A
:1019B000700F2AD0022000F011FD4B490968B1FBDD
:1019C000F0F62068036949490B424FEA61014FEA8A
:1019D000A1121FD1C3684FEA611C13EA0C0F19D181
:1019E00003690B4225D1C068104222D1142023E0A4
:1019F000681C0AD02DB100F0A7FBA0EB0800A8429C
:101A000003D920680068800725D520680068800712
:101A1000EED52DE003690B4202D1C168114206D018
:101A2000026933490A4206D1C068084203D15420F2
:101A300002E0292000E0FC204643009816E0681CE4
:101A400011D02DB100F080FBA0EB0800A8420AD90C
:101A50000098B04207D2A06A40F00400A06284F867
:101A6000247003209DE70098401C0090B042E6D30C
:101A700021686FF012000860A06A40F40070A06254
:101A800020688068C0F3424007280CD1207B50B901
:101A9000A06A20F48070A062A06AC00403D4A06A87
:101AA00040F00100A06200207BE70000002401401C
:101AB00000280140003C01402E2E2F53544D33325C
:101AC000463178785F48414C5F4472697665722F81
:101AD0005372632F73746D3332663178785F686147
:101AE0006C5F6164632E63003400002024499224FB
:101AF0004992240070B5044600683449344D884248
:101B000009D0A84207D03349884204D040F211419D
:101B100031A005F095FC94F8240001280DD0012097
:101B200084F824002046FEF791FE02004FF00000EA
:101B300005D084F82400104670BD022070BDA16A53
:101B400040F20123994341F48071A1621F49236847
:101B5000091DAB4218D10E6816F4702F14D0A66A76
:101B600046F48016A6620E68760505D5A66A26F4A8
:101B7000005646F48056A662A66AF6040AD5E66ABE
:101B800026F00606E66206E0A66A26F48016A6623D
:101B90005E68E9E7E06284F824006FF002001860F4
:101BA00020688368C3F34243072B05D1A84208D1BC
:101BB000096811F4702F04D0816841F480118160AC
:101BC000B9E7816841F4A001F9E700000024014071
:101BD00000280140003C01402E2E2F53544D33323B
:101BE000463178785F48414C5F4472697665722F60
:101BF0005372632F73746D3332663178785F686126
:101C00006C5F6164632E630070B5044600F09CFA5B
:101C10000546601C02D004480078044400F094FAA1
:101C2000401BA042FAD370BD280000202DE9F84FD8
:101C3000B0F5805F69D1364F388808B1401E3880D2
:101C400004F036FC33480078FFF7C6F8002004F0B3
:101C500031FB0090012004F02DFB404283460146F9
:101C60000098FFF7F3FA2C482C4E01683068FEF715
:101C700049FE05465946009805F0FCF804462848F8
:101C8000006804F09DFF2A19264D1118DFF898808E
:101C9000101A2960C8F800004446084604F030F9DC
:101CA0002860206804F02CF9DFF8809040F6282A9C
:101CB00020604A465146286804F02BF928604A46BD
:101CC0005146206804F025F9206019485B46009AC7
:101CD0003168006804F026F9164C08B10120207024
:101CE0005A460099306804F07BF908B10020207052
:101CF000F968306804F094FF002806D1D8F8001085
:101D00002868BDE8F84F04F013BCBDE8F88F000068
:101D1000F80000200000002008000020040000203F
:101D20000C0000201000002014000020D8F5FFFF58
:101D30001C00002001000020044910B50A6802427E
:101D400002D00860FFF772FF10BD000014040140CC
:101D50002DE9F84F0027DFF8BCA2DFF8BCB20D4632
:101D60000446B946504514D05C4512D0AB48844275
:101D70000FD0AB4884420CD0AA48844209D0AA486C
:101D8000844206D0A948844203D0BD21A8A005F012
:101D900057FB28680104090C01D0000C03D0BE21B8
:101DA000A3A005F04DFB686800281FD00128FCD0D7
:101DB0001128FAD00228F8D01228F6D0A949884272
:101DC000F3D0A9498842F0D0A8498842EDD0A8496B
:101DD0008842EAD0A7498842E7D0A7498842E4D0A0
:101DE0000328E2D0BF2192A005F02AFB0BE10120DD
:101DF00000FA07F801EA0806464574D1544514D0A4
:101E00005C4512D0854884420FD0854884420CD06E
:101E10008448844209D08448844206D0834884425E
:101E200003D0CD2182A005F00BFB8E4869680A1A09
:101E3000814259D00EDC032975D006DC002953D02D
:101E4000012919D0022969D131E0112921D01229A3
:101E500064D13AE0B2F5881F46D006DCB2F5803F87
:101E600042D0B2F5801F59D13EE0B2F5001F3BD001
:101E7000B2F5041F52D137E0E868022807D00128E4
:101E800005D0032803D0D52169A005F0D9FAE86868
:101E90003EE0E868022807D0012805D0032803D0D7
:101EA000DC2163A005F0CCFAE868001D30E0E868AA
:101EB000022807D0012805D0032803D0E3215CA025
:101EC00005F0BEFAE868083022E0E868022807D08A
:101ED000012805D0032803D0EA2155A005F0B0FA67
:101EE000E8680C3014E08DE0A86880B1012811D0BA
:101EF000022807D0F7214EA005F0A2FAA86830B159
:101F0000012807D04FF00809C4F8148006E0042027
:101F1000814603E04FF00809C4F81080FF2E05D871
:101F2000224605E0FFE74FF00000F1E704F104026C
:101F30004FEA870001D9A0F1200013684FF00F018C
:101F400001FA00FC23EA0C0309FA00FC43EA0C0343
:101F500013606868C00055D54848826942F00102A4
:101F60008261806927F0030200F00100009044487C
:101F700013189868BA07120F91408843544501D14D
:101F8000002118E05C4501D1012114E023498C4275
:101F900001D102210FE022498C4201D103210AE044
:101FA00020498C4201D1042105E01F498C4201D116
:101FB000052100E006219140014399606868C00254
:101FC0003048016801D5314300E0B14301606868E1
:101FD00080022D48016801D5314300E0B143016022
:101FE000686880032948016801D5314300E0B143A6
:101FF00001606868C0032648016801D5314300E0EC
:10200000B14301607F1C2E683146FE407FF4EFAE85
:10201000BDE8F88F00080140000C014000100140AD
:102020000014014000180140001C01400020014044
:102030002E2E2F53544D3332463178785F48414C21
:102040005F4472697665722F5372632F73746D33B8
:1020500032663178785F68616C5F6770696F2E6394
:1020600000000000000011100000211000003110DD
:102070000000121000002210000032100010024078
:1020800000000140080401400C0401400404014028
:102090000004014070B50C00054604D14FF4DA711C
:1020A00003A005F0CDF9A868204000D0012070BD44
:1020B0002E2E2F53544D3332463178785F48414CA1
:1020C0005F4472697665722F5372632F73746D3338
:1020D00032663178785F68616C5F6770696F2E6314
:1020E0000000000070B515460C00064604D14FF400
:1020F000EA7108A005F0A4F945B1012D04D040F221
:10210000D51104A005F09CF9346170BD2004306144
:1021100070BD00002E2E2F53544D33324631787847
:102120005F48414C5F4472697665722F5372632F2A
:1021300073746D3332663178785F68616C5F677095
:10214000696F2E630000000001488068704700003E
:10215000280000200248816802781144816070479D
:1021600028000020074810B5016841F01001016007
:10217000032000F0F7F8002000F006F800F024F843
:10218000002010BD0020024070B50D4D04464FF4F4
:102190007A712878B1FBF0F00A490968B1FBF0F0D8
:1021A00000F009FE48B9102C07D200222146501E2B
:1021B00000F08CF800206C6070BD012070BD000044
:1021C00028000020340000200E4808B5816941F045
:1021D00001018161816901F001010091C16941F052
:1021E0008051C161C06900F080500090052000F06E
:1021F000B9F80548416821F0E06141F000714160A3
:1022000008BD0000001002400000014010B50400AD
:1022100003D5CD2109A005F013F9002C0DDB04F046
:102220001F01012088406109890001F1E021C1F806
:102230008001BFF34F8FBFF36F8F10BD2E2E2F5332
:10224000544D3332463178785F48414C5F4472696F
:102250007665722F5372632F73746D3332663178E3
:10226000785F68616C5F636F727465782E630000DD
:1022700010B5040003D5BD2107A005F0E1F8002C3E
:1022800009DB04F01F01012088406109890001F188
:10229000E021C1F8000110BD2E2E2F53544D3332D2
:1022A000463178785F48414C5F4472697665722F99
:1022B0005372632F73746D3332663178785F68615F
:1022C0006C5F636F727465782E63000070B515469D
:1022D0000C460646102A03D3A92114A005F0B0F835
:1022E000102C03D3AA2111A005F0AAF81C480068FD
:1022F000C0F30223C3F107022046042A00D90422B6
:10230000191D072901D2002300E0DB1E012404FA75
:1023100002F1491E014099409C40641E2C4021431B
:102320003046BDE8704004F078BE00002E2E2F53DA
:10233000544D3332463178785F48414C5F4472697E
:102340007665722F5372632F73746D3332663178F2
:10235000785F68616C5F636F727465782E630000EC
:102360000CED00E010B5044607280BD0062C09D070
:10237000052C07D0042C05D0032C03D0912108A0F4
:1023800005F05EF8134904F0070208684FF6FF03F2
:10239000184040EA0220104A1043086010BD0000B7
:1023A0002E2E2F53544D3332463178785F48414CAE
:1023B0005F4472697665722F5372632F73746D3345
:1023C00032663178785F68616C5F636F72746578CC
:1023D0002E6300000CED00E00000FA0570B5064623
:1023E0000025C0070CD1B0070AD4700708D4300705
:1023F00006D4F00604D44FF4CA712AA005F020F8E0
:10240000354C042E27D004DC012E28D0022E3ED1DC
:102410003FE0082E1FD0102E39D160682168C90115
:1024200035D52E49C0F38342C0038D5C09D5606861
:10243000891EC0F34040085C2949B1FBF0F04543D8
:1024400001E0284845436068400220D46800032129
:10245000B0FBF1F51BE000F043FA054617E0216AF6
:10246000C1F30120012803D1890701D5C5030EE07E
:10247000022805D1616A890702D549F6404506E080
:10248000032804D12068800301D54FF22445284653
:1024900070BD00F015FA6168C1F38131491C490033
:1024A000D6E700002E2E2F53544D33324631787824
:1024B0005F48414C5F4472697665722F5372632F97
:1024C00073746D3332663178785F68616C5F726304
:1024D000635F65782E63000000100240C2AB000805
:1024E00000127A0000093D002DE9F8430446006817
:1024F000524DC1070ED1810773D441077ED4010725
:10250000FCD4C0067BD46A214DA004F099FF20784A
:10251000C00763D06068002660B1B0F5807F09D045
:10252000B0F5007F06D0B0F5407F03D0722144A003
:1025300004F086FFE869C00008D4E86940F08050E4
:10254000E861E869012600F0805000904948016880
:10255000C90512D40168804641F480710160FFF71B
:10256000F3FD074605E000BFFFF7EEFDC01B642842
:1025700023D8D8F80000C005F6D5286A10F44070BA
:1025800021D0A18801F4407181421CD0286A3A49C7
:10259000012220F440700A6000220A602862C0070D
:1025A00011D0FFF7D1FD074641F2883808E000BF9F
:1025B000FFF7CAFDC11B414502D90320BDE8F883DE
:1025C000286A8007F4D5286A616820F440700843BF
:1025D00028621EB1E86920F08050E8612078800709
:1025E00017D5A06878B1B0F5804F0CD0B0F5004F8A
:1025F00009D0B0F5404F06D0B72101E009E00BE06B
:102600000FA004F01DFF6868A16820F44040084353
:1026100068602078C0060FD56069B0F5800F05D0DE
:1026200020B140F2131106A004F00AFF6868616946
:1026300020F48000084368600020BFE700100240DB
:102640002E2E2F53544D3332463178785F48414C0B
:102650005F4472697665722F5372632F73746D33A2
:1026600032663178785F68616C5F7263635F65784A
:102670002E63000000700040400442422DE9F04704
:102680000F46050078D02868C1070AD1810708D411
:10269000410706D4000704D440F236316FA004F09D
:1026A000CFFE47B1012F06D0022F04D040F23731C0
:1026B0006AA004F0C5FE754E306800F00700B8420D
:1026C00009D2306820F0070038433060306800F0ED
:1026D0000700B84277D128686D4C810729D540079B
:1026E00003D5606840F4E06060602878000703D597
:1026F000606840F460506060A868A0B1802812D083
:10270000902810D0A0280ED0B0280CD0C0280AD015
:10271000D02808D0E02806D0F02804D040F25D315F
:102720004EA004F08DFE6068A96820F0F000084318
:1027300060602878C00737D0686868B101281CD06D
:1027400002281DD04FF4597144A004F079FE686846
:10275000012812D0022813D020688007002832DA1E
:102760006068696820F0030008436060FFF7ECFCD4
:10277000804641F2883910E025E020688003EDE7CB
:1027800020688001EAE700BFFFF7DEFCA0EB08014C
:10279000494502D90320BDE8F0876068696800F008
:1027A0000C00B0EB810FEFD1306800F00700B842A9
:1027B0000BD9306820F0070038433060306800F0F3
:1027C0000700B84201D00120E5E728784FF4806681
:1027D00040074FF4A0674FF4C0684FF4E06914D588
:1027E000E86860B1B0420AD0B84208D0404506D08F
:1027F000484504D040F2A23118A004F021FE6068E0
:10280000E96820F4E060084360602878000715D587
:10281000286960B1B0420AD0B84208D0404506D01D
:10282000484504D040F2A9310CA004F009FE6068CC
:10283000296920F4605040EAC100606000F050F85F
:102840006168144AC1F30311515CC8401249086021
:1028500012480068FFF798FC00209CE72E2E2F53AB
:10286000544D3332463178785F48414C5F44726949
:102870007665722F5372632F73746D3332663178BD
:10288000785F68616C5F7263632E630000200240B2
:1028900000100240D2AB0008340000202C000020C1
:1028A0000448054900684968044AC1F30221515CA3
:1028B000C84070473400002000100240E2AB00081E
:1028C0000448054900684968044AC1F3C221515CC3
:1028D000C84070473400002000100240E2AB0008FE
:1028E0000E4A51680E4801F00C03042B11D0082B3E
:1028F0000FD10C48C1F38343C903C05C0AD55168AA
:10290000084AC1F34041921E515C054A5043B0FB56
:10291000F1F070470449484370470000001002403E
:1029200000127A00B0AB000800093D002DE9F84F15
:1029300004007DD0FB4EFC4D20684FF0010A4FF0A3
:1029400000084FF4803960B1C1070DD1810762D40E
:1029500001076ED440076DD440F26511F3A004F076
:102960006FFD2078C00753D060684FF4A02740B1B6
:10297000484506D0B84204D040F26B11EBA004F0F9
:102980005FFD6868C0F38100012807D06868C0F364
:102990008100022809D16868C00306D52868800331
:1029A00036D560680028C4D032E06068484503D15D
:1029B000286840F4803009E008B1B8420DD028689A
:1029C00020F480302860286820F480202860606827
:1029D00088B1FFF7B9FB074609E0286840F480207A
:1029E0002860E5E7FFF7B0FBC01B642877D82868AC
:1029F0008003F7D50CE0FFF7A7FB074605E000BF13
:102A0000FFF7A2FBC01B6428F0D828688003F7D426
:102A1000207880074ED5206930B1012804D040F2DB
:102A20009F11C2A004F00CFD60691F2808D902E0C4
:102A300096E042E07BE04FF4D071BCA004F000FDD2
:102A4000686810F00C0F07D06868C0F38100022896
:102A500009D16868C00306D42868800714D52069A6
:102A600001287DD110E02069B0B1C6F800A0FFF7C1
:102A70006BFB074605E000BFFFF766FBC01B0228A3
:102A8000B4D828688007F7D52868616920F0F80075
:102A900040EAC10028600DE0C6F80080FFF754FB53
:102AA000074604E0FFF750FBC01B02289ED82868A9
:102AB0008007F7D42078000736D5A84FA06920B347
:102AC000012806D04FF4F07198A004F0B9FCA06979
:102AD000D8B1C7F800A0FFF737FB074605E00AE1C9
:102AE000FFF732FBC01B02288ED8686A8007F7D533
:102AF0009B484FF4FA510068B0FBF1F0009000BF22
:102B00000098411E0091FAD20EE0C7F80080FFF74E
:102B10001BFB074605E000BFFFF716FBC01B0228A2
:102B2000AED8686A8007F7D4207840076ED5E06891
:102B3000002740B1012806D0052804D040F20F211B
:102B40007AA004F07DFCE869C00008D4E86940F090
:102B50008050E861E869012700F08050009000E0B3
:102B600025E180480168C90512D4016841F48071EB
:102B70000160FFF7E9FA834606E000BFFFF7E4FAD9
:102B8000A0EB0B00642891D876480068C005F5D505
:102B9000E06801280AD008B1052811D0286A20F081
:102BA00001002862286A20F0040002E0286A40F050
:102BB00001002862E068A8B1FFF7C6FA83460DE07D
:102BC000286A40F004002862F0E700BFFFF7BCFA73
:102BD000A0EB0B0141F28830814285D8286A80073A
:102BE000F4D50EE0FFF7B0FA834607E0FFF7ACFA42
:102BF000A0EB0B0141F2883081427CD8286A800723
:102C0000F4D41FB1E86920F08050E861E069002841
:102C100072D0012809D0022807D040F2AD2143A08C
:102C200004F00EFCE069002866D06868C0F38100FB
:102C30000228E06974D0022805D0C6F86080FFF74A
:102C400083FA0446A2E0206A30B1484504D040F23D
:102C5000B62136A004F0F4FB606A70B3B0F5802FA3
:102C60002BD0B0F5002F28D0B0F5402F25D0B0F5EF
:102C7000801F22D0B0F5A01F1FD0B0F5C01F1CD000
:102C8000B0F5E01F19D0B0F5001F16D0B0F5101F39
:102C900013D0B0F5201F10D0B0F5301F0DD0B0F517
:102CA000401F0AD0B0F5501F07D0B0F5601F04D008
:102CB00040F2B7211DA004F0C3FBC6F86080FFF707
:102CC00043FA074605E000BFFFF73EFAC01B0228A3
:102CD00059D828688001F7D4206A484512D1A068E5
:102CE00038B1B0F5003F04D040F2CD210FA004F080
:102CF000A7FB686801E046E05BE0A16820F40030D3
:102D000008436860D4E908010843696821F4741134
:102D100008436860C6F860A0FFF716FA044628E08A
:102D200038E0000000004242001002402E2E2F53D7
:102D3000544D3332463178785F48414C5F44726974
:102D40007665722F5372632F73746D3332663178E8
:102D5000785F68616C5F7263632E63008004424237
:102D60003400002000700040FFF7EEF9001B02283D
:102D700009D828688001F7D51BE000BFFFF7E4F908
:102D8000001B022802D90320BDE8F88F28688001C3
:102D9000F4D40EE00128F7D06868226A00F480318C
:102DA000914204D1616A00F47010884201D0012080
:102DB000EAE70020E8E710B5401EB0F1807F01D3BC
:102DC000012010BD4FF0E02460610F21601704F076
:102DD00024F90020A06107202061002010BD704769
:102DE0007047000070B50C46054600683E498842B1
:102DF00007D03E49884204D040F2F1713CA004F073
:102E00001FFB2068B0F5006F05D020B140F2F271D1
:102E100037A004F015FB6068B0F5806F05D020B1D5
:102E200040F2F37132A004F00BFBA06868B1B0F57A
:102E3000807F0AD0B0F5007F07D0B0F5407F04D086
:102E400040F2F4712AA004F0FBFAE068FF2804D9EC
:102E500040F2F57126A004F0F3FA2069B0F5805F26
:102E600005D020B140F2F67121A004F0E9FA6069C2
:102E700038B1B0F5005F04D040F2F7711CA004F047
:102E8000DFFAE069B0F5804F05D020B14FF4FF6163
:102E900017A004F0D5FA95F83C00012822D00120B3
:102EA00085F83C00E068A26820F440701043626836
:102EB00020F480601043226820F4006010432269EF
:102EC00020F480501043626920F400501043E269FE
:102ED000002120F4804010432A68506485F83C109B
:102EE000002070BD022070BD002C01400034014064
:102EF0002E2E2F53544D3332463178785F48414C53
:102F00005F4472697665722F5372632F73746D33E9
:102F100032663178785F68616C5F74696D5F65787F
:102F20002E6300002DE9F05F04460068364E374FEF
:102F3000DFF8DC80DFF8DC90DFF8DCA00D464FF036
:102F4000804BB04214D0B84212D0584510D0404502
:102F50000ED048450CD050450AD03049884207D0A1
:102F60002F49884204D040F2B4712EA004F068FAD0
:102F7000286890B1102810D020280ED030280CD00E
:102F800040280AD0502808D0602806D0702804D0E5
:102F900040F2B57123A004F053FA6868802805D088
:102FA00020B140F2B6711FA004F04AFA94F83C0038
:102FB000012827D0012284F83C20022084F83D001B
:102FC000216848688B6820F0700C286840EA0C0083
:102FD00048602068B04209D0B84207D0584505D0B3
:102FE000404503D0484501D0504504D1696823F0DD
:102FF00080031943816084F83D20002084F83C0060
:10300000BDE8F09F0220FBE7002C014000340140A6
:103010000004004000080040000C00400010004088
:10302000001400402E2E2F53544D33324631787801
:103030005F48414C5F4472697665722F5372632F0B
:1030400073746D3332663178785F68616C5F746970
:103050006D5F65782E63000010B5040051D03C49C7
:103060002068884219D03B49884216D0B0F1804F81
:1030700013D03949884210D0384988420DD0384998
:1030800088420AD03749884207D03749884204D05D
:1030900040F2131135A004F0D3F9A06860B11028F4
:1030A0000AD0202808D0402806D0602804D04FF449
:1030B0008A712EA004F0C4F9206950B1B0F5807F68
:1030C00007D0B0F5007F04D040F2151127A004F01E
:1030D000B7F9E0684FF6FE71401E884204D94FF4FC
:1030E0008B7122A004F0ACF9A06930B1802804D023
:1030F00040F217111DA004F0A3F994F83D0010B19F
:1031000007E0012010BD002084F83C00204600F0BC
:1031100045F8022084F83D00211D206803F08AFA5A
:10312000012084F8460084F83E0084F83F0084F8CB
:10313000400084F8410084F8420084F8430084F899
:10314000440084F8450084F83D00002010BD0000D4
:10315000002C014000340140000400400008004001
:10316000000C004000100040001400402E2E2F5391
:10317000544D3332463178785F48414C5F44726930
:103180007665722F5372632F73746D3332663178A4
:10319000785F68616C5F74696D2E630000B585B0FF
:1031A0000021009101910291039101682148B1F140
:1031B000804F15D0204A91422FD1C16941F01001B2
:1031C000C161C069022200F0100004900321362082
:1031D000FFF77CF85FF03600FFF74AF805B000BD56
:1031E000C16941F00101C161C16901F001010491AE
:1031F000816941F0040181618069694600F0040041
:103200000490022000900D48FEF7A2FD0122114615
:103210001C20FFF75BF81C20DEE7094A9142DDD154
:10322000816941F400518161806900F4005004908B
:10323000D4E70000001002400010004000080140E8
:10324000003401402DE9F04707460068234C244D27
:10325000244EDFF89480DFF894904FF0804AA0422B
:1032600014D0A84212D0504510D0B0420ED04045E4
:103270000CD048450AD01E49884207D01D498842D3
:1032800004D04FF4E8711CA004F0DAF897F83D0080
:10329000012802D00120BDE8F087022087F83D0018
:1032A0003868C16841F00101C1603868A04209D0A6
:1032B000A84207D0504505D0B04203D0404501D0C8
:1032C000484504D1816801F00701062903D001684F
:1032D00041F0010101600020DDE70000002C014009
:1032E000003401400004004000080040000C004091
:1032F00000100040001400402E2E2F53544D333246
:10330000463178785F48414C5F4472697665722F28
:103310005372632F73746D3332663178785F6861EE
:103320006C5F74696D2E63002DE9F05F054690F8BF
:103330003C000C464FF0000B01283ED0012085F8E0
:103340003C00022085F83D0020684FF480594FF47E
:10335000005A484515D0702813D0504511D0402848
:103360000FD050280DD060280BD050B1102808D0B5
:10337000202806D0302804D041F2BE41BDA004F080
:103380005FF82968886820F0770020F47F40886023
:103390002068C449C44AC54BC54EC64F4FF0804C47
:1033A0004FF40048502872D00FDC202804D007DCEE
:1033B0000028FBD010286BD13CE10220BDE8F09F33
:1033C0003028F9D04028F6D105E160287DD070285A
:1033D0005FD0484542D05045EDD1286888420ED094
:1033E00090420CD060450AD0984208D0B04206D036
:1033F000B84204D041F2E9419EA004F021F8A0684F
:1034000058B1484509D0504507D0B0F5405F04D0C9
:1034100041F2EC4197A004F013F86068404509D0F0
:1034200040B1022806D00A2804D041F2ED4191A013
:1034300004F006F8E0680F2804D941F2EE418DA0AF
:1034400003F0FEFFD4E90121E368286803F090F956
:103450002868816841F48041816002E128688842DF
:10346000FBD09042F9D06045F7D09842F5D0B042F9
:10347000F3D0B842F1D090498842EED08F498842CB
:10348000EBD041F2CA417BA003F0DAFFE9E042E071
:10349000E5E0286888420ED090420CD060450AD002
:1034A000984208D0B04206D0B84204D041F2D1418F
:1034B00070A003F0C5FFA06868B148450BD0504527
:1034C00009D0B0F5405F06D000E053E041F2D441AE
:1034D00068A003F0B5FF6068404509D040B10228FC
:1034E00006D00A2804D041F2D54162A003F0A8FF1B
:1034F000E0680F2804D941F2D6415EA003F0A0FF96
:10350000D4E90121E368286803F032F9286881686A
:1035100041F07701A0E7286888420ED090420CD095
:1035200060450AD0984208D0B04206D0B84204D0D4
:1035300041F2FD414FA003F083FF6068404509D090
:1035400040B1022806D00A2804D04FF4A85149A05F
:1035500003F076FFE0680F2804D941F2015145A03D
:1035600003F06EFFE2686168286803F0B3FA502147
:1035700028682DE0286888420ED090420CD0604523
:103580000AD0984208D0B04206D0B84204D041F2E6
:103590000D5138A003F054FF6068404509D040B198
:1035A000022806D00A2804D041F2105131A003F0BD
:1035B00047FFE0680F2804D941F211512DA003F014
:1035C0003FFFE2686168286803F0CCFA6021286850
:1035D00003F0D8F845E0286888420ED090420CD01D
:1035E00060450AD0984208D0B04206D0B84204D014
:1035F00041F21D511FA003F023FF6068404509D030
:1036000040B1022806D00A2804D04FF4A95119A0CD
:1036100003F016FFE0680F2804D941F2215115A0EC
:1036200003F00EFFE2686168286803F053FA402156
:103630002868CDE7286888420ED090420CD06045BB
:103640000AD0984208D0B04206D0B84204D041F225
:10365000305108A003F0F4FE21682868B8E74FF065
:10366000010B012085F83D00002085F83C005846FC
:10367000A4E600002E2E2F53544D33324631787875
:103680005F48414C5F4472697665722F5372632FB5
:1036900073746D3332663178785F68616C5F74691A
:1036A0006D2E6300002C01400034014000040040F6
:1036B00000080040000C00400010004000140040D2
:1036C0002DE9F0410D4604007ED07B4920688842F8
:1036D00013D07A49884210D0B0F1804F0DD078498C
:1036E00088420AD07749884207D07749884204D077
:1036F00040F6D83175A003F0A3FEA06860B1102891
:103700000AD0202808D0402806D0602804D040F6EF
:10371000D9316EA003F094FE206950B1B0F5807FDE
:1037200007D0B0F5007F04D040F6DA3167A003F08F
:1037300087FEA06930B1802804D040F6DB3163A059
:1037400003F07EFE2868012808D0022806D003284E
:1037500004D040F6DC315DA003F072FEA8680128B9
:1037600008D0022806D0032804D040F6DD3157A047
:1037700003F066FEA869012808D0022806D00328B5
:1037800004D040F6DE3151A003F05AFE686830B133
:10379000022804D040F6DF314CA003F051FE6869E6
:1037A00030B1022804D04FF43E6148A003F048FE37
:1037B000E86860B104280AD0082808D00C2806D090
:1037C00040F6E13141A000E02DE003F039FEE86968
:1037D00050B1042808D0082806D00C2804D040F6A0
:1037E000E2313AA003F02CFE28690F2804D940F6F4
:1037F000E33136A003F024FE286A0F2804D940F6EE
:10380000E43132A003F01CFEE0684FF6FE71401E6A
:10381000884204D940F6E5312CA003F011FE94F85B
:103820003D0018B108E00120BDE8F081002084F8D7
:103830003C00204600F062F8022084F83D00206839
:10384000816844F2070291438160211D206802F0E3
:10385000F1FE216888688A690E6A2B68AF690343A4
:1038600040F20330824342EA0722A868EF6910431E
:103870004FF6FC429043EA6840EA07200243286979
:103880002F6A000140EA073010436A686D6926F02C
:10389000220646EA05152A438B602168886154F8A0
:1038A000460B0262012004F81F09E0752076E076DD
:1038B0002077A0750020B7E7002C014000340140BC
:1038C0000004004000080040000C00402E2E2F5342
:1038D000544D3332463178785F48414C5F447269C9
:1038E0007665722F5372632F73746D33326631783D
:1038F000785F68616C5F74696D2E630000B585B098
:10390000002100910191029103911A4B02681A481B
:10391000C0219A4213D1C26942F00202C261C26957
:1039200002F002020492826942F00402826180691C
:10393000009100F0040004906946104815E0104B17
:103940009A4214D1C26942F00402C261C26902F013
:1039500004020492826942F0080282618069009147
:1039600000F00800049069460648FEF7F1F905B03A
:1039700000BD0000000400400010024000080140AB
:1039800000080040000C01402DE9F04790F83E800F
:103990008946044690F83F7090F8426090F8435092
:1039A00000682D49884213D02C49884210D0B0F1CC
:1039B000804F0DD02A4988420AD02A49884207D030
:1039C0002949884204D040F6954128A003F038FDEB
:1039D0000220B9F1000F06D0B9F1040F10D0B8F1F0
:1039E000010F1CD115E0B8F1010F18D1012E16D12D
:1039F00084F83E0084F8420001220021206821E082
:103A0000012F0CD1012D0AD184F83F0084F8430026
:103A100015E0012F03D1012E01D1012D02D001208B
:103A2000BDE8F08784F83E0084F83F0084F8420047
:103A300084F8430001220021206802F041FE0122A7
:103A40000421206802F03CFE2068016841F0010179
:103A500001600020E4E70000002C01400034014038
:103A60000004004000080040000C00402E2E2F53A0
:103A7000544D3332463178785F48414C5F44726927
:103A80007665722F5372632F73746D33326631789B
:103A9000785F68616C5F74696D2E63002DE9F04199
:103AA000254CA04245D1254D2888010641D4410628
:103AB00041F2111640F244471BD540F080002880A7
:103AC0000421204600F09EFD68802068016A314292
:103AD00006D1016A394203D1016821F00101016078
:103AE0002068016A21F0A00101622068016A016278
:103AF0001BE000216980402028802068026A324251
:103B000006D1026A3A4203D1026822F00102026041
:103B1000206841622068016A21F0A00101622068EA
:103B2000016A41F0200101622068016841F0010151
:103B30000160BDE8F0810000BC020020EC00002024
:103B40002DE9F84F054600200090864F2868DFF8E1
:103B50001882DFF81892DFF818A2DFF818B21646BC
:103B60000C46B8420FD040450DD0B0F1804F0AD07E
:103B7000484508D0504506D0584504D041F21901B7
:103B80007DA003F05DFC206840B1022806D00A2821
:103B900004D041F21A0178A003F052FC60680128B9
:103BA00008D0022806D0032804D041F21B0172A0DD
:103BB00003F046FCA06850B1042808D0082806D0BD
:103BC0000C2804D041F21C016BA003F039FCE06822
:103BD0000F2804D941F21D0167A003F031FC95F8CC
:103BE0003C00012810D0012085F83C0076B1042E5D
:103BF0001CD0082E3FD00C2E76D00090002085F8E7
:103C00003C000098BDE8F88F0220FBE7D4E90012E1
:103C1000E368286802F070FF2868816921F00C01D0
:103C2000816128688169A268114322E02868B8424E
:103C30000FD040450DD0B0F1804F0AD0484508D094
:103C4000504506D0584504D041F233014AA003F054
:103C5000F7FBD4E90012E368286802F095FF2868B2
:103C6000816921F44061816128688169A26841EA23
:103C700002218161C2E72868B8420FD040450DD0CB
:103C8000B0F1804F0AD0484508D0504506D058457D
:103C900004D041F2430138A003F0D2FB2868D4E9F4
:103CA0000027267B036A016A21F480710162C169E1
:103CB00023F4007321F00301394321F0F0073107A9
:103CC0004FF4007647EA116106EA02221A43C16105
:103CD00002622868C16921F00C01C1612868C169CC
:103CE000A26811433BE0FFE72868B8420FD0404587
:103CF0000DD0B0F1804F0AD0484508D0504506D0CD
:103D0000584504D041F253011BA003F099FB2868E9
:103D1000D4E90026E168036A076A27F4805707623E
:103D2000C76923F4005327F4407747EA06264FF685
:103D3000FF7726F4704607EA013131434FF400560D
:103D400006EA02321A43C16102622868C16921F49D
:103D50004061C1612868C169A26841EA0221C1616C
:103D60004CE70000002C01400034014000040040FA
:103D700000080040000C00402E2E2F53544D3332CB
:103D8000463178785F48414C5F4472697665722F9E
:103D90005372632F73746D3332663178785F686164
:103DA0006C5F74696D2E630010B5040051D03C49FE
:103DB0002068884219D03B49884216D0B0F1804F24
:103DC00013D03949884210D0384988420DD038493B
:103DD00088420AD03749884207D03749884204D000
:103DE00040F2C47135A003F02BFBA06860B110282D
:103DF0000AD0202808D0402806D0602804D040F2FD
:103E0000C5712EA003F01CFB206950B1B0F5807F76
:103E100007D0B0F5007F04D040F2C67127A003F0B0
:103E20000FFBE0684FF6FE71401E884204D940F255
:103E3000C77122A003F004FBA06930B1802804D030
:103E40004FF4F9611DA003F0FBFA94F83D0010B1A6
:103E500007E0012010BD002084F83C00204600F05F
:103E600045F8022084F83D00211D206802F0E2FBA5
:103E7000012084F8460084F83E0084F83F0084F86E
:103E8000400084F8410084F8420084F8430084F83C
:103E9000440084F8450084F83D00002010BD000077
:103EA000002C0140003401400004004000080040A4
:103EB000000C004000100040001400402E2E2F5334
:103EC000544D3332463178785F48414C5F447269D3
:103ED0007665722F5372632F73746D333266317847
:103EE000785F68616C5F74696D2E6300704770B5B0
:103EF0000446006801694FF00005C943890715D4DD
:103F0000C168C943890711D4E91E016101202077E6
:103F1000206880698007204602D0FFF7BFFD04E0DB
:103F200000F0BEF8204600F06CFA257720680169A1
:103F3000C943490717D4C168C943490713D46FF06F
:103F400004010161022020772068806910F4407F1D
:103F5000204602D0FFF7A2FD04E000F0A1F82046C1
:103F600000F04FFA257720680169C943090716D484
:103F7000C168C943090712D46FF008010161042028
:103F800020772068C0698007204602D0FFF786FDB1
:103F900004E000F085F8204600F033FA2577206829
:103FA0000169C943C90617D4C168C943C90613D4F6
:103FB0006FF010010161082020772068C06910F4BB
:103FC000407F204602D0FFF769FD04E000F068F86A
:103FD000204600F016FA257720680169C943C90711
:103FE00008D1C168C943C90704D1891E01612046AF
:103FF00000F0BAFA20680169C943090609D4C1680A
:10400000C943090605D46FF0800101612046FEF71F
:10401000E6FE20680169C943490609D4C168C9435D
:10402000490605D46FF040010161204600F074FBA1
:1040300020680169C94389060BD4C168C943890650
:1040400007D46FF0200101612046BDE87040FEF703
:10405000C7BE70BD00B585B00021009101910291ED
:10406000039100680B49884212D10B48816941F0E5
:10407000100181618069694600F0100004904FF4DE
:10408000707000900220019003900448FDF760FEDC
:1040900005B000BD00340140001002400010014096
:1040A000704700002DE9F04716000D4604464FF01A
:1040B00000090CD0042E0AD0082E08D00C2E06D0F1
:1040C0003C2E04D041F27E016BA003F0B9F92868C0
:1040D000602806D0702804D041F27F0166A003F06A
:1040E000AFF9A86830B1022804D04FF4845162A01F
:1040F00003F0A6F9286930B1042804D041F2810107
:104100005DA003F09DF994F83C00012818D001202F
:104110006549664A664B674FDFF89CC184F83C00EE
:104120004FF0804876B1042E31D0082E56D00C2E98
:104130007AD08146002084F83C004846BDE8F087EC
:104140000220FBE7206888420ED090420CD0404508
:104150000AD0984208D0B84206D0604504D041F257
:104160008B0145A003F06CF92946206802F012FB90
:104170002068816941F0080181612068816921F02E
:1041800004018161206881692A69114324E0206863
:1041900088420ED090420CD040450AD0984208D0B8
:1041A000B84206D0604504D041F29C0132A003F031
:1041B00047F92946206802F05BFB2068816941F4D9
:1041C000006181612068816921F4806181612068DA
:1041D00081692A6941EA02218161ABE7206888424E
:1041E0000ED090420CD040450AD0984208D0B84238
:1041F00006D0604504D041F2AD011FA003F020F9C4
:104200002946206802F0A6FB2068C16941F0080138
:10421000C1612068C16921F00401C1612068C169E0
:104220002A69114325E0FFE7206888420ED09042BA
:104230000CD040450AD0984208D0B84206D060451C
:1042400004D041F2BE010CA003F0FAF82946206820
:1042500002F0F2FB2068C16941F40061C16120688D
:10426000C16921F48061C1612068C1692A6941EA9C
:104270000221C1615EE700002E2E2F53544D3332D0
:10428000463178785F48414C5F4472697665722F99
:104290005372632F73746D3332663178785F68615F
:1042A0006C5F74696D2E6300002C01400034014086
:1042B0000004004000080040000C004010B504005D
:1042C00051D03C492068884219D03B49884216D0D9
:1042D000B0F1804F13D03949884210D03849884214
:1042E0000DD0384988420AD03749884207D037492B
:1042F000884204D040F22C5135A003F0A1F8A06808
:1043000060B110280AD0202808D0402806D06028A4
:1043100004D040F22D512EA003F092F8206950B144
:10432000B0F5807F07D0B0F5007F04D040F22E5169
:1043300027A003F085F8E0684FF6FE71401E884222
:1043400004D940F22F5122A003F07AF8A06930B1CD
:10435000802804D04FF4A6611DA003F071F894F8F2
:104360003D0010B107E0012010BD002084F83C00A2
:10437000204600F045F8022084F83D00211D206809
:1043800002F058F9012084F8460084F83E0084F8D1
:104390003F0084F8400084F8410084F8420084F82B
:1043A000430084F8440084F8450084F83D00002070
:1043B00010BD0000002C014000340140000400400A
:1043C00000080040000C00400010004000140040B5
:1043D0002E2E2F53544D3332463178785F48414C5E
:1043E0005F4472697665722F5372632F73746D33F5
:1043F00032663178785F68616C5F74696D2E630036
:10440000704770472DE9F05F05460068DFF81481BA
:104410000227DFF81491DFF814A1DFF814B1454E3C
:104420000C46404506D1DCB3042C44D0082C49D0BE
:104430000C2C30D0B04206D194B3042C3BD0082CC5
:1044400040D00C2C27D0B0F1804F13D0484506D176
:1044500034B3042C2FD0082C34D00C2C1BD0504556
:1044600006D1ECB1042C26D0082C2BD00C2C12D069
:10447000584506D1A4B1042C1DD0082C22D00C2CF8
:1044800009D040F2B3512CA002F0DAFF44B1042C61
:1044900011D0082C16D095F84100012819D000E061
:1044A00002E00120BDE8F09F95F83E000128F6D11A
:1044B00085F83E700FE095F83F000128EFD185F8B0
:1044C0003F7008E095F840000128E8D185F8407079
:1044D00001E085F8417001222146286802F0F0F8D9
:1044E0002868404501D0B04203D1426C42F40042FA
:1044F0004264286840450AD0B04208D0B0F1804FED
:1045000005D0484503D0504501D0584504D18168B5
:1045100001F00701062903D0016841F001010160A3
:104520000020BFE7002C01400004004000080040CC
:10453000000C0040003401402E2E2F53544D3332D6
:10454000463178785F48414C5F4472697665722FD6
:104550005372632F73746D3332663178785F68619C
:104560006C5F74696D2E630070B5006820498842E5
:104570003DD1204CA089401CA0816078401C607017
:10458000E08808B1401EE0801B4D287828B1012842
:1045900003D0022801D003280BD1FCF7C9FD2878ED
:1045A00008B1032801D10121E170012801D1FCF7F4
:1045B0008BF96078022816D900256570FCF7AEFDEE
:1045C000216905F011FF20612178491CC9B22170D1
:1045D000322908D1094905F07BFF094908602561A6
:1045E000257005F021F8BDE8704003F02FB970BDCB
:1045F00000100040D80000201101002000004842B7
:10460000040100202DE9F0410446324A324B334D7B
:10461000334E344F00204FF0804CD9B104292ED0B6
:10462000082941D00C2913D1206890420ED098421D
:104630000CD060450AD0A84208D0B04206D0B8429B
:1046400004D041F2E95128A002F0FAFE2068006C83
:10465000BDE8F081206890420ED098420CD06045B1
:104660000AD0A84208D0B04206D0B84204D041F2E5
:10467000C9511DA002F0E4FE2068406BE8E7206805
:1046800090420ED098420CD060450AD0A84208D083
:10469000B04206D0B84204D041F2D35112A002F089
:1046A000CFFE2068806BD3E7206890420ED09842FE
:1046B0000CD060450AD0A84208D0B04206D0B8421B
:1046C00004D041F2DE5108A002F0BAFE2068C06BAF
:1046D000BEE70000002C014000340140000400400F
:1046E00000080040000C00402E2E2F53544D333252
:1046F000463178785F48414C5F4472697665722F25
:104700005372632F73746D3332663178785F6861EA
:104710006C5F74696D2E63007047000070B5040013
:1047200020D0A06934490028344A354B20681BD07A
:1047300088420AD0904208D0984206D04FF4B77110
:1047400030A002F07DFEA069F8B1A069B0F5807FCD
:104750001BD0B0F5007F18D0B0F5407F15D040F2E7
:104760006F110FE0012070BD88420ED090420CD036
:1047700098420AD03049884207D03049884204D054
:1047800040F273111FA002F05BFEA06838B1B0F5D3
:10479000805F04D040F275111AA002F051FE94F827
:1047A0004100002520B984F84050204600F048F828
:1047B000242084F841002068C16821F40051C160C0
:1047C000204602F06DFA2068016921F490410161F0
:1047D0002068416921F02A0141612068C16841F4E3
:1047E0000051C1606564202084F8410084F84200D3
:1047F0006563002070BD00000038014000440040A7
:10480000004800402E2E2F53544D333246317878D5
:104810005F48414C5F4472697665722F5372632F13
:1048200073746D3332663178785F68616C5F75617F
:1048300072742E6300000000004C004000500040E5
:1048400030B585B00024009401940294039400686C
:104850001449884224D11448816941F4804181611E
:10486000816901F480410491816941F00401816111
:1048700080690E4D00F0040004904FF40070009029
:10488000022001900320039069462846FDF760FA54
:104890002815CDE90004694628460294FDF758FA28
:1048A00005B030BD00380140001002400008014052
:1048B000FEE770B50D46044600F0C0F8204600F053
:1048C0008DF800F003F9284600F088F800F0FEF8B3
:1048D00000F0B4F8641CE0B200F080F800F0F6F8E4
:1048E000002000F045F8044600F0D0F8204670BDE6
:1048F00070B50D4C0025C4F8AC510C48016821F48A
:1049000070610160016841F440710160C4F8A85110
:10491000012004F5D47403F021F80120606003F055
:104920001DF8656070BD000000802142040C01404C
:1049300070B50D4C0025C4F8AC510C48016821F449
:1049400070610160016841F4407101600126C4F8A2
:10495000A861304604F5D47403F000F866600120C5
:1049600002F0FCFF656070BD00802142040C014034
:104970002DE9F047814617480024016821F4706151
:104980000160016841F400610160134E254627462D
:104990004FF00108C6F8AC71022002F0DFFFC6F844
:1049A000AC816006040ED6F8280108B1641CE4B29C
:1049B000022002F0D3FF6D1CEDB2082DEAD3B9F14D
:1049C000000F02D0FFF794FF01E0FFF7B1FF204690
:1049D000BDE8F087040C0140008021422DE9F04140
:1049E00006461448016821F470610160016841F4D1
:1049F00040710160104C0027C4F8AC713D464FF087
:104A00000108F009C4F8A8017006060E012002F0A2
:104A1000A5FFC4F8AC81012002F0A0FFC4F8AC717E
:104A2000012002F09BFF6D1CEDB2082DE9D3BDE81B
:104A3000F0810000040C01400080214270B5114853
:104A4000016821F470610160016841F44071016006
:104A50000D4C0120C4F8A801D4F8281149B1C4F8BC
:104A6000AC0102F07BFF0025C4F8A851D4F828015E
:104A700008B1002070BD012002F070FFC4F8AC51F5
:104A8000012070BD040C0140008021420D4810B58A
:104A9000016821F470610160016841F440710160B6
:104AA000094C0020C4F8AC01C4F8A801012004F5A9
:104AB000D47402F053FF012060602060BDE8104014
:104AC00002F04CBF040C01400080214270B5134835
:104AD0000024016821F470610160016841F4006103
:104AE00001600F4D0126C5F8A861304602F036FF7F
:104AF000C5F8AC6107E0641CE4B2322C03D9FFF7BF
:104B0000C5FF002070BD012002F028FFD5F8280164
:104B10000028F0D1C5F8AC01012070BD040C0140A3
:104B20000080214210B51446FFF7C3FE207001201B
:104B300010BDF8B515461C460E4607466A46FFF7F7
:104B4000F1FF01209DF80010A8400CB1084301E0DE
:104B500021EA0000C2B28DF800203146384600F04C
:104B60002BF8F8BD2DE9F84314461D460F46804644
:104B70006A46089EFFF7D6FF00281BD0611CFF2065
:104B8000C4F1080200FA01F12A44521ED040014348
:104B9000C5F108008640F2B2C4F10700C2409DF89A
:104BA0000000084010438DF80000C2B2394640466C
:104BB00000F002F8BDE8F88307B502AB012200F06F
:104BC00001F80EBD2DE9F0411E4615468846074600
:104BD0000024FFF733FF3846FFF700FFFFF776FFAB
:104BE0004046FFF7FBFEFFF771FF06E0305DFFF781
:104BF000F5FEFFF76BFF641CE4B2AC42F6D3FFF79F
:104C000045FF0120BDE8F0812DE9F04F04469148B1
:104C1000ABB011AFB0E86810299287E868106CC893
:104C20000DAF87E86C0050E91423CDE9272350E944
:104C30001223CDE9252350F8588900F15C031FAFFA
:104C400093E80C109346199350F8682B2A926CC87D
:104C500087E86C0050E91820CDE923200020079058
:104C600008900490059006901B901C9009900A9063
:104C70000B9003900C901D901E901A90E2460846EF
:104C800005F086FB05460E4684F0004005F080FBEB
:104C90002A46334602F0E6FC04F0D8FD6E4F15902C
:104CA0000DAC0222CDE9004707AE01231146029662
:104CB000104604F063FC1BAA29A927A88DE8070069
:104CC00001231A461946022004F058FC1B99079844
:104CD00005F08AFB07F1080528601C99089805F083
:104CE00083FB68600DF10C0905F128010094022393
:104CF000CDE901191A461946184604F03FFC09A9E6
:104D00001FAACDF80090CDE9012102231A461946C9
:104D1000184604F033FC4146099805F065FB4F4CFA
:104D2000594620600A9805F05FFB606019990B985E
:104D300005F05AFBA06051460C9805F055FBE06069
:104D40000DF1940A0223CDE900A40DF1740B1A466B
:104D5000CDF808B01946012004F010FC0DF16808E8
:104D600023A9CDF800B0CDE9011801230222114694
:104D7000184604F003FC2A991A9805F035FB014601
:104D80004FF07E5005F0A4FB1A9023A8CDE9004017
:104D90000222012311460296104604F0EFFB05F1B2
:104DA000080B01238DE840091A461946022004F039
:104DB000E5FBCDF800A0CDE9015801230222114600
:104DC000184604F0DBFB1A99159805F0DDFD1A90E2
:104DD000CDF800B00123CDE901861A46194602201C
:104DE00004F0CCFB0799286805F0FEFA38600899B2
:104DF000686805F0F9FA7860CDF800B0CDE901A94E
:104E0000022301221146184604F0B8FB03991198B9
:104E100005F0BAFD03900499129805F0B5FD0490D1
:104E20000599139805F0B0FD05900699149805F0C2
:104E3000ABFD069005F12800CDF800900223CDE9E6
:104E400001401A461946184604F098FB38682BB002
:104E5000BDE8F08FD8BF0008C40100204C08002036
:104E60002DE9F04F04469348ABB000F178030F46AC
:104E700093E8681011A9299281E8681000F188056B
:104E80000DF134084ECD88E84E00D0E90812CDE986
:104E90002712D0E90A12CDE92512B5E80E1088468E
:104EA000CDF858C0416892469B462A912ECD1FAE40
:104EB00086E82E00D0E90C10CDE9231000200790E1
:104EC00008900490059006901B901C9009900A9001
:104ED0000B9003900C901D901E901A90384605F090
:104EE00057FA06460D4684F0004005F051FA324666
:104EF0002B4602F0B7FB04F0A9FC6F4F15900DACE8
:104F00000222CDE9004707AE012311460296104662
:104F100004F034FB1BAA29A927A88DE80700012368
:104F20001A461946022004F029FB1B99079805F040
:104F30005BFA07F1080528601C99089805F054FAF7
:104F400068600DF10C0905F1200000940223CDE901
:104F500001091A461946184604F010FB09A91FAAB0
:104F6000CDF80090CDE9012102231A4619461846D2
:104F700004F004FB4146099805F036FA4F4C5146BF
:104F800020600A9805F030FA606059460B9805F0E9
:104F90002BFAA06016990C9805F026FAE0600DF146
:104FA000940A0223CDE900A40DF1740B1A46CDF842
:104FB00008B01946012004F0E1FA0DF1680823A9B0
:104FC000CDF800B0CDE901180123022211461846A0
:104FD00004F0D4FA2A991A9805F006FA01464FF01F
:104FE0007E5005F075FA1A9023A8CDE90040022200
:104FF000012311460296104604F0C0FA05F1080B91
:1050000001238DE840091A461946022004F0B6FA39
:10501000CDF800A0CDE9015801230222114618461F
:1050200004F0ACFA1A99159805F0AEFC1A90CDF878
:1050300000B00123CDE901861A461946022004F08A
:105040009DFA0799286805F0CFF9386008996868D3
:1050500005F0CAF97860CDF800B0CDE901A90223C6
:1050600001221146184604F089FA0399119805F0B7
:105070008BFC03900499129805F086FC0490059926
:10508000139805F081FC05900699149805F07CFCB6
:10509000069005F12001CDF800900223CDE90141F1
:1050A0001A461946184604F069FA38682BB0BDE86C
:1050B000F08F0000A0BF0008DC0100205C08002089
:1050C00010B504464FF480710C48FCF7E3FF0C491F
:1050D00018B10020488008800AE063004888012257
:1050E0009B1C834201D9401C488080B2022801D019
:1050F000002010BD0A80012010BD00000008014002
:105100008A000020044908B5CA690243CA61C96916
:105110000140009108BD000000100240044908B59C
:105120008A6902438A6189690140009108BD0000D3
:10513000001002402DE9F047044667480D468442BE
:1051400015D06648844212D0654884420FD0654825
:1051500084420CD06448844209D06448844206D01A
:105160006348844203D0A22162A002F069F9286852
:1051700030F07B4102D010F07B4F03D0A3215DA023
:1051800002F05EF92868C0F30F2797FAA7F0B0FA8B
:1051900080F69AE00120B04038427CD0082E03D23D
:1051A00040F20110B04006E0A6F108014FF00110F6
:1051B000884040F0806081466868082814D12869DA
:1051C00028B1012803D0BE214AA002F039F929698B
:1051D000E2684FEA192090FAA0F0B0FA80F022EAD3
:1051E000192281400A43E260686858B1042809D056
:1051F000082807D0012805D0092803D0C5213DA0E3
:1052000002F01EF9484699FAA9FC04EB1061BCFAB9
:105210008CFC4FEA8C084FF00F0C0CFA08FC99FA42
:10522000A9F06A680B68B0FA80F0800023EA0C03EA
:10523000824013430B6068688A46012801D0092820
:1052400042D1A868022807D0012805D0032803D03E
:10525000CD2128A002F0F4F8E86828B1042803D092
:10526000CE2124A002F0ECF899FAA9FCBCFA8CFC3F
:105270004FEA8C084FF0030C0CFA08FC99FAA9F2DB
:10528000AB68DAF80000B2FA82F2920020EA0C0071
:105290009340184300E017E099FAA9FCBCFA8CFC93
:1052A0004FEA8C084FF0040CCAF800000CFA08FC16
:1052B00099FAA9F1B1FA81F1EB68890020EA0C00B2
:1052C0008B401843CAF80000761C37FA06F07FF4CA
:1052D00061AFBDE8F087000000080140000C01400C
:1052E000001001400014014000180140001C014062
:1052F000002001402E2E2F53544D33324631787802
:105300005F48414C5F4472697665722F5372632F18
:1053100073746D3332663178785F6C6C5F67706977
:105320006F2E630000B5034600F0BCFE186000F06D
:105330008FFE586000F09AFE9860586800F0A4FE56
:10534000D86000BD2DE9FF5F674F0126DFF89C8123
:10535000DFF89C91DFF89CA1DFF89CB10D46044674
:10536000B8420BD0444509D04C4507D0544505D030
:105370005C4503D0CD2161A002F062F86C49286839
:10538000884203D9CE215DA002F05AF8686830B196
:10539000B0F5805F03D0CF2158A002F051F8A86883
:1053A000B0F5805F0AD048B1B0F5405F06D0B0F5E7
:1053B000005F03D0D02151A002F042F8E86848B164
:1053C000B0F5806F06D0B0F5C06F03D0D1214BA0EF
:1053D00002F036F8286948B1042807D0082805D01B
:1053E0000C2803D0D22145A002F02AF8686960B1E8
:1053F000B0F5807F09D0B0F5007F06D0B0F5407FD2
:1054000003D0D3213DA002F01BF8E068C0F3403088
:10541000002864D1E9686868E2680843296941F2B4
:105420000C639A4311430843E060A868216921F4A2
:105430004051014321616869616921F44071014370
:1054400061616846FFF76EFFBC4201D1039808E036
:10545000444505D04C4503D0544501D05C453ED170
:105460000298E0B32968D1B300EBC00202EB00124E
:105470008800B2FBF0F36421B3FBF1F36FF018077F
:105480007B43B2FBF0F5B2FBF0F705EB830532236B
:1054900003EB0515B5FBF1F5B7FBF1F705F0F005EA
:1054A00005EB0715B2FBF0F7B2FBF0F0B0FBF1F043
:1054B00000266FF01802504307EB800003EB00104A
:1054C000B0FBF1F000F00F00284480B2A060A068AB
:1054D000102804D240F2351108A001F0B1FF04B049
:1054E0003046BDE8F09F0000003801400044004015
:1054F00000480040004C0040005000402E2E2F532A
:10550000544D3332463178785F48414C5F4472697C
:105510007665722F5372632F73746D3332663178F0
:10552000785F6C6C5F75736172742E6300000000AD
:1055300020AA44002820FCF79BBE10B5022000F0F2
:1055400011F8032000F020F8002000F014F80020EB
:1055500000F02FF8002000F026F8BDE810400020F1
:1055600000F01BB808B50323009002226B21D02065
:10557000FFF7F8FA08BD08B50223009004221C21A9
:10558000D020FFF7EFFA08BD08B5022300900422EF
:105590001B21D020FFF7E6FA08BD03460122372180
:1055A000D020FFF7C6BA034605226A21D020FFF7B4
:1055B000C0BA034606226B21D020FFF7BABA00001A
:1055C0003EB500211148009101910F4A02910260FD
:1055D00081600173017501244FF460220461C2618E
:1055E0004160FCF779F808B1FBF7F4FB0520CDE941
:1055F00000040720029069460448FBF72BFF0028AF
:1056000001D0FBF7E7FB3EBD002401408C020020E7
:105610002DE9F04186B000243748009401940294AB
:105620000394816941F020018161816901F02001C9
:105630000491816941F004018161816901F00401F3
:105640000491816941F008018161816901F00801DB
:105650000491816941F0100181618069274F00F058
:10566000100040F601050490002229463846FCF758
:1056700039FDDFF88C80002240F608414046FCF7F7
:1056800031FD0095022601250396CDE901546946B6
:105690003846FCF75DFB4FF44060CDE90005032080
:1056A000CDE9024069464046FCF752FB2802CDE9AD
:1056B0000004694638460294FCF74AFB2803009030
:1056C0001048CDE9010569463846FCF741FB082042
:1056D000CDE90005CDE9024669464046FCF738FBB6
:1056E000012202212820FCF7F1FD2820FCF7C0FD53
:1056F00006B0BDE8F0810000001002400008014043
:10570000000C01400000111010B58AB0002422489E
:1057100004940594069407940894099400940194C1
:1057200002944FF08041039401604721C0E90114C5
:105730004FF6FF71C0E903148461FDF78DFC08B1D9
:10574000FBF748FB4FF48050049004A91248FDF782
:10575000EBFD08B1FBF73EFB0F48FEF725FB08B158
:10576000FBF738FB089408A90B480994FDF7DAFB0E
:1057700008B1FBF72FFB0120CDE900400294042281
:10578000694605480394FEF7DBF9002801D0FBF7D2
:1057900021FB0AB010BD0000BC02002010B58CB087
:1057A00024216846FAF7B5FE0024164809941449E6
:1057B0000A94C0E900144FF6FF71C0E90241046188
:1057C00084610320CDE900040120CDE902040494A2
:1057D000CDE90540079469460A480894FDF770FF33
:1057E00008B1FBF7F7FA099409A906480A94FDF7EE
:1057F00099FB002801D0FBF7EDFA0CB010BD0000BA
:10580000000400400403002010B58CB02421684639
:10581000FAF77FFE00241648099414490A94C0E957
:1058200000144FF6FF71C0E9024104618461032056
:10583000CDE900040120CDE902040494CDE905403E
:10584000079469460A480894FDF73AFF08B1FBF748
:10585000C1FA099409A906480A94FDF763FB0028D8
:1058600001D0FBF7B7FA0CB010BD000000080040F3
:105870004C0300201CB500240E4800940C490194F0
:10588000016041F61F41C0E9011463218461C160D8
:10589000FDF7E2FB08B1FBF79DFA00946946054865
:1058A0000194FDF73FFB002801D0FBF793FA1CBDE4
:1058B000001000409403002010B596B000240F940F
:1058C00010941194129413941C2168461494FAF7BE
:1058D00020FE202107A8FAF71CFE34483249C0E90F
:1058E000001440F63F31C0E9024180210461C0E963
:1058F0000541FDF7B1FB08B1FBF76CFA4FF480509E
:105900000F900FA92948FDF70FFD08B1FBF762FAC8
:105910002648FEF7D3FC08B1FBF75CFA139413A9F1
:1059200022481494FDF7FEFA08B1FBF753FA602001
:10593000CDE900040294039404940594002269467E
:105940001A480694FEF7AEFB08B1FBF743FA0422AF
:1059500069461648FEF7A6FB08B1FBF73BFA08229A
:1059600069461248FEF79EFB08B1FBF733FA0C229A
:1059700069460E48FEF796FB08B1FBF72BFA079431
:10598000089409944FF400500A94CDE90B4007A9FC
:1059900006480E94FDF726FA08B1FBF71BFA0348F8
:1059A000FEF758FB16B010BD00340140DC030020A8
:1059B0000C4810B50A4901604FF4E1314160002103
:1059C00081600C22C160C0E904128161C161FEF7EF
:1059D000A5FE002803D0BDE81040FBF7FBB910BDC1
:1059E000003801402404002030B58DB01C216846E9
:1059F000FAF78FFD142107A8FAF78BFD4FF400305A
:105A0000FFF780FB0420FFF789FB40F2044007907A
:105A10000920089003200024CDE909041C4D07A9A2
:105A20002846FFF787FB40F60800079004200890FF
:105A300007A92846FFF77EFB164800680122C0F33D
:105A40000220114600F077F80146262001F0D5FA31
:105A5000262001F0C5FA4FF4E130CDE900040C2016
:105A60000294CDE90340059406940B4C6946204608
:105A7000FFF768FC206920F490402061606920F005
:105A80002A006061E06840F40050E0600DB030BD75
:105A9000000801400CED00E000440040FEE700007B
:105AA000012310B51A4619460CA000F05DF8012339
:105AB000002202210DA000F057F80120FFF700FBA3
:105AC0000028FAD00E494FF0FF3008600D491E2023
:105AD0000870BDE8104000F0FFBC0000436861732F
:105AE000656C696E65204D6F64650000507265736A
:105AF00073204B45592073746172742100000000BB
:105B0000200000201001002010B500210848FEF7F9
:105B100079FC04210648FEF775FC08210448FEF7CD
:105B200071FCBDE810400C210148FEF76BBC000081
:105B3000DC030020FEE730B500F00703C3F10704E3
:105B4000042C00D90424181D072801D2002300E0EA
:105B5000DB1E012505FA04F0401E084098409D40D8
:105B60006D1E1540284330BD08B5491E022909D8CD
:105B700001EB810149060093090E13460A460021F4
:105B800000F002F808BD00002DE9F0411546069C22
:105B90000E46074613B1002000F0EEFB29463046C2
:105BA00000F0F6FB01220649384600F047FC002CC5
:105BB00003D0BDE8F04100F055BCBDE8F081000025
:105BC000C800002010B500F015F800F0CFF8012350
:105BD000BDE810401A46194601A0FFF7C5BF0000F6
:105BE0006F6C656420696E69742073756363657397
:105BF000732100000748816941F00801816106486E
:105C0000016821F0FF010160016841F0330101608A
:105C10007047000000100240040C01402DE9F041E3
:105C200006461448016821F0F0010160016841F066
:105C300030010160104C0027C4F8A0713D464FF0C0
:105C40000108F009C4F8A4017006060E0120FBF754
:105C50009AF8C4F8A0810120FBF795F8C4F8A07168
:105C60000120FBF790F86D1CEDB2082DE9D3BDE8DB
:105C7000F0810000040C01400080214270B5114801
:105C8000016821F0F0010160016841F0300101601C
:105C90000D4C0120C4F8A401D4F8241149B1C4F872
:105CA000A001FBF770F80025C4F8A451D4F8240132
:105CB00008B1002070BD0220FBF765F8C4F8A051C0
:105CC000012070BD040C01400080214270B50F48D6
:105CD000016821F0F0010160016841F030010160CC
:105CE0000B4C0020C4F8A001C4F8A401022004F564
:105CF000D074FBF748F8012525602846FBF743F8E8
:105D00006560BDE870400220FBF73DB8040C01401F
:105D10000080214270B513480024016821F0F00191
:105D20000160016841F0800101600F4D0126C5F856
:105D3000A4613046FBF727F8C5F8A06107E0641CB2
:105D4000E4B2322C03D9FFF7C1FF002070BD01205F
:105D5000FBF719F8D5F824010028F0D1C5F8A00107
:105D6000012070BD040C01400080214210B540F6B6
:105D7000C410401EFDD1AE2200213C2003F058FD8E
:105D8000A62200213C2003F053FDAE2200213C203E
:105D900003F04EFDD52200213C2003F049FD802276
:105DA00000213C2003F044FDA82200213C2003F008
:105DB0003FFD1F2200213C2003F03AFDD3220021A9
:105DC0003C2003F035FD002211463C2003F030FD5D
:105DD000402200213C2003F02BFD8D2200213C209D
:105DE00003F026FD142200213C2003F021FD202297
:105DF00000213C2003F01CFD022200213C2003F086
:105E000017FDA12200213C2003F012FDC822002131
:105E10003C2003F00DFDDA2200213C2003F008FDB8
:105E2000022200213C2003F003FD812200213C20BE
:105E300003F0FEFCCF2200213C2003F0F9FCD92224
:105E400000213C2003F0F4FCF12200213C2003F06F
:105E5000EFFCDB2200213C2003F0EAFC4022002181
:105E60003C2003F0E5FC2E2200213C2003F0E0FC66
:105E7000A42200213C2003F0DBFCA62200213C20D0
:105E800003F0D6FCAF2200213C2003F0D1FC00201F
:105E900000F072FA00F0E6FA034800210180418028
:105EA0000121417110BD0000D00000202DE9F0411A
:105EB0001E4615460F460446FFF7E0FE68B1600631
:105EC000000EFFF7ABFEFFF725FF48B13846FFF79E
:105ED000A5FEFFF71FFF00240CE00120BDE8F081C4
:105EE000FFF7F4FEF9E7305DFFF798FEFFF712FFCA
:105EF00010B1641CAC42F6DBFFF7E8FE0020EDE7D2
:105F0000002802DD00F214507047FDDAA0F21450B0
:105F10007047884200DD0846904200DA104670471C
:105F2000704700002DE9F0472A4C81461F466088E3
:105F30008A4690460025A0B9104603F06FFB06463E
:105F4000384603F06BFB3044322809DAA088401C45
:105F500080B2A0800A2804D901206080A58003E0D7
:105F6000A580608801281ED1E088401C80B2E080B6
:105F7000C82801D9E58065801749184E894512DD8A
:105F80003068143804F0A2FB514604F0CBFB0AD26F
:105F90003068143004F09AFB514604F0C3FC02D27E
:105FA0000220608002E06088022811D12089401C14
:105FB00080B22081642801D92581658008EB070023
:105FC00003F02CFB322803DD65800120BDE8F0875B
:105FD0000020FBE7F800002000E0AB462000002096
:105FE0002DE9F0418046174815460E4600780028F6
:105FF00024D0154C154F608988B938680A3804F0E8
:1060000065FB414604F08EFB09D238680A3004F083
:106010005DFB414604F086FC01D206B91DB16089E2
:10602000012802D00CE001206081361F242E02D30B
:106030002D1F242D04D2002060810120BDE8F081B5
:106040000020FBE701000020F800002020000020D5
:1060500004494968044A01F0F0010909515CC8404B
:106060007047000000100240D2AB000804494968A4
:10607000044A01F4E06102EB11210978C84070473D
:1060800000100240E2AB000804494968044A01F4E8
:10609000605102EBD1210978C840704700100240DE
:1060A000E2AB00080648406810F00C01054805D036
:1060B000042903D0082901D100F006B87047000078
:1060C0000010024000127A000B48416811F480323F
:1060D0000A4909D0B2F5803F06D14168084AC1F3A8
:1060E0004041491CB2FBF1F14068022200F47010FB
:1060F00002EB9040484370470010024000093D0009
:1061000000127A002DE9F04F89B0684C07A8CDE95C
:10611000004004F1260106AB02AA881F01F088FDA9
:106120002088C0057ED5029804F0D0FA6FF01D06D5
:10613000314604F0FEFC80466060039804F0C6FA25
:10614000314604F0F6FC0746A060049804F0BEFA5D
:10615000314604F0EEFC0546E060059804F0B6FA1E
:10616000314604F0E6FC064620610121404604F079
:10617000E0FC294604F00AFB05464FF04048414642
:10618000384604F003FB314604F000FB294604F0D6
:106190002BF904F0FDF801F01BF8DFF814A14FF023
:1061A00066394A46534603F019FE03F04FFB60611F
:1061B000E0680121054604F0BCFC8346294604F052
:1061C000E5FA0546A0684146064604F0DFFA314686
:1061D00004F0DCFA294604F0D7FB4FF07E5104F0BE
:1061E00003F904F0D5F807460D460121606804F074
:1061F000A0FC314604F0CAFA06465846216904F06C
:10620000C5FA314604F0F0F804F0C2F83A462B46DD
:1062100001F028FA4A46534603F0E0FD03F016FB6E
:10622000A06100E03FE021690191084604F0AEFA68
:10623000E16807460846009104F0A8FAA1680646FE
:106240008B46584604F0A2FA6168054688464046E7
:1062500004F09CFA294604F0C7F8314604F094FB98
:10626000394604F091FB04F093F806460D4640468B
:10627000019904F08BFA07465846009904F086FA13
:10628000394604F0B1F8012104F053FC04F080F821
:1062900032462B4601F0E6F94A46534603F09EFD8E
:1062A00003F0D4FAE06109B0BDE8F08F900000205F
:1062B00066A64C40002118B1012803D00020704789
:1062C000034A00E0034A1068116000B27047000002
:1062D000240400402408004010B54221D020FEF7DD
:1062E000E8FA04464121D020FEF7E3FA04EB00204F
:1062F00004F004FAB0F18E4F03DD4FF08F4104F04B
:1063000043FB094904F0E4F804F042F8074A084B5B
:1063100003F0CEFA0022074B03F060FD03F096FA7B
:10632000BDE8104004F096B90000AA43A4703D0AED
:10633000D74342400000244070B5802813D2202962
:1063400011D20B4B012401F007051E79AC40094B1B
:10635000C90800EBC1100EB132B101E0012A03D02F
:10636000195CA143195470BD195C2143FAE7000080
:10637000D00000203C06002028B1FF224FF400711D
:106380000248FAF79CB80022F8E700003C0600201B
:10639000014A108051807047D00000202DE9F0475D
:1063A000814625480D46924601882A781144802965
:1063B00005D28046408869780844202802D300200E
:1063C000BDE8F08700262AE0A9F1200101FB00606A
:1063D0006A68002432F810701DE000BF07FA04F06C
:1063E000000409D5B8F80210B8F800003144204480
:1063F00089B280B252460BE0BAF1000F1AD00022E7
:10640000B8F80210B8F800003144204489B280B2D4
:10641000FFF792FF641C2878A042DFD8761C6878CA
:10642000B042D1D8B8F800102A7848461144A8F8EC
:106430000010C5E70122E3E7D000002070B5154643
:106440000E46044609E02A463146FFF7A7FF2178A9
:10645000884201D0C8B270BD641C20780028F2D1F7
:10646000C0B270BD70B5104D002400BF04F1B00083
:10647000C2B200213C2003F0DBF9002211463C208F
:1064800003F0D6F9102200213C2003F0D1F905EBEE
:10649000C412802340213C2003F0D0F9641CE4B2F4
:1064A000082CE3D370BD00003C06002070470000BC
:1064B000064807494FF08042408808B1C82801D3F8
:1064C0000A607047034808607047000066020020B9
:1064D00024000020000020410A49094808600B49B7
:1064E000094808600B490A4808600C490A480860D6
:1064F0000C490B4808600D490B48086070470000C4
:1065000000803B4620020020000090422402002030
:106510000000FA4528020020000020422C02002042
:1065200000401C45300200200000A0413402002041
:106530002DE9F047154D89462E1D002408B92C6021
:106540003460124F083707F10408B9F1000F02D187
:106550003C60C8F80040002804DD03F05FF83060BC
:106560002C6003E0346003F059F82860B9F10000B2
:1065700006DD03F053F83860C8F80040BDE8F08746
:106580003C6003F04BF8C8F80000F7E734340140F2
:10659000FBF7E0BD30B595B028216846F9F7B9FFA3
:1065A00014210AA8F9F7B5FF18210FA8F9F7B1FFD0
:1065B00001210804CDE90010002502950224049170
:1065C000CDE907404FF4E01009906846FCF7AEF9BA
:1065D00008B172B6FEE70AA90F2081E831004FF436
:1065E0008060CDE90D0502210AA8FCF747F808B143
:1065F00072B6FEE74FF4004011900F940FA8FBF71E
:1066000073FF002801D072B6FEE715B030BD7047A9
:106610000148FDF76CBC0000BC0200200148FDF7FA
:1066200066BC0000940300200148FCF70BBE00008C
:1066300094030020F0B502681C4B1D4D1D4E1E4FEB
:106640001E4C4FF0804C984209D0A04207D06045C4
:1066500005D0A84203D0B04201D0B84204D122F004
:10666000700E4A6842EA0E02984209D0A04207D052
:10667000604505D0A84203D0B04201D0B84203D152
:1066800022F44075CA682A434D6922F080022A43E9
:1066900002608A68C2620A688262984201D0A0429F
:1066A00001D10969016301214161F0BD002C014064
:1066B0000004004000080040000C0040003401408D
:1066C00070B50446194816460D46844213D0184842
:1066D000844210D0B4F1804F0DD0164884420AD0C5
:1066E0001548844207D01548844204D041F692519F
:1066F00013A000F0A5FE65B1042D0AD0082D08D026
:106700000C2D06D03C2D04D041F693510CA000F086
:1067100097FE05F01F010120226A88408243226211
:10672000206A8E403043206270BD0000002C014082
:10673000003401400004004000080040000C00400C
:106740002E2E2F53544D3332463178785F48414CCA
:106750005F4472697665722F5372632F73746D3361
:1067600032663178785F68616C5F74696D2E6300A2
:1067700010B5846842EA032224F47F440A4322438A
:10678000826010BD826822F070020A4342F0070165
:10679000816070472DE9F0470446006A0D46216A82
:1067A00021F0010121626768A169AE6821F07302DE
:1067B000296820F00200DFF880900643DFF87CA013
:1067C00041EA02084C4501D054450ED1E86830B189
:1067D000082804D041F6C42119A000F031FEE86871
:1067E00026F00801084320F004064C4501D054452A
:1067F00019D1A869B0F5007F05D020B141F6D121AB
:106800000FA000F01DFE6869B0F5807F05D020B1B3
:1068100041F6D2210AA000F013FE27F44071686906
:10682000AF69084307436760C4F81880686860630D
:106830002662BDE8F0870000002C014000340140D2
:106840002E2E2F53544D3332463178785F48414CC9
:106850005F4472697665722F5372632F73746D3360
:1068600032663178785F68616C5F74696D2E6300A1
:106870002DE9F0470446006A0D46216A21F0100117
:1068800021626768A1692A6821F4E64141EA022889
:10689000A968DFF8889020F02000DFF884A040EAA3
:1068A00001164C4501D054450FD1E86830B1082895
:1068B00004D041F610311BA000F0C2FDE96826F0BB
:1068C000800040EA011020F040064C4501D05445BC
:1068D0001BD1A869B0F5007F05D020B141F61E316B
:1068E00010A000F0ADFD6869B0F5807F05D020B143
:1068F00041F61F310BA000F0A3FD696927F4406049
:1069000040EA8100A96940EA81076760C4F81880FD
:106910006868A0632662BDE8F0870000002C014093
:10692000003401402E2E2F53544D333246317878A7
:106930005F48414C5F4472697665722F5372632FD2
:1069400073746D3332663178785F68616C5F746937
:106950006D2E63002DE9F0470446006A0D46216A5A
:1069600021F4807121626768E169DFF8949021F079
:106970007302296820F4007041EA0208A968DFF870
:1069800084A040EA01264C4501D054450FD1E86867
:1069900030B1082804D041F65C311BA000F050FD56
:1069A000E96826F4006040EA012020F480664C4546
:1069B00001D054451BD1A869B0F5007F05D020B1A6
:1069C00041F6693110A000F03BFD6869B0F5807FA9
:1069D00005D020B141F66A310BA000F031FD6969A4
:1069E00027F4405040EA0110A96940EA01176760A6
:1069F000C4F81C806868E0632662BDE8F087000088
:106A0000002C0140003401402E2E2F53544D3332C0
:106A1000463178785F48414C5F4472697665722FE1
:106A20005372632F73746D3332663178785F6861A7
:106A30006C5F74696D2E63002DE9F0410446006AB5
:106A40000D46216A21F4805121626668E1692A6855
:106A500021F4E64141EA0228A96820F4005040EA06
:106A600001370E48844202D00D4884420ED1686935
:106A7000B0F5807F05D020B141F6A93109A000F022
:106A8000DFFC696926F4804040EA81166660C4F83C
:106A90001C80686820642762BDE8F081002C0140FA
:106AA000003401402E2E2F53544D33324631787826
:106AB0005F48414C5F4472697665722F5372632F51
:106AC00073746D3332663178785F68616C5F7469B6
:106AD0006D2E630010B5036A046A24F00104046299
:106AE000846924F0F00444EA021423F00A020A4301
:106AF0008461026210BD000070B5056A046A24F06A
:106B0000010404628469124EB0420ED0114EB042AC
:106B10000BD0B0F1804F08D00F4EB04205D00F4ED1
:106B2000B04202D00E4EB04203D124F0030414430D
:106B300001E044F001041A0724F0F00444EA126270
:106B400025F00A0301F00A0119438261016270BD58
:106B5000002C0140003401400004004000080040C7
:106B6000000C004010B5036A046A24F010040462AB
:106B7000846923F0A00324F4704444EA023243EA17
:106B800001118261016210BD30B5046A056A25F009
:106B900010050562856925F4407545EA022222F454
:106BA00070454FF6FF7202EA033224F0A0032A4335
:106BB000A02404EA011119438261016230BD000082
:106BC00070B5054612480088A03803F07FFD0446E2
:106BD000B0F1414F04D2B4F1824F01DA002070BD10
:106BE000284603F0D5FB0B4A0B4B03F0F7F806469B
:106BF0000D460A49204603F0C9FD03F0C9FB3246A1
:106C00002B4602F055FEBDE8704003F0A1B800002D
:106C1000660200209A9999999999B93F0000A0407D
:106C200010B504461048844212D81048007803F08A
:106C300065FD214603F076FD0AD30D480D49006835
:106C4000884205DB0C480078012801D0002010BDE7
:106C50000A4A012000211160121D1160121D1160ED
:106C6000121D116010BD0000000020C210010020A4
:106C7000040100209A991941010000203434014098
:106C8000AFF300800548C168C1F34011002903D06B
:106C90004068C0B200F016BE7047000000500040CF
:106CA00070B5044640684049884204D940F66661A0
:106CB0003EA000F0C5FBE06838B1B0F5005F04D03D
:106CC00040F6676139A000F0BBFB206950B1B0F518
:106CD000806F07D0B0F5C06F04D040F6686133A074
:106CE00000F0AEFB60694FF6F371084200D120B9A5
:106CF00040F669612DA000F0A3FB20680169E268FD
:106D000021F44051114301612169A0680843616980
:106D100008432168CA6841F20C639A430243CA607F
:106D200020684169A26921F44071114341612C49F5
:106D30002068884202D1FBF7C3FD01E0FBF7B0FDFC
:106D400000EBC00101EB0012606864218000B2FB1F
:106D5000F0F3B3FBF1F36FF018067343B2FBF0F5F9
:106D6000B2FBF0F605EB8305322303EB0515B5FB0B
:106D7000F1F5B6FBF1F605F0F00505EB0615B2FBF3
:106D8000F0F6B2FBF0F0B0FBF1F06FF018025043F8
:106D900006EB800003EB0010B0FBF1F0216800F07F
:106DA0000F002844886070BD20AA44002E2E2F5367
:106DB000544D3332463178785F48414C5F447269B4
:106DC0007665722F5372632F73746D333266317828
:106DD000785F68616C5F756172742E6300000000FB
:106DE00000380140AFF300800F48C168C1F3401183
:106DF000002917D040680D49C0B2097807290BD087
:106E00000A290BD00B290BD0082903D0092901D05E
:106E1000152907D1F9F70EBFF9F736BFF9F788BF83
:106E2000F9F75CBF704700000044004011010020EA
:106E300010B5FEF7D9FD054850E8001F41F02001CC
:106E400040E80012002AF7D110BD00000C440040B9
:106E5000AFF300800548C168C1F34011002903D099
:106E60004068C0B202F0FEBB70470000004800401E
:106E7000FEE700002DE9F0413F4A404C1278636A7A
:106E8000012A5FD0072A5DD0082A5BD0022A5BD096
:106E9000092A59D00A2A57D00B2A58D00C2A58D080
:106EA000374A1268E2630844404203F00FFC05468B
:106EB0006063A06B03F06CFA324A334B02F08EFF32
:106EC00002F0C4FC0746284603F062FA2F4A304B12
:106ED00002F084FF05460E46384603F059FA2A466A
:106EE000334602F0E5FC02F0B1FC05460146A06322
:106EF000206C03F079FAE16B03F076FA25492064FF
:106F0000884202DC2449884200D92164A169206CAE
:106F100003F03CFC214903F0DBFA06462846616990
:106F200003F034FC1E4903F0D3FA314603F02CFD84
:106F300020631C4801681C480068FFF771FE0128A7
:106F400009D00AE0E363AEE783F00042AAE7174AFC
:106F5000A8E7174AA6E7002020641648007803280F
:106F600001D0206B04E06168206B03F00FFC20630C
:106F7000BDE8F04103F06EBB3A000020140200208F
:106F800024000020E17A14AE47E1EA3F7B14AE47CB
:106F9000E17AC43F0000FA450000FAC50000C8428B
:106FA0000000C8C20401002004000020000020C12D
:106FB0000000204111010020490050EAC12018BF03
:106FC00004204A0D18BF40F0010040F2FF72B2EBFE
:106FD000515F08BF40F00200012808BF052070473C
:106FE000002809DB00F01F020121914040098000C8
:106FF00000F1E020C0F8001170470907090E0028D1
:1070000004DB00F1E02080F80014704700F00F006E
:1070100000F1E02080F8141D70470907090E0028D0
:1070200004DB00F1E02080F80014704700F00F004E
:1070300000F1E02080F8141D70472DE9F0414F1E4B
:1070400000EBC7010446D1E9000115461E4637F0A2
:1070500006020DD02A46334602F0C0FE7F1E04EB26
:10706000C703D3E9002302F023FC37F00602F1D175
:10707000022F25D0042F13D0062F18BFBDE8F081B2
:107080002A46334602F0AAFED4E90A2302F010FC95
:107090002A46334602F0A2FED4E9082302F008FC97
:1070A0002A46334602F09AFED4E9062302F000FC99
:1070B0002A46334602F092FED4E9042302F0F8FB9C
:1070C0002A46334602F08AFED4E9022302F0F0FB9E
:1070D0002A46334602F082FED4E90023BDE8F0419F
:1070E00002F0E6BB012203F0F6BC02F0E1BB002295
:1070F00013461046114602F097BC0000024A0020D9
:10710000110703F0E8BC000001FDFFFF30380A283A
:1071100001D2012070470020704770472DE9FE4FD3
:1071200007460E460025684601F0E8F800246FF097
:107130000F0AE8464FF0010957F8240056F82410CA
:10714000401A00D5404203F0C1FA514603F0F1FC69
:1071500058F8241011F0FF4F0BD003F0B9F94FF09D
:107160007E5103F011FC0A4920F00040884205DC02
:1071700007E0084908440849884202D309FA04F0A4
:107180000543641C032CD7DB2846BDE8FE8F0000B6
:10719000295C0F3E666666C19A99D90010B507480A
:1071A00007A1438802880948F9F786F801230022DD
:1071B000BDE8104002210548FEF7D6BC660200205B
:1071C000583D256420593D25642020007802002088
:1071D0002DE9F04D8D4F21F0004A86B005460C4652
:1071E000BA452ADBAAEB070028430AD08848824523
:1071F00001DC1AD1CDB106B02846BDE8F04DFFF74D
:1072000071BF844A844B284602F0E8FD07460E46CB
:10721000824A834B2846214602F0E0FD06B03A46FA
:107220003346BDE8F04D02F043BB0120F9F718FAF0
:1072300006B0BDE8F04DFFF75ABF7A48824542DA02
:10724000BAF1795F0BDA2846FFF7B6FE042808BFCB
:10725000FFF754FF284606B02146BDE8F08D2A46C8
:107260000B46104602F0BAFD834602466E480E46B3
:107270000B4606217844FFF7E0FE5A46334602F0FB
:10728000ADFD804669488A465A4633460421784413
:10729000FFF7D3FE5A46334602F0A0FD00223B46DC
:1072A00002F006FB02460B464046514602F0BCFB8C
:1072B0002A46234602F092FD06B02A462346BDE840
:1072C000F04D02F0F5BA284624F0004100223D4678
:1072D0003B4602F081FE4FF0FF3203F0FCFB064616
:1072E000024653480F460B4606217844FFF7A5FE99
:1072F00032463B4602F072FDCDE900014D48324670
:107300003B4604217844FFF798FE32463B4602F0A4
:1073100065FD00222B4602F0CBFA834602913046EF
:10732000394602F05FFA804643480D46504517DC67
:10733000DDE900015A46029B02F076FB42462B46ED
:1073400002F04CFD42462B4602F0B2FA012203F055
:10735000C2FB304A304B02F031FF304A304B4CE038
:107360004FF0000A52460B46404602F0A1FACDE922
:10737000031052462B461046194602F02FFD3246A6
:107380003B4602F029FEDDE9033202F04DFB0646E2
:107390000F46DDE900015A46029B02F045FB834699
:1073A000009101223046394603F095FB194A1A4BE9
:1073B00002F012FE06460F4601224046294603F01F
:1073C0008AFB5A46009B02F009FD32463B4602F01A
:1073D000F5FE06460F4601225046294603F07BFB88
:1073E0000E4DDFF858802A46434602F0F5FD32463E
:1073F0003B4602F0F1FD2A46434602F0EDFD002C2B
:10740000D8BF81F0004106B0BDE8F08D0000F03F2C
:107410000000F07F075C143326A6913C182D4454DD
:10742000FB21F93F0000E03FE04D0000F64D000079
:107430006A4D0000804D00003333EF3FFB21E93FF0
:10744000704700002DE9F84F04460D4621F000403A
:1074500000917349814211DC7249884201DC06D1F6
:107460002CB120462946BDE8F84FFFF73BBE6E48D9
:10747000002DCCBF6D496E49BDE8F88F6D49814242
:1074800011DD6D498142D8BF4FF0FF366DDD2046DA
:107490002946FFF791FD042808BFFFF72FFE20467D
:1074A0002946BDE8F88F6549654F25F000458142C2
:1074B00033DD6449814219DD002632464FF08043B6
:1074C0002046294602F0F4F980468A4601222046E9
:1074D000294603F000FB00223B4602F06FFE4246C5
:1074E000534602F0A1FA04460D463EE00126002272
:1074F000BA463B462046294602F0DAF980460F4656
:10750000002253462046294602F058FE42463B469A
:1075100002F08AFA04460D4627E04B4981421BDD02
:10752000DFF828A10226002253462046294602F011
:1075300055FC00223B4602F0BBF980460F46002274
:1075400053462046294602F039FE42463B4602F0A9
:107550006BFA04460D4608E0032622462B4600201F
:107560003B4902F061FA04460D4622462B4610467E
:10757000194602F033FC8B46824602460B4602F067
:107580002DFC07460246334888460B4606217844C0
:10759000FFF753FD52465B4602F020FC82462E4820
:1075A0008B463A46434605217844FFF746FD3A4666
:1075B000434602F013FC02460B46002E5046594645
:1075C0000CDA02F075F922462B4602F007FC01B0F6
:1075D00022462B46BDE8F04F02F0FEBC02F068F9EF
:1075E00022462B4602F0FAFB1C4A7A4402EBC60301
:1075F000D3E9002302F0E2FD22462B4602F0DEFD35
:10760000174A7A4402EBC603D3E9002302F0E4FCF4
:10761000009A002AB8BF81F00041BDE8F88F000051
:10762000000010440000F07F182D4454FB21F93F66
:10763000FB21F9BF0000DC3F0000203E0000F33FCB
:107640000000F03F0000E63F008003400000F83FEC
:107650000000F0BF7E4B00003C4B0000DA4A000007
:10766000A24A00002DE9F04D9446CCF1000423F02D
:1076700000464CEA0404594F46EAD4749A468846B8
:1076800021F00042BC4206D8454240EA050442EAE5
:10769000D474BC4204D9BDE8F04D6246FFF725BD65
:1076A000AAF14055A5F17F6555EA0C040BD00224E0
:1076B00004EAAA744A4DDFF82CE144EAD87452EA8D
:1076C000000B04D00CE0BDE8F04DFFF7BBBE002C72
:1076D00014BF012CBDE8F08D022C30D0032C32D029
:1076E00056EA0C0B0AD0BE4220D1BA4209D126F08C
:1076F000804622F080423346114617E000291ADB0B
:1077000025E0DFF8E4B0FB44002C04BFDBE9000116
:10771000BDE8F08D012C02BFDBE9000181F00041E2
:10772000BDE8F08D022C0AD0032C0CD0BA4212D145
:10773000B8F1000F0BDA2A482C49BDE8F08D284635
:107740002B49BDE8F08D28467146BDE8F08D2448F0
:107750002849BDE8F08D921B12153C2AC4BF204F6A
:10776000244E10DCBAF1000FBEBF12F13C0F00270F
:107770003E4608DB624602F057F921F00041FFF770
:1077800061FE07460E4694B1012C08BF86F0004604
:107790000DD0194A194B022C3846314615D002F04B
:1077A0000DFD2A46BDE8F04D114B02F007BD002249
:1077B00013463846314602F08FFA04BF0220F8F72C
:1077C0004FFF38463146BDE8F08D02F0F7FC2A46FF
:1077D000BDE8F04D064B02F0FFBB00000000F07F5B
:1077E000182D4454FB2109C0364A0000FB21F9BF83
:1077F000FB210940FB21F93F075C143326A6A13C7D
:1078000010B52820FAF702FD00F07EF801F02AF802
:1078100001F020F8FEF778F9F9F7C4FAF9F7CEFA93
:107820004FF49670FAF7F0F9FDF787FEF9F7F0F8E4
:10783000FEF7C8F9BDE81040F9F79EB810B5FFF79C
:10784000F7FABDE81040FEF7EFBE000070B51A4829
:107850000124014603898A89002173B1142A11D9B0
:1078600081818578154A164B6DB1D3F8AC61F6B1BC
:107870005FF00006C3F8AC6109E0B2F5967F01D96C
:107880008181048170BDD2F88C4174B10024C2F8AA
:107890008C414489641CA4B24481062CF2D145B1C8
:1078A000C3F8AC114181018170BD0124EFE70126CD
:1078B000E0E7C2F88C11F5E7D800002000802142F3
:1078C0000000214230B5012300220D49242803D0B5
:1078D0004C78012C02D009E04B708A60094D8C680D
:1078E0002328285502D10B704A70CC608868401C50
:1078F0008860502802DB8A604A700A7030BD000040
:10790000380000200C0500204FF0E020016921F034
:107910000401016103480921017042F228314180CC
:1079200070470000860000200B49498848434FF00B
:10793000E021486100228A61086940F00100086185
:107940000869C30701D0C003FAD5086920F0010017
:1079500008618A6170470000860000200B490978A1
:1079600048434FF0E021486100228A61086940F0F5
:10797000010008610869C30701D0C003FAD508698E
:1079800020F0010008618A61704700008600002035
:1079900008B560B120208DF8000028208DF8010086
:1079A00030208DF8020038208DF8030004E0A32277
:1079B00004216846F8F783FD6A46042140F69E20BC
:1079C00001F0B2FD01F078FA08BD00003EB50446B2
:1079D00002208DF80000CA208DF80100E3208DF808
:1079E000020009208DF803006A460421682001F096
:1079F0009BFDA3208DF80000610609D5C0218DF8FC
:107A00000110C8218DF80210C2218DF8031005E085
:107A10008DF801008DF802008DF8030014F4C07F8A
:107A200009D0C4218DF80410CC218DF80510C62191
:107A30008DF8061005E08DF804008DF805008DF82E
:107A400006008DF808008DF807008DF809006A46D9
:107A50000A2140F6A72001F067FDA0074FF0D805E6
:107A600003D020208DF8000001E08DF800506A4618
:107A7000012140F6B62001F057FDA00601D50120F6
:107A800000E0002000F08EF814F4C07F1ED0E00566
:107A90000AD5B2208DF800008B208DF80100B620A9
:107AA0008DF802009B2009E0B0208DF800008020B6
:107AB0008DF80100B4208DF8020090208DF80300AD
:107AC0006A46042140F6A22001F02EFDE1074FF4A2
:107AD0000B6022D0F8218DF800106A46012101F0D8
:107AE00023FDFA21072000F049FB072000F014FBDA
:107AF000012000F031FB642000F0D4FB4FF4FA7059
:107B000000F0E0FBC821254800F0CEFA282000F064
:107B1000E3FA0A2000F0F0FA05E08DF800506A461A
:107B2000012101F001FDA00703D5D9208DF8000047
:107B300001E08DF800506A46012140F23D7001F0ED
:107B4000F3FC600701D5012000E0002000F048F8B8
:107B5000E00601D5012000E00020FFF719FF104DDD
:107B600044F00800688101F0A7F90020A8736006BE
:107B700001D50620A87314F4C07F02D0A87B801D15
:107B8000A87314F0140F02D0A87B1030A873A007BC
:107B900002D0A87B001DA87300203EBD09E3CA02E5
:107BA0003C0800200EB54FF4976310B106A107C939
:107BB00001E008A207CA8DE807006A4609211846B5
:107BC00001F0B2FC0EBD0000B8AAB38DB4980D351B
:107BD0005D000000B8AAAAAAB088C3C5C70000000B
:107BE00008B560B1C0208DF80000C2208DF80100FA
:107BF000C4208DF80200C6208DF8030004E08B221B
:107C000004216846F8F75BFC6A46042140F6982098
:107C100001F08AFC01F050F908BD0000C8234FF4C0
:107C20008062024940F6F63001F028B8A8B3000897
:107C30002DE9FF4F89B01746DDE916520024544E56
:107C4000884681462C80A246B07B694601F0C2F886
:107C50004FF0FF3B18B158460DB0BDE8F08F70896A
:107C600010F0140F4CD0BDF800109DF8022049BA56
:107C7000090441EA02239DF803100B433B60BDF861
:107C800004109DF8062049BA090441EA02229DF831
:107C900007101B140A437A60BDF808109DF80A40CB
:107CA00049BA090441EA04219DF80B40121421430A
:107CB000B960BDF80C409DF80EC064BA240444EAD3
:107CC0000C2C9DF80F4009144CEA040CC7F80CC0AA
:107CD0004FEA2C475B43494302FB023207FB071183
:107CE00011441024A1F17061B1F1007F04D901F0B9
:107CF000E3F8A5F800A0AEE7298841F48071298057
:107D00004206694611D50A19A41D13885BBAA8F862
:107D1000003053885BBAA8F80230928852BAA8F8AB
:107D200004202A8842F008022A8010F4C07F11D073
:107D30000A19A41D13885BBAA9F8003053885BBAEE
:107D4000A9F80230928852BAA9F804202A8842F091
:107D500070022A80800716D00C44E07800F0C0053D
:107D600000F03F016078C00706D0C80801F00701A5
:107D70003268491C02B190476078000703D57168EA
:107D800009B1A80988470C9801F04CFC002063E772
:107D90003C0800202DE9FF41044603A800F024FE22
:107DA000BDF80C00410CC3032F48008900F003020A
:107DB00054F82250420700D56D42C0F3C102860636
:107DC00054F8222000D55242C0F38116C00554F861
:107DD000264000D56442A5FB0367E81700FB03704B
:107DE00005FB0100850045EA9670A2FB0367D517E5
:107DF00005FB037502FB0152950045EA9672A4FB50
:107E00000367E51705FB037304FB01318B0043EAAD
:107E10009671030E8DF80030030C8DF80130030AC3
:107E20008DF802308DF80300100E8DF80400100C50
:107E30008DF80500100A8DF80600080E8DF8080070
:107E4000080C8DF80900080A8DF80A008DF8072043
:107E50008DF80B106A460C214FF4257001F064FB7D
:107E600004B0BDE8F08100003C08002030B50446B5
:107E700013A285B007CA8DE807004FF0FF35C82C64
:107E800016D8C820B0FBF4F1491E080A8DF80C0082
:107E90008DF80D1003AA022140F2162001F044FBD8
:107EA00030B96A460C2140F6C12001F03DFB10B10B
:107EB000284605B030BD054884810020F9E7000060
:107EC000FEF2ABC4AAF1DFDFBBAFDFDF3C0800206E
:107ED000F8B53049098901F0030250F822404A07F9
:107EE00000D56442C1F3C1028B0650F8222000D5B0
:107EF0005242C1F3811350F82330C80500D55B42CC
:107F0000254984FB0140850045EA947082FB0142CB
:107F1000A40F44EA820483FB0121950F45EA810501
:107F2000010E8DF80010010C8DF80110010A8DF87A
:107F300002108DF803006A4604214FF4747001F0BA
:107F4000F3FA4FF0FF3688B9200E8DF80000200CB0
:107F50008DF80100200A8DF802008DF803406A4672
:107F600004214FF4757001F0DFFA08B13046F8BD16
:107F7000280E8DF80000280C8DF80100280A8DF8D5
:107F800002008DF803506A4604214FF4767001F028
:107F9000CBFAF8BD3C08002009E3CA022DE9FF41F5
:107FA00004463CA004F00303006802903AA0006875
:107FB00003903AA006683AA0056802A8C15C8DF853
:107FC0000010C4F3C101425C8DF80120C4F381129A
:107FD000805C8DF8020003A8C35C8DF80430415C1E
:107FE0008DF80510805C8DF806006A46032140F28A
:107FF000264001F099FA4FF0FF37E0BB01AA0321B8
:1080000040F22A4001F090FAA8BBCDE90065600774
:108010000BD59DF8000040F001008DF800009DF8A0
:10802000040040F001008DF80400A0060BD59DF877
:10803000010040F001008DF801009DF8050040F0BE
:1080400001008DF80500E0050BD59DF8020040F019
:1080500001008DF802009DF8060040F001008DF847
:1080600006006A4603214FF4886001F05DFA10B9FA
:1080700001AA032100E004E040F2314001F054FA8B
:1080800018B1384604B0BDE8F081064804810020EC
:10809000F8E700004CCD6C000CC92C003656760079
:1080A000264666003C0800204FF47A7290FBF2F0FE
:1080B00008B54843010E8DF80010010C8DF8011031
:1080C000010A8DF802108DF803006A4604214FF46E
:1080D000AE7001F029FA08BD0521B0FBF1F008B53A
:1080E000010A8DF800108DF801006A4602214FF454
:1080F000AD7001F019FA08BD0521B0FBF1F008B52B
:10810000010A8DF800108DF801006A4602214FF433
:10811000AC7001F009FA08BD08B500218DF8001017
:10812000C10702D030218DF80010810705D59DF8D8
:10813000001041F00C018DF80010400705D59DF8A6
:10814000000040F003008DF800006A4601214FF462
:10815000A47001F0E9F908BD08B560B1042800D9A0
:108160000420401E8DF800006A46012140F24F10A5
:1081700001F0DAF908BD0120F3E700002DE9FC4128
:10818000054640074FF0FF367CD0B1F5C86F79D86F
:10819000084602F0B3FA3E4902F09AF9074601A8F0
:1081A00000F004FC9DF80400022806D004280DD03D
:1081B00008282ED0102865D134E00E21384602F070
:1081C000B8FC02F063FA84B2324907E00D21384668
:1081D00002F0AFFC02F05AFA2F4984B2384602F09E
:1081E000D5FA02F053FA210A8DF8001080B28DF80A
:1081F0000140010A8DF802108DF80300E8076C4673
:1082000020D0224602214FF4EA7001F08DF9C8BB5C
:1082100011E00C21384602F08CFC02F037FA84B2EF
:108220001E49DBE70B21384602F083FC02F02EFAF0
:1082300084B21B49D2E7A21C02214FF4927001F0D4
:1082400073F9F8B9A8070DD56A4602214FF4EC700E
:1082500001F06AF9B0B9A21C02214FF4947001F048
:1082600063F978B9680710D56A4602214FF4EE70B9
:1082700001F05AF930B9A21C02214FF4967001F0B6
:1082800053F910B13046BDE8FC810020FBE7000047
:1082900000004843000040460000C0450000404543
:1082A0000000C0440521B0FBF1F008B5010A8DF8CB
:1082B00000108DF801006A4602214FF4EF7001F0C2
:1082C00033F908BD0521B0FBF1F008B5010A8DF8BE
:1082D00000108DF801006A4602214FF4ED7001F0A4
:1082E00023F908BD04490A685206FCD5024AC1B206
:1082F000121D116070470000003801402DE9FE4357
:108300000646264801AB042240680D21007800F0A3
:108310003FFA10B10720BDE8FE839DF804101C2031
:1083200000EAD1029DF80710DFF87490C1F3011341
:108330001A438DF800209DF80520C1F3810300EA5F
:10834000D2021A438DF801209DF8062001F00301A6
:1083500000EAD20008430024124F8DF80200A04624
:108360006D46285D10B146F824900AE046F8248056
:108370000DE000BF56F82400394602F007FA46F82F
:108380002400285D401E10F0FF002855F2D1641C27
:10839000E4B2032CE5D30020BDE700001401002067
:1083A0007B14AE3E1D5A843F2DE9FE4F0546012049
:1083B000C14E8DF800004FF000088DF80180306844
:1083C0000C461746817C70686B460222007800F0EC
:1083D00017FA4FF0FF3A00287AD1C820FFF7A4FA25
:1083E0008DF8008030686B460122C17B7068007890
:1083F00000F006FA0028EFD130686B46012241797F
:108400007068007800F0FCF90028E5D130686B4610
:108410000122817C7068007800F0F2F90028DBD13D
:1084200030686B460122C17D7068007800F0E8F981
:108430000028D1D130686B4601220179706800783C
:1084400000F0DEF90028C7D14FF00C098DF800903C
:1084500030686B46012201797068007800F0D0F92D
:10846000002835D10F20FFF75FFAB06A6B46012272
:10847000407A8DF80000306881787068007800F0EC
:10848000BFF9002824D1B06A6B460122007A8DF82A
:108490000000306841787068007800F0B1F9002879
:1084A00073D1B06A807A0FB140F0E0008DF800001F
:1084B00030686B46012281797068007800F0A0F97D
:1084C000002862D12FB1B06AC07A40F0E00001E02C
:1084D0004AE018208DF8000030686B460122C1790F
:1084E0007068007800F08CF9F0BB17B1C820FFF776
:1084F0001BFA40208DF8000030686B46012201799C
:108500007068007800F07CF970BB78208DF800006E
:1085100030686B46012241797068007800F070F98C
:1085200010BB3220FFF700FA8DF800803068474614
:108530006B46417970680122007800F061F998B9C2
:1085400031687068B046897A00786B46022200F084
:108550001FF948B9BDF80000AF6040BAB0FBF9F0B0
:108560006F60C6B22F6000E00FE0A7606760276011
:10857000002739E0D8F80010D8F804006B46C97A13
:1085800000780C2200F004F910B15046BDE8FE8FCF
:10859000BDF80000236840BA00B2BDF80210BDF873
:1085A00004201844206049BA606809B20844606039
:1085B00052BAA06812B21044A060BDF806002B6841
:1085C00040BA01B2BDF80800BDF80A20194429607C
:1085D00040BA696800B20844686052BAA86812B22A
:1085E00010447F1CFFB2A860B742C3D3286883221F
:1085F000C117090441EA104100040023F7F72BFEDC
:1086000032460023F7F727FE286068688322C117E7
:10861000090441EA104100040023F7F71CFE32462A
:108620000023F7F718FE6860A8688322C1170904C1
:1086300041EA104100040023F7F70DFE3246002303
:10864000F7F709FEA86020684FF40065C117090418
:1086500041EA104100042A460023F7F7FCFD3246A8
:108660000023F7F7F8FD206060682A46C117090467
:1086700041EA104100040023F7F7EDFD32460023E4
:10868000F7F7E9FD6060A0682A46C117090441EACE
:10869000104100040023F7F7DEFD32460023F7F710
:1086A000DAFDA060002802DDA0F5803001E000F5D1
:1086B0008030A060002069E7140100202DE9F84F08
:1086C00081462E488846002540686B460322007884
:1086D0000D2100F05DF810B10720BDE8F88F9DF87E
:1086E0000000002400F01F008DF800009DF801003C
:1086F0006FF00F0B00F01F008DF801009DF80200D5
:108700006E4600F01F008DF802004FF0010A00BF16
:1087100059F8241058F82400081A00D5404201F0F6
:10872000D5FF594602F005FA0746305DC0B114483E
:1087300002E0144902F02AF8315D491E11F0FF01F0
:108740003155F6D10146384601F0C2FE4FF07E5158
:1087500002F01AF90C4920F00040884205DC07E0DD
:108760000A483844B0F1D97F02D90AFA04F0054327
:10877000641C032CCCDB2846AFE70000140100206A
:108780000000C84154E3853F295C0F3E0000E0BE75
:108790002DE9F0411D4614460F460646FCF74EF9FA
:1087A000B0B17006000EFCF719F9FCF78FF990B123
:1087B0003846FCF713F9FCF789F9FCF73FF901207B
:1087C00000EB4600C0B2FCF709F9FCF77FF90FE0B7
:1087D0000120BDE8F081FCF759F9F9E7012C0DD033
:1087E0005FF00100FCF7C4F8641E05F8010BE4B269
:1087F000002CF3D1FCF74AF90020EAE70020F1E76A
:108800002DE9F0411E4615460F460446FCF716F9C1
:1088100068B16006000EFCF7E1F8FCF757F948B1C3
:108820003846FCF7DBF8FCF751F900240CE0012096
:10883000BDE8F081FCF72AF9F9E7305DFCF7CEF8E6
:10884000FCF744F910B1641CAC42F6DBFCF71EF9EE
:108850000020EDE702490020C1F8AC01704700009C
:108860000000214202490020C1F88C01704700003D
:108870000080214290F90010002902DD4FF0000035
:10888000704702DA4FF00400704790F90110002998
:1088900002DD4FF00100704702DA4FF0050070472B
:1088A00090F90200002802DD4FF00200704702DA62
:1088B0004FF0060070474FF007007047F9F752FC81
:1088C000FDF768FEFCF7A4FEFCF768FFFCF79CFFD1
:1088D000FCF7D0FFFCF7F0FFFDF76AF8FCF770FE3D
:1088E000FCF712FFFEF78CFFFDF7DAF8FEF7A6FFA4
:1088F000FCF720FE0123002202210BA0FDF734F932
:108900000E4C0120FCF7DCFB10B920780128F8D0D0
:108910000020207002460123022109A0FDF724F95E
:10892000FEF73CFCFCE7000070757420646F776E06
:10893000206B65792073746172742100010000203E
:10894000737461727420636F6E74726F6C21202077
:1089500020202020202000002DE9F041124C20F0A2
:108960000101002594F8240010B10020BDE8F08139
:10897000A07A4FF0FF3668B10840277C2074884207
:1089800000D0354641B1012000F000FF00F094FA1C
:1089900038B127743046E9E7207D00B1012000F0AE
:1089A000F5FE2846E2E70000140100200D494A7A4E
:1089B00042B1012A08D0022A0FD0032A0FD04FF06B
:1089C000FF307047022200E004220270C97C11B11E
:1089D0001106C90D0170002070470822F5E710222A
:1089E000F3E70000140100200F494A7A42B1012A3E
:1089F00009D0022A11D0032A12D04FF0FF3070475D
:108A00004FF4804201E041F69C720280C97C11B1B2
:108A1000C2F34E010180002070474FF48052F4E70A
:108A20004FF40062F1E70000140100200B49097ABD
:108A300039B1012907D002290AD003290BD000211E
:108A400003E0FA2101E04FF4FA7101800020704741
:108A50004FF47A71F9E74FF4FA61F6E71401002058
:108A60000A49097A41B1012908D002290AD003290B
:108A70000AD04FF0FF307047054900E0054901601A
:108A8000002070470449FAE70449F8E71401002080
:108A900000000343000083423333034233338341F6
:108AA0000C49C97A072913D2DFE801F01204060A3B
:108AB0000C0E1000BC2100E06221018000207047F4
:108AC0002A21FAE71421F8E70A21F6E70521F4E75D
:108AD0000021F2E714010020054991F8242012B189
:108AE0004FF0FF307047C9890180002070470000B7
:108AF000140100202DE9FC414C4C80208DF8000031
:108B000020686B460122817C60680078FFF778FE60
:108B10004FF0FF37002832D16420FEF705FF002513
:108B20008DF8005020686B460122817C60680078D7
:108B3000FFF766FE002870D120686B460622817D13
:108B400060680078FFF724FE002866D19DF80500D4
:108B50009DF80310C007400F01F0010140EA4101F8
:108B60009DF801004FF0010600F00100014309D01B
:108B7000012905D0022915D02DA0F7F791FB4CE073
:108B8000E67410E020686B460122C17860680078C6
:108B9000FFF7FEFD40BB9DF8000010F00F0020D055
:108BA000042822D0E574FF2004F80A0F4FF6FF7165
:108BB00004F8020C04F8010C6070A180A07120720E
:108BC000A67026766576E572A572E5602561656119
:108BD000A576E576A5834FF4FA6000F06BFB18B933
:108BE00007E01D48F7F75CFB17E01CA0F7F758FB00
:108BF000C6E7022000F080FA78B92A2000F0C2FB14
:108C000058B9322000F0F4FB38B90020FFF7A4FE79
:108C100018B9002000F0A4FA10B13846BDE8FC8174
:108C2000002000F025FC0020F8E7000014010020DF
:108C3000556E737570706F7274656420736F6674AF
:108C4000776172652070726F6475637420726576E7
:108C50002025642E0A00000048C1000848616C66A7
:108C60002073656E736974697669747920706172B6
:108C70007420666F756E642E0D0A00002DE9FF4F9B
:108C8000DFF89480064685B098F8250015460F4613
:108C90004FF0FF39B0BBAFB3002420E0301B1028E9
:108CA00000DD102080B283463A19014692462046E4
:108CB00000F03AFC30BB6A465946204600F0D2F834
:108CC00000BB50465A466946F7F7CDFB20B16FF01E
:108CD000010009B0BDE8F08F04EB0B0084B2B44290
:108CE000DCD3280A8DF810008DF81150D8F8000058
:108CF000444604AB817ED8F8040002220078FFF7D6
:108D00007FFD08B14846E4E7012084F82500089873
:108D1000E0840020DDE70000140100202DE9F84385
:108D200005464FF0FF39282844D80727284C00264D
:108D30007DB1012000F0F4FA20208DF800004FF002
:108D40000108012D17D0052D18D88DF801800520B8
:108D50001FE0002000F0E4FA8DF800608DF801704B
:108D600020686B460222817C60680078FFF748FD2E
:108D700000BB267529E08DF80160E8E7142D04D8C2
:108D800002208DF801000A2003E003208DF8010085
:108D9000142000F0F7FA9DF801006B4607EB8010F5
:108DA0008DF8010020680222817C60680078FFF75E
:108DB00027FD10B14846BDE8F8830820A07226734D
:108DC00084F814800020FFF7C7FD0020F3E70000BF
:108DD000140100202DE9F843214C0646174694F86B
:108DE000240089464FF0FF3890B3A07A80B3206802
:108DF0006B460222817A60680078FFF7C9FC38BBB5
:108E0000BDF8000045BAB54202D2002038701FE01C
:108E100060684188B5EB510F11D9216800786B4625
:108E2000497C0122FFF7B4FC90B99DF80000C00610
:108E300005D500F041F86FF00100BDE8F883206827
:108E4000F2B24B46C17A60680078FFF7A1FC08B126
:108E50004046F2E7B5FBF6F0401E38700020ECE724
:108E600014010020F8B516000D464FF0FF371FD053
:108E7000104CA17AE1B1010A8DF80010C0B28DF852
:108E80000100411960684289914211D82168007837
:108E90006B46097E0222FFF7B3FC48B92068EAB2AC
:108EA0003346417D60680078FFF772FC002800D0EF
:108EB0003846F8BD14010020F8B5524C4FF0FF368B
:108EC000A07A00287CD000258DF8005020686B46E1
:108ED0000122C17B60680078FFF792FC00286FD107
:108EE00020686B460122417960680078FFF788FCB2
:108EF000002865D120686B460122017960680078FE
:108F0000FFF77EFC00287AD194F82400C8B30C2027
:108F10008DF8000020686B460122017960680078B6
:108F2000FFF76EFC00286AD1C0208DF80000A07AFF
:108F3000C00702D0E0208DF8000020686B460122B7
:108F4000017960680078FFF75BFC002857D1607CEE
:108F500018B102208DF8000001E08DF80050206863
:108F60006B460122C17B60680078FFF749FC38BB83
:108F70008DF8005020686B460122417960680078C6
:108F800039E0FFE704208DF8000020686B460122DD
:108F9000017960680078FFF733FC88B9A07C80B95C
:108FA000A07AC0070DD060208DF8000020686B46C5
:108FB0000122017960680078FFF722FC00B902E025
:108FC0001DE04020F0E7607C18B101208DF8000022
:108FD00001E08DF8005020686B460122C17B60687B
:108FE0000078FFF70DFC50B92068064B012241794B
:108FF000606810330078FFF703FC002800D030468B
:10900000F8BD0000140100202DE9F047394C8246DC
:109010008AB094F824000F4620B1002000F00EF929
:10902000012600E0002607A8FFF700FD06A8FFF7CD
:10903000BDFC09A8FFF734FD08A8FFF74DFD94F823
:109040000A9094F810800025002239465046FFF718
:10905000ABF910B16D1C022DF6DB022D1AD00025E4
:10906000012203A96846FFF79FF910B16D1C022D7C
:10907000F6DB022D0ED003A93846FEF74FF8C7B233
:1090800069465046FFF71AFB10F0FF0F4FF000053E
:1090900002D002E0002503E001250FB945F00205EA
:1090A000FF2020726072E0724FF6FF71E181A072C2
:1090B000207401202073BDF81C0000F0FBF89DF81F
:1090C000180000F019F8BDF8240000F05BF9BDF8B5
:1090D000200000F08DF9484600F0CAF94046FFF73D
:1090E0003BFC16B1012000F0A9F80AB02846BDE803
:1090F000F08700001401002038B5184C4FF0FF3500
:10910000A17A19B3022806D0042806D008280ED068
:1091100010281BD10DE0002000E008208DF8000091
:10912000607A9DF80010B0EBD10F04D005E010205C
:10913000F4E71820F2E7002038BD20686B460122D2
:10914000C17960680078FFF75BFB08B1284638BD3D
:109150009DF80000C0086072EDE7000014010020D7
:10916000F8B5354C0546A07CA84201D10020F8BDD9
:1091700031484FF0FF366B46D0E900104FF0010246
:109180000979007835B3FFF703FB70BB9DF8000049
:109190006B4620F020008DF8000020680122017944
:1091A00060680078FFF72CFBF8B90320FEF7BCFBE2
:1091B00002208DF8000094F8220078B382202BE082
:1091C00020686B460122017D60680078FFF718FB7C
:1091D00058B92EE0FFF7DCFA38B9A07AC0079DF83D
:1091E000000003D040F0200002E00CE020F020005E
:1091F0008DF8000020686B460122017960680078D4
:10920000FFF7FEFA08B13046F8BD0320FEF78CFBED
:1092100094F8220000B180208DF8000094F823001B
:109220000028CDD09DF8000040F030008DF80000FF
:10923000C6E7A5749AE700001401002038B51C4C5D
:1092400094F8241081421DD0002500B394F8250025
:10925000D0B1002000F09AFA0020FFF781FFE08CE7
:1092600000F0C6F88DF8005060686B460122007867
:109270002321FFF7C5FA012084F8240000F086FAC4
:10928000FFF71AFE002038BD4FF0FF3038BD002038
:1092900000F07CFA207C8DF8000060686B460122AB
:1092A00000782321FFF7ACFA84F82450E8E70000A7
:1092B0001401002038B5194C4FF0FF35A17A31B3B5
:1092C000FA2809D0B0F5FA7F08D0B0F57A7F0FD030
:1092D000B0F5FA6F1BD10DE0002000E008208DF8FA
:1092E0000000207A9DF80010B0EBD10F04D005E00B
:1092F0001020F4E71820F2E7002038BD20686B4604
:109300000122817960680078FFF77AFA08B128466F
:1093100038BD9DF80000C0082072EDE71401002060
:1093200038B5174C054694F82300A84201D1002017
:1093300038BD0DB1302000E000208DF80000A07C89
:1093400028B19DF8000040F002008DF8000094F86C
:10935000220028B19DF8000040F080008DF8000048
:1093600020686B460122017D60680078FFF748FAAB
:1093700010B14FF0FF3038BD84F82350D7E700001C
:109380001401002038B5194C4FF0FF35A17A31B3E4
:10939000BC2801D3012010E0622801D302200CE098
:1093A0002A2801D3032008E0142801D3042004E074
:1093B0000A2801D3052000E006208DF80000E07A9D
:1093C0009DF80010884201D1002038BD20686B460E
:1093D0000122817860680078FFF712FA08B1284608
:1093E00038BD9DF80000E072EEE700001401002097
:1093F000F8B51E4D04464FF0FF37A87A48B395F8EC
:10940000240030BB287D4FF47A7648B164B1282C13
:1094100003D8E0B2FFF782FC26E00020FFF77EFCD5
:10942000042C05D2042406E00020FFF777FCF9E7BE
:10943000B44200D93446B6FBF4F0401E8DF800006B
:1094400028686B460122417868680078FFF7D8F9F0
:1094500008B13846F8BD9DF80000401CB6FBF0F09E
:10946000E8814008FFF78EFF0020F8BD14010020BE
:10947000F8B5054610F0700F4FF0000601D001203E
:1094800004E015B18DF8006002E040208DF8000086
:10949000244C6B4601222068817C60680078FFF7CD
:1094A000AFF94FF0FF3760BB9DF8000020F040009F
:1094B00020738DF80060680602D404208DF8000047
:1094C000A80605D49DF8000040F002008DF80000C9
:1094D000E80605D49DF8000040F001008DF800007A
:1094E000280705D49DF8000040F038008DF80000F2
:1094F00020686B460122C17C60680078FFF780F924
:1095000010B1A6723846F8BD25B1082D02D0002052
:10951000FFF706FFA57226753220FEF705FA002038
:10952000F8BD000014010020F8B516000D464FF0FC
:10953000FF371FD0104CA17AE1B1010A8DF800105D
:10954000C0B28DF80100411960684289914211D87A
:10955000216800786B46097E0222FFF751F948B96D
:109560002068EAB23346417D60680078FFF748F929
:10957000002800D03846F8BD140100202DE9F05F26
:109580009946DDF82CB00D46824691422ED1002737
:1095900028E0002423E00C9909FB07F0002201EBEE
:1095A0008008164648F8242016E000BF09FB06F0A4
:1095B0000BEB80000A9A50F8241005FB07F002EB31
:1095C000800050F8260001F0E1F858F8241000F06F
:1095D0000BFF48F82400761CAE42E7DB641C4C45C8
:1095E000D9DB7F1C5745D4DBBDE8F09FBDE8F05FB9
:1095F00001A0F6F755BE00004572726F723A204D19
:109600006174726978206861732077726F6E672069
:1096100064696D656E73696F6E732100002800DAEE
:10962000404270477047000010B50A480A4C0021BC
:10963000036801220948A34202DA8270017110BD59
:109640000379002BFBD1817002710548C0F8AC1181
:1096500010BD0000040100209A991941D800002093
:1096600000002142F0B42849002401258B78274AC4
:109670000B2B0BD2DFE803F0060C131626292C2F38
:1096800032353900AA2801D18D701070F0BC7047B6
:109690005528FBD10220887055205070F6E7907055
:1096A000032020E0D07004228A7000EB4000888004
:1096B0000A30FF28EAD98C808C70F0BC91011348E5
:1096C000F6F727BF107105200DE0507106200AE063
:1096D0009071072007E0D071082004E01072092083
:1096E00001E050720A208870D0E7CB7803F10A06B7
:1096F0005B1C9055D8B2C8708A889042C6D30D7052
:10970000CC708C808C70C1E770020020980800201B
:1097100010B588B0694604A8FFF776FC072832D157
:1097200007A8FFF79DF9049800F0D0FF07990C46B1
:1097300001F02CF800F08EFF0490059800F0C6FFB1
:10974000214601F023F800F085FF0590069800F00F
:10975000BDFF214601F01AF800F07CFF069004A836
:10976000FEF7B6FB03A8FFF73FF9BDF80C00009920
:109770004143009101994143019102994143684657
:109780000291FEF707FB08B010BD0000F8B5144CBD
:109790000146224694F82460D2E9000200235D1EAF
:1097A00056B179B1022111E0C17B10786B460122DC
:1097B000FFF726F868B90EE0A67A56B111B1617CC0
:1097C00061B902E08DF80030EEE701218DF800105C
:1097D000EAE72846F8BD9DF8000060740020F8BD57
:1097E000140100202DE9F04106460F4600F000FC70
:1097F000041E0D4618BF0120284320F00040C0F190
:109800007F6000F1E040C00F0ED0301C18BF012077
:10981000384320F00040C0F17F6000F1E040C00F0D
:1098200004BF0120F6F71CFF20462946BDE8F08161
:1098300007B502AB0122FCF739FB0EBD30B4DCB238
:109840001346224630BCFCF731BB000021F0004239
:10985000A2F16052B2F5801F01F0004328BFD2F19F
:109860007F6C0BD95FEA001C43EAC20242EB5070E6
:1098700018BF704728BF20F001007047B2F5801F65
:10988000BCBF184670474FEA410C1CF5001F02D2BE
:10989000084601F042B870B500F04AFB00000089AC
:1098A000FFF7F6BF4FF00040A0F5800070470000C2
:1098B00010B591EA030F48BF83F0004300F186849E
:1098C000841A71EB030C05D2121943EB0C03001B35
:1098D00061EB0C01DFF824E14FEA1154A4EB135CB7
:1098E0001EEA430F18BF9EEA445F73D023EA0E03BB
:1098F000DCF1200E21EA045143F4801332D322FA22
:109900000CFE10EB0E0023FA0CFE41EB0E01CCF125
:10991000200E03FA0EFE10EB0E0051F10001B1F51E
:10992000801FCCF1200E32D201EB045112FA0EF25C
:10993000BDE8104058BF7047401C38BF5FEA420284
:1099400018BF7047002814BF20F0010041F100014A
:109950004FEA410313F5001F38BF7047A1F1C04122
:1099600000F034BB012A43EB0302ACF1200CDCF124
:109970001F0E32BF4FF0000E23FA0CF310EB030062
:1099800041EB0451B4EB115FD0D0A1EB045101F5D0
:10999000801149085FEA300001EB04510ED350F109
:1099A000000038BF12FA0EFE08D1BDE81040C9E72A
:1099B000401C38BF5FEA4202CAD1C3E7BDE810408D
:1099C0004FEA410313F5001F38BF7047A1F1C041B2
:1099D00000F0FCBA9EEA445F08D011EA5E0FBDE8D1
:1099E000104004BF01F0004100207047BDE8104066
:1099F00070B500F09DFA00BF64FBBE3E0000E0FFC2
:109A000002494FF0000001F034B800BF0000F87FB9
:109A1000491058BFC1F140415B1058BFC3F14043EA
:109A20008B42EFF3008070472DE9C04130B4DFF87E
:109A3000A0C23CEA111418BF3CEA131400F0EC80F9
:109A400081EA03051CEA111444EAD57418BF1CEA24
:109A5000131500F0C780A4EB05044FF0004545EA5C
:109A6000C12145EAC32341EA505143EA525304F16C
:109A70007F74994204F500344FEAC0204FEAC222B5
:109A800008BF904200F09C804FEA13650FF2401629
:109A9000765D4FEA134506FB05F7C7F1807706FBB5
:109AA00007F74FEAD737A7FB03687642C8F5803837
:109AB000A7FB06CE38BFA8F1010807FB08E64FF068
:109AC000000EA6FB028CE6FB03CEDCF1000CCEF10F
:109AD000004E38BFAEF1010EA6FB0C584FF0000748
:109AE0004FF00005E6FB0E87A1FB08C6A0FB07CEE2
:109AF00016EB0E0645F10005E1FB076515F1E04E9A
:109B00007EBFA4F580345FEA46066D4116F18007FA
:109B100045F100054FEA17274FEA066647EA056751
:109B2000A6F1DE46B6F1805F4FEA15251FD938460B
:109B300024F0010C05EBC471BCF1FE6F01EB0C11BC
:109B400002D8F0BCBDE8008124425CBF01F5801E54
:109B50009EEAC47F02D4F0BCBDE80081244238D420
:109B6000F0BCA1F1C041BDE8004100F02FBA4FEABE
:109B7000D22242EA43524FEAD323A7FB02864FEA9E
:109B8000D02040EA415007FB03661EEA0E0F4FEA61
:109B9000D12105FB026658BFA6EB0056B6EB005676
:109BA0004FEA520E4EEAC37E18EB0E0E56EB530EE2
:109BB000BDD518EB02085E417F1C55F10005B6E7E4
:109BC0004FF480154FF000074FF000064FF00008EB
:109BD000ADE7F0BC4FF0000001F1C04101F00041E1
:109BE000BDE8008111EA0C1F0CEA131500D00CE04F
:109BF00013EA0C1F00F025804FF00000F0BC81EA52
:109C0000030101F00041BDE80081F0BCBDE8004166
:109C100081EA030100F0DAB9F0BCBDE8004170B59B
:109C200000F086F9097EFC3E00F007B881EA0301E6
:109C30004FF0000001F00041704781EA030100F09D
:109C4000C5B9F0BCBDE800414FF0000021497047A4
:109C5000FFFDFBF9F7F5F4F2F0EEEDEBE9E8E6E4F1
:109C6000E3E1E0DEDDDBDAD8D7D5D4D3D1D0CFCD78
:109C7000CCCBCAC8C7C6C5C4C2C1C0BFBEBDBCBBB1
:109C8000BAB9B8B7B6B5B4B3B2B1B0AFAEADACABAC
:109C9000AAA9A8A8A7A6A5A4A3A3A2A1A09F9F9E86
:109CA0009D9C9C9B9A999998979796959594939338
:109CB000929191908F8F8E8E8D8C8C8B8B8A8989CF
:109CC0008888878786858584848383828281818052
:109CD0000000FF070000F87F51EA030C17D41CF5C1
:109CE000801F58BFBCF5801F00F10680994218BF45
:109CF000704708BF9042704707D711F5801F58BFC3
:109D000013F5801F19D499427047894270471CF59A
:109D1000801F08D5BCF5801FF7D58B4218BF704750
:109D200008BF824270474FF4001C1CEB410F38BF44
:109D30001CEB430F01D28B42704770B500F0F8F86E
:109D4000922449004FF000514FF08053FFF760BE5E
:109D50004FEA41034FEA5353A3F58063D3F11E0347
:109D6000C8BFD3F1210C0CDD4FF0004242EAC12202
:109D700042EA505232FA03FC8CEAE17CACEBE1702F
:109D80007047102BC4BF0020704703F5787CBCF1EE
:109D9000FF3F04D06FF0004282EA2100704770B5A7
:109DA00000F0C6F84992248000207047F2E710F0D6
:109DB000004248BF4042B0FA80F310FA03F10AD0E3
:109DC000C3F11D0303F580634FEA415002EB0352D8
:109DD00002EBD12170474FF000007047DFF848C117
:109DE00070B51CEA111E1EBF1CEA13159EEA0C0F6B
:109DF00095EA0C0F00F06F8081EA030423EA4C130C
:109E00004EEAD47E21EA4C1141F4801143F48013D0
:109E1000AE44A1FB024CA0FB0365AEF17F7E361978
:109E200055EB0C05A1FB034C4CF10003A0FB021CFD
:109E300016EB0C06654153F10003094218BF46F0CA
:109E4000010613F4007F0BD14FEA03314FEA0530CE
:109E5000340341EA155140EA16506FF003020AE05C
:109E60004FEAC3214FEAC520F40241EA555140EAC6
:109E700056506FF0020202EB2E4201EB025585EACA
:109E8000CE710AD05FEA440C18BF24F0004450F1B0
:109E9000000041F1000120EAD47040F2FE7C6245EE
:109EA00000D270BDA84214BF4FF080444FF0404430
:109EB000002E08BF0024BEF1806FA8BFA1F1C041F1
:109EC000BDE8704080F282804FF0000001F1C04197
:109ED00001F0004170479EEA0C0F0CEA131518BF01
:109EE00095EA0C0F06D04FF0000081EA030E0EF049
:109EF000004170BD00F01CF88900013E00F007B879
:109F000000F009B84FEA430C5FEA5C5C08D081EAD4
:109F1000030100F05BB84FEA410C5FEA5C5CF6D1EC
:109F20004FF00000014970470000FF070000F87F74
:109F30000EF1020E2EF0030E5EF8046B364205D4CD
:109F4000012A43EB030515F5001F12D8012841EB48
:109F5000010C1CF5001F0CD80ED14FEAD17C15F571
:109F6000001F0CEB4C0C0CF1020C08BF4CEBD37C2B
:109F700004E04FF0080C01E04FEAD37C0CEB4C05F9
:109F800026FA05F606F00706B6F1040C06D20EEB2B
:109F9000860CBDE870404CF0010C6047DFE80CF027
:109FA000090B02024FF000414FF00000A1F5002123
:109FB00070BD19461046012851EB010418BFD4F5B5
:109FC000001484BF002001F0004170BD0808A0F516
:109FD00000114FEA3101704791EA030F10B581F08B
:109FE00000413FF56DAC83F0004300F0EFB8000096
:109FF0002DE9F04101F5801CBCF5001FC0F2C380C3
:10A000004FEA115C21EA0C510CF1FD0C41F4801176
:10A010005FEA5C0C0CF5C07C01D3400049413DA4D3
:10A02000890241EA905187028E0E0A0CA45D04FB5E
:10A0300004F602FB06F6C6F14046A4FB0662F60DE6
:10A0400046EA422606FB06F4A4FB01235242C3F172
:10A05000404338BF5B1EA6FB02420024E6FB0324FC
:10A06000D20B42EA4446A6FB0623A1FB02E2A3FB75
:10A0700007E4A4184FF0000252F10002E3FB014292
:10A080006442C2F1404E38BFAEF1010EA6FB04237C
:10A090004FF00002E6FB0E32A2FB03464FF0000435
:10A0A000B61954F10004E2FB0264A1FB06E6A4FB2E
:10A0B00007E816EB08064FF0000858F10008E4FB2B
:10A0C00001687642C8F1405838BFA8F10108A2FBE8
:10A0D00006E4A3FB08E52D194FF0000454F1000439
:10A0E000E2FB0854A1FB05E6A7FB04E818EB060811
:10A0F0004FF0000656F10006E1FB048618F120053A
:10A1000056F10006A809A8F11B08B10908F03F089C
:10A11000B8F10A0F40EA86601CD901EB0C51BDE88A
:10A12000F08100BFFCF5EEE8E2DDD8D3CFCBC7C3AA
:10A13000C0BDB9B6B4B1AEACA9A7A5A3A19F9D9B64
:10A140009A9896959392908F8D8C8B898887868527
:10A1500084838281A0FB006800FB01F208EB4208C7
:10A16000B8EB872807D5341858EB0104D5D5401C27
:10A1700051F10001D1E7341A78EB0104CDD4401E2F
:10A1800071F10001C9E75FEA4C0C5FEA9C5C0DD1FC
:10A1900005D34FF0000001F00041BDE8F081BDE8BB
:10A1A000F04170B5FFF7C4FE6DDBFFBEBDE8F041C6
:10A1B0004FF00000004970470000F87F10B591EAA9
:10A1C000030F48BF83F000433FF57AAB841A71EB6D
:10A1D000030C07D212198CF0004C43EB0C03001B4C
:10A1E00061EB0C01DFF8A4E14FEA1154A4EB135C1E
:10A1F0001EEA430F18BF9EEA445F00F0B08023EAD6
:10A200006E03524221EA0451C3EB6E0338BF5B1E5A
:10A21000DCF1200E25D322FA0CFE10EB0E0043FADF
:10A220000CFE41EB0E01CCF1200E03FA0EFE10EBFA
:10A230000E0051F10001CCF1200E29D412FA0EF2D9
:10A2400001EB0451BDE8104058BF7047401C1CBFD3
:10A25000B2F1004F704700280CBF491C20F00100EC
:10A26000704712EB020E43EB030218BF4FF0010ED2
:10A270004EEA4202ACF1200CDCF11E0E54D943FA36
:10A280000CFE10EB0E0051F1FF31CCF11E0ED5D5B6
:10A290000EF1010E12FA0EFE404141EB010101EBFD
:10A2A000445C5FEA5C5C10D910EBDE7001EB04519A
:10A2B00038BFBEF1004FBDE8104018BF70470028FE
:10A2C0000CBF491C20F00100704730D24FEAD42C5B
:10A2D00011F5001124F400641BD0B1FA81F20B3A9D
:10A2E000A41AA41ED2F12003914030FA03F31943BB
:10A2F000904001EBCC71002C01EB0451BDE8104003
:10A30000A8BF704701F1C0414FF0000001F00041CB
:10A310007047B0FA80F310FA03F100D110BDE41ACF
:10A32000173C4805C90AE4E701EB045110BD491088
:10A3300001EB0451BDE810404FEA300002E04FF05D
:10A34000000170474A0008BF0042F8D0B2F5001F74
:10A3500028BF704701F000414FF0000070479EEAAF
:10A36000445F07D011EA5E0FBDE8104004BF002132
:10A3700000207047BDE8104070B5FFF7D9FD00BF61
:10A3800040DFF63E83F00041104670470000E0FFDA
:10A3900043004FEAD30C4FEA3C0C43401FBF400739
:10A3A0000CF1605113F0FE4F70471CF0006F03D1A9
:10A3B00000200CF0004170470CF0004343EA50705D
:10A3C00010B540EACC0000F062FA00BF0000009235
:10A3D0004FEA0001FFF7FABD4FF000414FF00000D7
:10A3E000A1F500217047000090EA010F48BF81F0FD
:10A3F000004100F1D082421A3CBF801A89184FEA0E
:10A40000D0524FF07F4C1CEA410FA2EBD15318BF42
:10A410009CEA026F00F03B804FF0004C4CEA0020B9
:10A420004CEA012121FA03FC10EB0C0C1ED202F1C4
:10A43000FF325FEA1C2040EBC25038BF70471CF06F
:10A440007F0F4FEA400C18BFBCF17F4F38BF7047F9
:10A45000C3F12003994008BF20F00100BCF17F4FF9
:10A4600038BF7047A0F1C04000F057BA4FEA3C0037
:10A47000000A40EBC25028BF1CF0FF0F4FEA400C0F
:10A48000E6D018BFBCF17F4F38BF7047EAE79CEABF
:10A49000026F05D010EA5C0F08BF00F00040704763
:10A4A00010B500F0F4F900BF64FBBE3E014800F0B7
:10A4B000E0BA00BF0000C07F401058BFC0F140406C
:10A4C000491058BFC1F140418142EFF3008070470D
:10A4D0004FF47F0C1CEAD0121EBF1CEAD11392EA83
:10A4E0000C0F93EA0C0F00F0858090EA010F48BF33
:10A4F00042F4807240F4000C41F400002CF07F41E3
:10A5000020F07F4000B58142A2EB03020FF2081C4D
:10A51000ACEB504EC0F100009EF800E04FEA4E0E4A
:10A5200000FB0EFC38BF49004FEA2C1C02F5FA0272
:10A530000CFB0EF34FEACE1E4FEA112C4FEAC1215D
:10A540000EEB635E42EB22420EFB0CFC4FEA1C5307
:10A5500000FB03114FEA112C4FEA01310EFB0CFCFA
:10A560004FEADC4C00FB0C11C14228BF09184CEB30
:10A5700003335DF804EB10EB410143EBC250B2F53D
:10A580007C0F38BF704729D512F0F00F1CBF00F1C7
:10A59000C04000F000407047008182838485868738
:10A5A00088898B8C8D8E8F919293959697999A9C92
:10A5B0009D9FA0A2A3A5A7A8AAACAEB0B2B3B5B701
:10A5C000B9BCBEC0C2C5C7C9CCCED1D4D7D9DCDFD7
:10A5D000E2E6E9ECF0F3F7FAFE0000004FEA400C87
:10A5E0000CF1807CBCF17E4F28BF7047B0F1C040B9
:10A5F00000F093B990EA010F0CEAD11348BF42F47E
:10A600008072624538BF634507D213F47F0F16D0BE
:10A6100080EA010000F00040704710B500F037F903
:10A62000097EFC3E00F005B880EA010000F0004021
:10A63000704780EA010000F0004000F06EB912F4AB
:10A640007F0F04BF0248704780EA010000F065B93F
:10A650000000C07F41000B0ED3F19E0208D950F4D8
:10A6600000034FEA032323FA02F048BF4042704739
:10A6700010B500F00CF900BF49922480002070470B
:10A680006FF0004282EA200070470000C10DD1F156
:10A690009E0206DB4FEA002343F0004323FA02F058
:10A6A0007047004207D54FEA4001B1F1FE4F02D298
:10A6B0004FF00000704710B500F0E9F8499224808F
:10A6C000002070476FEA20007047000010F0004142
:10A6D00048BF4042B0FA80F310FA03F2C3F19D0381
:10A6E0000BD051EAC35101EB1220530638BF70471B
:10A6F00000F1010008BF20F001007047B0FA80F3BC
:10A7000010FA03F2C3F19D030AD0D90501EB122020
:10A71000530638BF704700F1010008BF20F0010068
:10A720007047000050EA010C00F113801CF5000F87
:10A7300058BFBCF5000F01D48842704707D710F509
:10A74000000F58BF11F5000F15D488427047894299
:10A7500070471CF5000F04D5BCF5000FF7D58142FA
:10A7600070474FF0807C1CEB400F38BF1CEB410F53
:10A7700001D28142704710B500F089F89224490057
:10A780004FF000504FF08051FFF796BE4FF47F0C12
:10A790001CEAD0121EBF1CEAD11392EA0C0F93EAF6
:10A7A0000C0F00F0478090EA010F48BF42F480721E
:10A7B0004FF0004C4CEA00204CEA012102EB03026E
:10A7C000A0FB0113A2F50002002918BF43F001030A
:10A7D0005B0028BF4FEA330342EB22425FEA132CAF
:10A7E0004CEBC2502EBFBCEB436FB2F57C0F7047F1
:10A7F0004FEA036CBCF1004F08BF20F00100B2F536
:10A800007C0F38BF70470BD582F0FF0212F5803FF6
:10A81000C8BF704700F1C040D8BF00F0004070478B
:10A8200000F5000C5FEA4C0C48BF7047B0F1C04027
:10A8300000F073B890EA010F0CEAD11348BF42F45C
:10A840008072624538BF634504D280EA010000F09F
:10A850000040704710B500F01AF800BF8900013EB3
:10A8600000F007B800F009B85FEA410C5FEA1C6C21
:10A8700008D080EA010000F050B85FEA400C5FEABF
:10A880001C6CF6D14FF00040A0F5800070470EF12F
:10A89000020E2EF0030E5EF8044B244204D44FEA5D
:10A8A0004102B2F17F4F11D84FEA4003B3F17F4F1D
:10A8B0000CD80ED14FEAD07CB2F17F4F0CEB4C0C90
:10A8C0000CF1020C08BF4CEBD17C04E04FF0080CFB
:10A8D00001E04FEAD17C0CEB4C0324FA03F404F0C2
:10A8E0000704B4F1040C06D20EEB840CBDE8104052
:10A8F0004CF0010C6047DFE80CF0070802024FF053
:10A900000040A0F5800010BD0846420018BFD2F1FB
:10A91000807288BF00F0004010BDFF2141EAD05096
:10A92000C005704751EA000C00F113801CF5000FC0
:10A9300058BFBCF5000F01D48142704707D711F50D
:10A94000000F58BF10F5000F15D48142704789429F
:10A9500070471CF5000F04D5BCF5000FF7D58842F1
:10A9600070474FF0807C1CEB410F38BF1CEB400F51
:10A9700001D28842704780EA010081EA000180EA42
:10A980000100FFF7F8BE000090EA010F48BF81F018
:10A9900000413FF530AD421A04D882F00042A0EBEE
:10A9A000020011444FEAD0524FF07F4C1CEA410F95
:10A9B000A2EBD15318BF9CEA026F4AD04FF0004C73
:10A9C0004CEA00204CEA012121FA03FCB0EB0C0C0C
:10A9D0000FD412F0FE0F36D05FEA4C001DD50012E6
:10A9E00040EBC25038BF70471CF03F0F18BF704794
:10A9F0000BE0A2F101025FEA1C2040EBC25038BF1D
:10AA000070471CF07F0F18BF7047C3F120039940B7
:10AA100014BF401E20F00100704780084FEA122347
:10AA200008BF7047B0FA80FCA2EB0C02CCF1280CF6
:10AA300060FA0CF093EA122F04BF00EBC25070478B
:10AA40004FEAC3707047130A5FEADC1008BF704713
:10AA5000F6E79CEA026F04D010EA5C0F08BF002002
:10AA6000704710B5FFF713FF40DFF63E81F000405E
:10AA700070470CF00F03092B08BF082000F07F80FF
:10AA80000A2B0BD0082B18BF704708BF1CF0400FD3
:10AA90000AD04FF000004FF0000170471CF0400F4B
:10AAA00018BF4FF0004070471CF0100F08D020F086
:10AAB000704300F07F4242EAD3014FEA437070478F
:10AAC00000F0604021F07F4242EA000201F07F4046
:10AAD00040EA727070474FF0FF0C4CF4E06C1CEAD7
:10AAE00011531CBF9CEA030C9445C2BFDA4201EB30
:10AAF00002517047002B0DD0BCF1000F0FD0002A7F
:10AB000001F00041A4BF41F0E04141F07F614FF00E
:10AB10000000704701F000414FF00000704750EA1C
:10AB200001334FF09B0C18BF4CF0806C7EF468AF83
:10AB300070474FF0FF0212EAD0521CBF92F0FF03A1
:10AB40008B42C2BFD14200EBC1507047002A0AD0ED
:10AB5000002B0BD0002900F00040A4BF40F0FE40C5
:10AB600040F40000704700F00040704743024FF08F
:10AB70000B0C18BF4CF0806C7FF498AC70471CF441
:10AB8000801F11D01CF4E02F03D06FEACC314900B4
:10AB900070474FF04050EFF3008222F0704242EADB
:10ABA000000282F3008870474FF0000070470102F6
:10ABB00002030405060708090A0B0C0D0E0F1010FE
:10ABC000010202030405060708090A0B0C0D0E0F0B
:10ABD000101000000000000000000102030406073E
:10ABE000080900000000010203040000000000004A
:10ABF0000000000000000000000000000000001045
:10AC000000100010001000100010000000100000E4
:10AC100000000028002800280000000000000000BC
:10AC200000000000000000240024007C00240048F4
:10AC3000007C00480048000000000038005400502C
:10AC400000380014005400540038001000000020A8
:10AC50000054005800300028005400140008000080
:10AC600000000010002800280010003400480048B0
:10AC70000034000000000010001000100000000070
:10AC8000000000000000000000000008001000208C
:10AC900000200020002000200020001000080020DC
:10ACA0000010000800080008000800080008001054
:10ACB00000200010003800100028000000000000F4
:10ACC0000000000000000000000000100010007CE8
:10ACD0000010001000000000000000000000000054
:10ACE0000000000000000000001000100010000034
:10ACF000000000000000000000380000000000001C
:10AD00000000000000000000000000000000000043
:10AD100000100000000000080008001000100010E3
:10AD20000010002000200000000000380044004413
:10AD300000540044004400440038000000000010AB
:10AD40000030005000100010001000100010000033
:10AD500000000038004400440004000800100020F7
:10AD6000007C0000000000380044000400180004CB
:10AD7000000400440038000000000008001800280B
:10AD800000280048007C0008000800000000007C4B
:10AD90000040004000780004000400440038000037
:10ADA00000000038004400400078004400440044A3
:10ADB000003800000000007C0004000800100010B3
:10ADC0000020002000200000000000380044004463
:10ADD00000380044004400440038000000000038FF
:10ADE000004400440044003C0004004400380000DB
:10ADF0000000000000000010000000000000000043
:10AE00000010000000000000000000000010000022
:10AE10000000000000100010001000000000000CF6
:10AE2000003000400030000C000000000000000076
:10AE300000000000007C0000007C0000000000001A
:10AE4000000000000000006000180004001800600E
:10AE5000000000000000003800440004000800105A
:10AE60000010000000100000000000380044004CFA
:10AE70000054005C0040004000380000000000105A
:10AE80000028002800280028007C0044004400001E
:10AE9000000000780044004400780044004400446E
:10AEA00000780000000000380044004000400040EE
:10AEB00000400044003800000000007000480044DA
:10AEC0000044004400440048007000000000007C82
:10AED00000400040007C004000400040007C00003A
:10AEE0000000007C0040004000780040004000402E
:10AEF0000040000000000038004400400040005CBA
:10AF000000440044003800000000004400440044B5
:10AF1000007C00440044004400440000000000386D
:10AF20000010001000100010001000100038000089
:10AF300000000004000400040004000400040044B5
:10AF4000003800000000004400480050006000503D
:10AF5000004800480044000000000040004000405D
:10AF60000040004000400040007C00000000004421
:10AF7000006C006C00540044004400440044000095
:10AF8000000000440064006400540054004C004C75
:10AF90000044000000000038004400440044004425
:10AFA00000440044003800000000007800440044E1
:10AFB00000440078004000400040000000000038DD
:10AFC000004400440044004400440054003800049D
:10AFD0000000007800440044004400780048004825
:10AFE0000044000000000038004400400030000829
:10AFF00000040044003800000000007C0010001035
:10B0000000100010001000100010000000000044AC
:10B010000044004400440044004400440038000060
:10B0200000000044004400440028002800280010CC
:10B03000001000000000004400440054005400547C
:10B04000006C0028002800000000004400280028B0
:10B0500000100010002800280044000000000044F8
:10B06000004400280028001000100010001000000C
:10B070000000007C000400080010001000200040C8
:10B08000007C0000000000180010001000100010EC
:10B090000010001000100010001800200020001008
:10B0A0000010001000100008000800000000003030
:10B0B0000010001000100010001000100010001010
:10B0C00000300010002800280044000000000000AC
:10B0D0000000000000000000000000000000000070
:10B0E00000000000000000FE000000200010000032
:10B0F0000000000000000000000000000000000050
:10B10000000000380044003C0044004C00340000C3
:10B110000000004000400058006400440044006407
:10B12000005800000000000000000038004400400B
:10B130000040004400380000000000040004003417
:10B14000004C00440044004C0034000000000000AB
:10B15000000000380044007C00400044003800003B
:10B160000000000C0010007C001000100010001007
:10B17000001000000000000000000034004C0044FB
:10B180000044004C003400040078004000400058A7
:10B19000006400440044004400440000000000102B
:10B1A00000000070001000100010001000100000DF
:10B1B00000000010000000700010001000100010CF
:10B1C0000010001000E00040004000480050006007
:10B1D0000050004800440000000000700010001003
:10B1E000001000100010001000100000000000000F
:10B1F0000000007800540054005400540054000033
:10B2000000000000000000580064004400440044B6
:10B21000004400000000000000000038004400442A
:10B220000044004400380000000000000000005806
:10B2300000640044004400640058004000400000E6
:10B2400000000034004C00440044004C0034000472
:10B25000000400000000005800640040004000406E
:10B2600000400000000000000000003800440030F2
:10B270000008004400380000000000200020007892
:10B280000020002000200020001800000000000026
:10B2900000000044004400440044004C003400001E
:10B2A000000000000000004400440028002800289E
:10B2B0000010000000000000000000540054005482
:10B2C000006C00280028000000000000000000447E
:10B2D00000280010001000280044000000000000BA
:10B2E0000000004400440028002800100010001056
:10B2F000006000000000007C0008001000200040FA
:10B30000007C000000000018001000100010002059
:10B310000020001000100010001800100010001095
:10B32000001000100010001000100010001000307D
:10B33000001000100010000800080010001000109D
:10B3400000300000000000000074004C000000000D
:10B350000000000000006800000476005401F7FDC2
:10B36000000175191A0C6A231B1C1F207274433BC1
:10B370004138393A6B6C376F06246D6E70000000EF
:10B3800083000000000800000001001832000500E2
:10B39000000020410000D242295C0F3E9A99993E5C
:10B3A0003333733F295C0F3E00007000000000241F
:10B3B000000000020003000000650054FFEF0000E1
:10B3C000FA80000B12820001030C30C30E8C8CE952
:10B3D00014D5400213710F8E3883F8833000F88340
:10B3E000258EF8833000F883FFFFFFFF0FFEA9D6FC
:10B3F000240004001A8279A10000003CFFFF000035
:10B400000010000038836FA2003E033040000000AF
:10B4100002CAE3093E800000200000000000000096
:10B420004000000060000000000C0000000C186EDE
:10B43000000006920A16C0DFFFFF0256FD8CD3778C
:10B44000FFE1C496E0C5BEAA00000000FFFF0B2B81
:10B4500000001657000003594000000000001DFACC
:10B4600000026C1D000000003FFFDFEB003EB3B6A2
:10B47000000D227800002F3C00000000001942B5AA
:10B48000000039A20000B365D90E9FC91DCF4C340E
:10B4900030000000500000003BB67AE80064000075
:10B4A00000C8000000000000100000001000FA9228
:10B4B0001000225E000D229F0001000000320000FB
:10B4C000FF46000063D400001000000004D6000016
:10B4D00004CC000004CC000000001072000000400A
:10B4E0000000000000000000000600020005000748
:10B4F00000000000006400000000000000000005E3
:10B5000000050064002000000000000000000000B2
:10B51000000040000000030000000032F898000026
:10B52000FF650000830F0000FF9BFC00000000008F
:10B53000000000000000000000000000000000000B
:10B5400000000000000000000000000000000000FB
:10B550000000000000001000400000000000000695
:10B560000000B26A000200000001FB8300680000D6
:10B5700000D9FC007CF1FF830000000000650000A2
:10B58000006403E8006400280000002500000000BB
:10B5900016A000000000100000001000002F0000A6
:10B5A000000001F40000100000280000FFFF4581AA
:10B5B000FFFFFA72000000000000000000440005D8
:10B5C0000005BAC6004778A2000000010000000094
:10B5D00000000600000000140000254D002F706DD3
:10B5E000000005AE000C02D00000000000000000CA
:10B5F0000000000000000000001B00000000000030
:10B6000000000000000000000064000000080000CE
:10B61000000000000000000000000000000000002A
:10B62000000000000000000000000000000000001A
:10B63000000000000000000000000000000000000A
:10B6400000000000000000000000000000000000FA
:10B6500000000000000000000000000000000000EA
:10B660000000000000000000001B000000000000BF
:10B6700000000000000E000E00000AC700040000D9
:10B6800000000032FFFFFF9C00000B2B00000002B7
:10B690000000000100000064FFE500000000000061
:10B6A0000000000000000000000000010000000099
:10B6B0000001000000000000000180000001800087
:10B6C00000018000002426D30000000000000000DC
:10B6D000000600100096003C000000000000000082
:10B6E00000000000000000000C0A4E68CDCF770972
:10B6F00050166759C619CE820000000000000000F5
:10B700000000000000000000000000000000000039
:10B7100017D78400030000000000000000000000B4
:10B72000C7938F9D1E1B1C19000000000000000025
:10B730000000000000000000000000000000000009
:10B740000203188500004000000000030000000311
:10B7500000000000000000004000000000000000A9
:10B7600000000000000000000000000000000000D9
:10B7700000000000000000000000000000000000C9
:10B78000000000000000000000000000677DDF7E78
:10B7900072902E554CF6E688000000000000000074
:10B7A0000000000000000000D8DCB4B8B0D8B9AB8D
:10B7B000F3F8FAB3B7BB8E9EAEF132F51BF1B4B815
:10B7C000B08097F1A9DFDFDFAADFDFDFF2AAC5CD06
:10B7D000C7A90CC92C97F1A989264666B28999A9EF
:10B7E0002D557DB0B08AA896365676F1BAA3B4B27C
:10B7F00080C0B8A89711B28398BAA3F02408441067
:10B800006418B2B9B49883F1A329557DBAB5B1A330
:10B810008393F0002850F5B2B6AA839328547CF1A4
:10B82000B9A3829361BAA2DADEDFDB819AB9AEF501
:10B83000606870F1DABAA2DFD9BAA2FAB9A382922B
:10B84000DB31BAA2D9BAA2F8DF85A4D0C1BBAD83DF
:10B85000C2C5C7B8A2DFDFDFBAA0DFDFDFD8D8F10B
:10B86000B8AAB38DB4980D355DB2B6BAAF8C96193F
:10B870008F9FA70E161EB49AB8AA872C547CBAA420
:10B88000B08AB691325676B28494A4C808CDD8B89E
:10B89000B4B0F19982A82D557D98A80E161EA22C41
:10B8A000547C92A4F02C5078F184A898C4CDFCD894
:10B8B0000DDBA8FC2DF3D9BAA6F8DABAA6DED8BA01
:10B8C000B2B68696A6D0F3C841DAA6C8F8D8B0B406
:10B8D000B882A892F52C548898F135D9F418D8F18B
:10B8E000A2D0F8F9A884D9C7DFF8F883C5DADF69F0
:10B8F000DF83C1D8F40114F1A8824EA884F311D1DA
:10B9000082F5D992289788F109F41C1CD884A8F3F1
:10B91000C0F9D1D99782F129F40DD8F3F9F9D1D929
:10B9200082F4C203D8DEDF1AD8F1A2FAF9A884980B
:10B93000D9C7DFF8F8F883C7DADF69DFF883C3D83F
:10B94000F40114F198A8822EA884F311D182F5D9BC
:10B9500092509788F109F41CD884A8F3C0F8F9D163
:10B96000D99782F149F40DD8F3F9F9D1D982F4C409
:10B9700003D8DEDFD8F1AD8898CCA809F9D9829236
:10B98000A8F57CF1883ACF944A6E98DB6931DAAD3C
:10B99000F2DEF9D88795A8F221D1DAA5F9F417D902
:10B9A000F1AE8ED0C0C3AE82C684C3A88595C8A5AB
:10B9B00088F2C0F1F4010EF18E9EA8C63E56F554F1
:10B9C000F18872F40115F19845856EF58E9E048814
:10B9D000F142985A8E9E068869F4011CF1981E1156
:10B9E00008D0F504F11E970202983625DBF9D985B7
:10B9F000A5F3C1DA85A5F3DFD88595A8F309DAA503
:10BA0000FAD88292A8F578F1881A849F268898211E
:10BA1000DAF41DF3D8879F39D1AFD9DFDFFBF9F412
:10BA20000CF3D8FAD0F8DAF9F9D0DFD9F9D8F40B59
:10BA3000D8F3879F39D1AFD9DFDFF41DF3D8FAFCF3
:10BA4000A869F9F9AFD0DADEFAD9F88F9FA8F1CC5E
:10BA5000F398DB45D9AFDFD0F8D8F18F9FA8CAF3B0
:10BA60008809DAAF8FCBF8D8F2AD978D0CD9A5DF66
:10BA7000F9BAA6F3FAF412F2D8950DD1D9BAA6F311
:10BA8000FADAA5F2C1BAA6F3DFD8F1BAB2B6869651
:10BA9000A6D0CAF349DAA6CBF8D8B0B4B8D8AD84EA
:10BAA000F2C0DFF18FCBC3A8B2B68696C8C1CBC3B4
:10BAB000F3B0B48898A821DB718D9D71859521D94B
:10BAC000ADF2FAD88597A828D9F408D8F28D29DAEA
:10BAD000F405D9F285A4C2F2D8A88D9401D1D9F485
:10BAE00011F2D88721D8F40AD8F28498A8C801D1D5
:10BAF000D9F411D8F3A4C8BBAFD0F2DEF8F8F8F847
:10BB0000F8F8F8F8D8F1B8F6B5B9B08A95A3DE3CE4
:10BB1000A3D9F8D85CA3D9F8D87CA3D9F8D8F8F978
:10BB2000D1A5D9DFDAFAD8B18530F7D9DED8F83027
:10BB3000ADDADED8F2B48C99A32D557DA083DFDF7A
:10BB4000DFB591A0F629D9FBD8A0FC29D9FAD8A055
:10BB5000D051D9F8D8FC51D9F9D879D9FBD8A0D08F
:10BB6000FC79D9FAD8A1F9F9F9F9F9A0DADFDFDF20
:10BB7000D8A1F8F8F8F8F8ACDEF8ADDE8393AC2C79
:10BB8000547CF1A8DFDFDFF69D2CDAA0DFD9FADBE9
:10BB90002DF8D8A850DAA0D0DED9D0F8F8F8DB55C7
:10BBA000F8D8A878DAA0D0DFD9D0FAF8F8F8F8DB1E
:10BBB0007DF8D89CA88CF530DB38D9D0DEDFA0D05A
:10BBC000DEDFD8A848DB58D9DFD0DEA0DFD0DED852
:10BBD000A868DB70D9DFDFA0DFDFD8F1A888902C60
:10BBE000547C98A8D05C38D1DAF2AE8CDFF9D8B0AA
:10BBF00087A8C1C1B188A8C6F9F9DA36D8A8F9DA98
:10BC000036D8A8F9DA36D8A8F9DA36D8A8F9DA3663
:10BC1000D8F78D9DADF818DAF2AEDFD8F7ADFA306F
:10BC2000D9A4DEF9D8F2AEDEFAF983A7D9C3C5C725
:10BC3000F1889BA77AADF7DEDFA4F8849408A79774
:10BC4000F300AEF29819A488C6A39488F632DFF206
:10BC50008393DB09D9F2AADFD8D8AEF8F9D1DAF3A9
:10BC6000A4DEA7F1889B7AD8F38494AE19F9DAAAF6
:10BC7000F1DFD8A881C0C3C5C7A39283F628ADDE83
:10BC8000D9F8D8A350ADD9F8D8A378ADD9F8D8F859
:10BC9000F9D1A1DADEC3C5C7D8A18194F818F2B0F2
:10BCA00089ACC3C5C7F1D8B8B4B09786A8319B0694
:10BCB0009907AB9728889BF00C201440B0B4B8F0DB
:10BCC000A88A9A285078B79BA8295179247059449A
:10BCD0006938644831F1BBAB88002C547CF0B38BDD
:10BCE000B8A804285078F1B088B49726A85998BB12
:10BCF000ABB38B02264666B0B8F08A9CA82951796E
:10BD00008B2951798A2470598B2058718A4469385B
:10BD10008B3940688A6448318B30496088F1AC00C7
:10BD20002C547CF08CA804285078F1889726A859C8
:10BD300098AC8C02264666F0899CA829517924701B
:10BD400059446938644831A98809205970AB1138C1
:10BD50004069A8193148608CA83C415C207C00F106
:10BD600087981986A86E767EA999882D557DD8B1B9
:10BD7000B5B9A3DFDFDFAED0DFAAD0DEF2ABF8F9D2
:10BD8000D9B087C4AAF1DFDFBBAFDFDFB9D8B1F12B
:10BD9000A3978E60DFB084F2C8F8F9D9DED8938516
:10BDA000F14AB183A308B5839A0810B79F10D8F160
:10BDB000B0BAAEB08AC2B2B68E9EF1FBD9F41DD82D
:10BDC000F9D90CF1D8F8F8AD61D9AEFBD8F40CF183
:10BDD000D8F8F8AD19D9AEFBDFD8F416F1D8F8AD24
:10BDE0008D61D9F4F4ACF59C9C8DDF2BBAB6AEFA1C
:10BDF000F8F40BD8F1AED0F8AD51DAAEFAF8F1D8CC
:10BE0000B9B1B6A3839C08B9B1839AB5AAC0FD3075
:10BE100083B79F10B58B93F20202D1ABDADED8F173
:10BE2000B080BAABC0C3B284C1C3D8B1B9F38BA3DD
:10BE300091B609B4D9ABDEB0879CB9A3DDF1B38B61
:10BE40008B8B8B8BB087A3A3A3A3B28BB69BF2A3E0
:10BE5000A3A3A3A3A3A3A3A3A3F1B087B59AA3F31A
:10BE60009BA3A3DCBAACDFB9A3A3A3A3A3A3A3A3FF
:10BE7000A3A3A3A3A3A3A3A3D8D8D8BBB3B7F1AA62
:10BE8000F9DAFFD9809AAA28B48098A720B79787B3
:10BE9000A86688F07951F1902C870CA7819762935E
:10BEA000F071716085940129517990A5F1284C6C4D
:10BEB000870C95188578A38390284C6C886CD8F3F0
:10BEC000A28200F210A8921980A2F2D926D8F18895
:10BED000A84DD948D896A83980D93CD89580A8399A
:10BEE000A68698D92CDA87A72CD8A8899519A98075
:10BEF000D938D8A88939A980DA3CD8A82EA8399091
:10BF0000D90CD8A8953198D90CD8A809D9FFD8014F
:10BF1000DAFFD89539A9DA26FFD890A80D8999A813
:10BF200010809821DA2ED88999A83180DA2ED8A8E5
:10BF300086963180DA2ED8A8873180DA2ED8A8826A
:10BF400092F34180F1D92ED8A882F31980F1D92E2D
:10BF5000D882ACF3C0A28022F1A62EA72EA92298E7
:10BF6000A829DAACDEFFD8A2F22AF1A92E8292A883
:10BF7000F23180A696F1D900AC8C9C0C30ACDED0AE
:10BF8000DEFFD88C9CACD010ACDE8092A2F24C824A
:10BF9000A8F1CAF235F19688A6D900D8F1FF0000C1
:10BFA00017B7D13817B7D1380AD7A33B0000000024
:10BFB0000000803F000000000000803F0000000003
:10BFC0000AD7A33B000000000000803F00000000F3
:10BFD0000000803F000000000000803F00000000E3
:10BFE000000000000000803F0000803F0AD7A3BB94
:10BFF000000000000000803FFFE6DB2E0000000094
:10C0000000000000FFE6DB2E0000803F0000000083
:10C010000AD7A3BB0000803F0000803F0000000063
:10C02000000000000000803F0000803F0AD7A3BB53
:10C03000000000000000803FFFE6DB2E0000000053
:10C0400000000000FFE6DB2E0000803F0000000043
:10C050000AD7A3BB0000803F555555555555C53FE0
:10C060007D6FEB0312D6D4BF5544880E55C1C93F2E
:10C070003B8F68B52882A4BF88B20175E0EF493FC5
:10C0800009F7FD0DE13D023F4B2D8A1C273A03C005
:10C09000C88A599CE52A004059018D1B6C06E6BFF1
:10C0A00082922EB1C5B8B33F4FBB610567ACDD3F8F
:10C0B000182D4454FB21E93F9BF681D20B73EF3FCF
:10C0C000182D4454FB21F93FE2652F227F2B7A3C47
:10C0D000075C143326A6813CBDCBF07A8807703C00
:10C0E000075C143326A6913CC4EB98999999C9BF73
:10C0F000711623FEC671BCBF6D9A74AFF2B0B3BFA8
:10C100009AFDDE522DDEADBF2F6C6A2C44B4A2BF67
:10C110000D5555555555D53FFF8300922449C23FD3
:10C120006E204CC5CD45B73F513DD0A0660DB13F07
:10C13000EB0D76244B7BA93F11DA22E33AAD903F19
:10C14000000000000000000050726F6475637420EE
:10C1500049442072656164206173203020696E64F7
:10C1600069636174657320646576696365206973CA
:10C170002065697468657220696E636F6D706174A3
:10C1800069626C65206F7220616E204D50553330AE
:10C1900035302E0D0A000000B8C100080000002054
:10C1A000780200006C01000820C20008780200201C
:10C1B00050300000C8010008032602012927821020
:10C1C0000B1B24F428043F2441500324803F5AFFD2
:10C1D00004297423070A13EAABEA088C012683407A
:10C1E000412328151362B31B085604091FA61924FE
:10C1F00005620AD7A33BCB803F0CE910094F505D85
:10C2000040CDCCAC182316461396422480BB452360
:10C21000F0414BAF4408012C12A0D2780300FF3F3D
:0400000508000131BD
:00000001FF
