:020000040800F2
:10000000F032002015020008456E0008055900086E
:10001000C16D0008F50900085D86000800000000B9
:10002000000000000000000000000000517A0008FD
:10003000050F000800000000AD720008797B000881
:100040002F0200082F0200082F0200082F020008CC
:100050002F0200082F0200082F0200082F020008BC
:100060002F0200082F0200082F0200082F020008AC
:100070002F0200082F0200082F0200082F0200089C
:100080002F0200082F0200082F0200082F0200088C
:100090002F0200082F0200082F0200082F0200087C
:1000A0002F0200082F0200082F0200082F0200086C
:1000B000057C00082F0200082F0200082F0200080C
:1000C0002F0200082F0200082F0200082F0200084C
:1000D0002F0200082F0200088985000831860008D9
:1000E000210F00082F0200082F0200082F0200082D
:1000F0002F0200082F0200082F0200082F0200081C
:100100002F0200082F0200082F0200082F0200080B
:100110002F020008BD830008157C00082F0200088C
:100120002F0200082F0200082F0200082F020008EB
:1001300000F002F800F05FF80AA090E8000C82449A
:100140008344AAF10107DA4501D100F054F8AFF277
:10015000090EBAE80F0013F0010F18BFFB1A43F0A5
:10016000010318476C0401008C0401000A444FF09D
:10017000000C10F8013B13F0070408BF10F8014B06
:100180001D1108BF10F8015B641E05D010F8016B4B
:10019000641E01F8016BF9D113F0080F1EBF10F8AF
:1001A000014BAD1C0C1B09D16D1E58BF01F801CBD2
:1001B000FAD505E014F8016B01F8016B6D1EF9D555
:1001C0009142D6D37047000000230024002500266A
:1001D000103A28BF78C1FBD8520728BF30C148BFAA
:1001E0000B607047642900F07B80002070471FB5CA
:1001F0001FBD10B510BD00F0CFFA1146FFF7F7FF95
:100200000AF078FA00F0EDFA03B4FFF7F2FF03BC4E
:1002100008F0E5FB0948804709480047FEE7FEE78C
:10022000FEE7FEE7FEE7FEE7FEE7FEE7FEE7FEE7A6
:1002300004480549054A064B70470000037C000846
:1002400031010008F02C0020F0320020F02E0020B8
:10025000F02E0020704710B54C1084EA530404D5EA
:100260004042C1F1000138BF491E1B4204D5524231
:10027000C3F1000338BF5B1E00F076F914F0804F25
:1002800004D04042C1F1000138BF491E14F0004FB4
:1002900004D05242C3F1000338BF5B1E10BD000002
:1002A0000FB4044910B503AA029800F057FA10BC25
:1002B0005DF814FB180100200FB41CB5074B06AA0B
:1002C0007B4469460090059800F02FFA00206946AB
:1002D00000F03EFA1CBC5DF814FB00008D04000029
:1002E0002DE9F0410646002410687529314616A50F
:1002F00010D0AFF30080002802DA404213A507E0D7
:1003000031688A0701D512A502E0490704D511A575
:10031000012401E0AFF3008000210A2206F1240746
:1003200009E0B0FBF2FCB0FBF2F302FB1C00303042
:1003300078541846491C0028F3D123462A463046F3
:10034000BDE8F04100F092B9000000002D0000006F
:100350002B000000200000002DE9F0474FF0000ABC
:1003600089460446C0F820A02046E1688847002856
:1003700076D0252806D0D4E901219047206A401C78
:100380002062F1E7E168204600258847C4F81CA0F8
:1003900006460027C4F818A02A2E09D0304608F0D7
:1003A00017FB38B304EB8708303EC8F8186019E033
:1003B00059F8041B204604EB87029161E1688847E5
:1003C000012F064618D1E069002820DA25F0200523
:1003D0001DE0D8F8180000EB800006EB4000303834
:1003E000C8F818002046E1688847064608F0F0FA89
:1003F0000028EED1012F0AD02E2E08D12046E16828
:1004000088477F1C0646022F45F02005C4DBA06903
:10041000002803DA404245F00105A061E80701D059
:1004200025F01005B6B1A6F14100192802D82036F2
:1004300045F400654A463146204625604D46FFF7A3
:10044000D1FE58B1012806D0ED1D25F0070000F1BE
:10045000080989E704E005F1040985E730468AE7E1
:10046000206ABDE8F08740EA010310B59B070FD171
:10047000042A0DD310C808C9121F9C42F8D020BA14
:1004800019BA884201D9012010BD4FF0FF3010BDCC
:100490001AB1D30703D0521C07E0002010BD10F89A
:1004A000013B11F8014B1B1B07D110F8013B11F860
:1004B000014B1B1B01D1921EF1D1184610BD02F059
:1004C000FF0343EA032242EA024200F002B84FF07F
:1004D00000020429C0F0128010F0030C00F01B8011
:1004E000CCF1040CBCF1020F18BF00F8012BA8BF1F
:1004F00020F8022BA1EB0C0100F00DB85FEAC17CE3
:1005000024BF00F8012B00F8012B48BF00F8012B95
:1005100070474FF0000200B51346944696462039C6
:1005200022BFA0E80C50A0E80C50B1F12001BFF4AC
:10053000F7AF090728BFA0E80C5048BF0CC05DF812
:1005400004EB890028BF40F8042B08BF704748BF60
:1005500020F8022B11F0804F18BF00F8012B7047D4
:10056000704770477047704753EA020C00F069808B
:100570002DE9F04B4FF00006002B1FBFB3FA83F5B7
:1005800003FA05F424FA05F65E4012BF1643B2FAE8
:1005900082F502FA05F4C5F120051EBF22FA05FC1A
:1005A00044EA0C04203556EA044C4FEA144418BFC0
:1005B000641C4FF000084FF00009904271EB030CEF
:1005C00039D3002919BFB1FA81F701FA07F6B0FA59
:1005D00080F700FA07F6C7F120071EBF20FA07FCD4
:1005E00046EA0C062037B6FBF4FCA7EB0507103FE4
:1005F00007F01F0BCBF120060CFA0BFB2CFA06F6CA
:1006000044BFB3460026202FA4BF5E464FF0000B28
:100610005BEA060C08BF4FF0010B19EB0B09ABFBB3
:10062000027C48EB0608C01B06FB02CC0BFB03CC8C
:1006300071EB0C01C1E70B46024641464846BDE856
:10064000F08B13B54FF000004FF00001AFF30080C6
:10065000BDE81C40704710B500F092F8006810BD6E
:1006600010B5044600F08CF8046010BD2DE9F04789
:100670000D4699469246044600F124080168880612
:1006800004D5E06921F01001216000E00120A842BA
:1006900001DD471B00E00027A1697A1902EB090080
:1006A000081AA0612078C00602D42046AFF300806B
:1006B000002608E0D4E901211AF806009047206AD4
:1006C000401C761C20624E45F4DB2078C0060AD51B
:1006D0002046AFF3008006E0D4E9012130209047A6
:1006E000206A401C2062381EA7F10107F4DC07E0F5
:1006F000D4E9012118F805009047206A401C2062C7
:10070000281EA5F10105F3DC2046AFF30080207818
:10071000000602D50220BDE8F0870120FBE70000BB
:1007200001694A1C02610878704700B58FB0CDE9B5
:1007300001310021059105497944CDE903101146A5
:100740006846FFF709FE0FB000BD0000E5FFFFFFA0
:100750000A6802F8010B0A6070470000074B70B589
:100760000D467B44FFF7E1FF0446284600F00CF8F5
:1007700010B14FF0FF3070BD204670BDDB97000018
:10078000004870478C2C0020007B00F080007047F0
:10079000004870478C2C00207546FFF7F9FFAE46E5
:1007A00005006946534620F00700854618B020B57D
:1007B000FFF73EFDBDE820404FF000064FF0000778
:1007C0004FF000084FF0000B21F00701AC46ACE8F9
:1007D000C009ACE8C009ACE8C009ACE8C0098D4666
:1007E000704710B50446AFF300802046BDE81040C6
:1007F000FFF70ABD70B5044600252068806800F048
:10080000010018B32068806820F00100216888602A
:1008100001F0B0FF054613E001F0ACFF401B0228D9
:100820000ED92068806800F0010048B1A06A40F04D
:100830001000A062E06A40F00100E062012070BD9B
:100840002068806800F001000028E5D10020F6E76C
:1008500038B504460025002000902068806800F02C
:10086000010078BB2068806840F001002168886042
:10087000194800681949B0FBF1F0009002E00098B7
:10088000401E009000980028F9D101F073FF054642
:1008900019E001F06FFF401B022814D9206880681E
:1008A00000F0010078B9A06A40F01000A062E06A90
:1008B00040F00100E06200BF002084F8240000BF87
:1008C000012038BD05E02068806800F001000028A4
:1008D000DFD00020F5E700003C00002040420F0080
:1008E0001648007840B1154800780B2804D013480A
:1008F00000780C2800D070471148006800B9FAE76A
:100900000F480068142807D90D480068642803D2EE
:100910000B200A4908700FE009480068F02808D940
:1009200007480068B0F5967F03D20C200349087091
:1009300002E000200149087000BFDCE754000020FD
:100940000C0100202DE9FC5F04460D461F4800689D
:100950000CF09AF8804621460CF0F4F90646294638
:1009600000200CF0EFF901901948016801980CF093
:10097000EBF8824617490BF055FF81461648006890
:1009800080F0004B134958460BF04CFF824631462D
:100990000CF0DAF8494600900CF0D4F980460CF0DF
:1009A00037F807460D48007803280CD138460CF07C
:1009B0006BF881460A48016848460CF0C5F8804645
:1009C0000CF026F807463846BDE8FC9F20000020C2
:1009D0004C0200200000C8424802002039010020DB
:1009E0003C02002010B5024800F0F0FD10BD0000F0
:1009F000B802002000BFFEE72DE9F05F05460C4677
:100A0000124E1348016820460CF09EF883461148A8
:100A1000016858460BF098FE804631464FF07E50F4
:100A20000CF090F9824641460CF08EF807463146AC
:100A300028460CF089F8814639460BF085FE0549B9
:100A4000086008460068BDE8F09F00000AD7A33C94
:100A500068010020A80100202DE9F05F05460C4642
:100A6000124E1348016820460CF06EF88346114878
:100A7000016858460BF068FE804631464FF07E50C4
:100A80000CF060F9824641460CF05EF807463146AC
:100A900028460CF059F8814639460BF055FE0549B9
:100AA000086008460068BDE8F09F00000AD7A33C34
:100AB00068010020E801002038B5002000906B4656
:100AC00001227521682009F061FD33A0FFF7E8FBE2
:100AD0009DF8000068281DD000BF00BF00BF00BF08
:100AE00000BFBFF34F8F00BF00BF00BF3348006897
:100AF00000F4E06032490843001D3049086000BF3F
:100B000000BF00BFBFF34F8F00BF00BF00BF00BFDB
:100B100000BFFDE709F050FF00283CD178200AF023
:100B200055FD10B91CA0FFF7BBFB782009F032FE81
:100B300010B924A0FFF7B4FBC8200AF0F9FC10B9E3
:100B40002AA0FFF7ADFB08F097FD10B931A0FFF721
:100B5000A7FB3D4809F092FD044608F0E7FF10B9F5
:100B60003AA0FFF79DFB40F2731008F02DFC10B97E
:100B700040A0FFF795FBC82008F008FF10B947A078
:100B8000FFF78EFB0AF008FF01200AF0CDFB10B939
:100B90004BA0FFF785FB38BD6D70755F7365745FA3
:100BA00073656E736F7220636F6D706C6574652012
:100BB0002E2E2E2E2E2E0D0A000000000CED00E031
:100BC0000000FA056D70755F636F6E666967757218
:100BD000655F6669666F20636F6D706C6574652014
:100BE0002E2E2E2E2E2E0D0A000000006D70755F29
:100BF0007365745F73616D706C655F72617465209D
:100C0000636F6D706C657465202E2E2E2E2E2E0D4A
:100C10000A000000646D705F6C6F61645F6D6F74DB
:100C2000696F6E5F6472697665725F6669726D770F
:100C300061726520636F6D706C657465202E2E2E59
:100C40002E2E2E0D0A000000C8000020646D705F7B
:100C50007365745F6F7269656E746174696F6E201D
:100C6000636F6D706C657465202E2E2E2E2E2E0DEA
:100C70000A000000646D705F656E61626C655F669E
:100C800065617475726520636F6D706C6574652045
:100C90002E2E2E2E2E2E0D0A00000000646D705F89
:100CA0007365745F6669666F5F7261746520636FF8
:100CB0006D706C657465202E2E2E2E2E2E0D0A0062
:100CC0006D70755F7365745F646D705F737461746C
:100CD0006520636F6D706C657465202E2E2E2E2E30
:100CE0002E0D0A0010B50446242C0AD11C480078A9
:100CF00038B901201A49087014211A48FFF7E7FB98
:100D000010BD17480078012828D1232C0BD10020D2
:100D1000134908701449087000F05EFB1421114853
:100D2000FFF7D5FB1AE00E480078012816D1242CD5
:100D300014D00D4801780078401C0B4A1070094807
:100D4000445410460078142808DD0020114608702D
:100D50000349087014210348FFF7B9FB00BFCFE730
:100D60008C020020AC0800208D02002010B5044643
:100D7000242C0AD11B48007838B901201949087081
:100D800014211948FFF7A3FB10BD1648007801286D
:100D900026D1232C07D1002012490870134908706E
:100DA0000120134908700F480078012818D1242C1D
:100DB00016D00E4801780078401C0C4A10700A4882
:100DC00044541046007814280ADD002011460870AB
:100DD000044908700649087014210348FFF777FB9F
:100DE00000BFD1E788020020980800208902002077
:100DF0008A02002010B50446242C0AD11B48007832
:100E000038B901201949087014211948FFF75FFB10
:100E100010BD16480078012826D1232C07D10020C8
:100E200012490870134908700120134908700F48CF
:100E30000078012818D1242C16D00E4801780078AB
:100E4000401C0C4A10700A4844541046007814287C
:100E50000ADD002011460870044908700649087030
:100E600014210348FFF733FB00BFD1E788020020BD
:100E700098080020890200208A02002010B504464C
:100E8000242C0AD11B48007838B901201949087070
:100E900014211948FFF71BFB10BD164800780128E4
:100EA00026D1232C07D1002012490870134908705D
:100EB0000120134908700F480078012818D1242C0C
:100EC00016D00E4801780078401C0C4A10700A4871
:100ED00044541046007814280ADD0020114608709A
:100EE000044908700649087014210348FFF7EFFA17
:100EF00000BFD1E788020020980800208902002066
:100F00008A0200207047002107E0002101E04A1C0E
:100F1000D1B20A29FBDB421ED0B20028F5D17047BE
:100F200010B54FF4805001F0A1F910BD10B50020AC
:100F3000034908600421034803F0B0FB10BD000022
:100F4000240400403003002010B50020034908604D
:100F50000421034803F0A2FB10BD00002408004058
:100F60007803002072B600BFFEE700002DE9F04FC5
:100F700091B0804606F038FCE2490860B8F1010FF4
:100F80001BD106F0E7FAE0480068E0490860E04954
:100F9000B1F900000BF078FDDE490860DC49B1F9D9
:100FA00004000BF071FDDC490860DC49B1F9040074
:100FB0000BF06AFDDA490860A1E14421D02004F079
:100FC000A3FC83464321D02004F09EFC0BEB0020C1
:100FD00009900BF059FD06464621D02004F094FC00
:100FE00083464521D02004F08FFC0BEB00200990B4
:100FF0000BF04AFD0A904821D02004F085FC83467E
:101000004721D02004F080FC0BEB002009900BF06E
:101010003BFD07463C21D02004F076FC83463B2173
:10102000D02004F071FC0BEB002009900BF02CFD9C
:101030000D903E21D02004F067FC83463D21D02056
:1010400004F062FC0BEB002009900BF01DFD8246C2
:101050004021D02004F058FC83463F21D02004F0EA
:1010600053FC0BEB002009900BF00EFD05464FF0F2
:101070008E4130460BF034FE05D24FF08F413046A2
:101080000BF060FE06464FF08E410A980BF028FEEA
:1010900005D24FF08F410A980BF054FE0A904FF0A2
:1010A0008E4138460BF01CFE05D24FF08F4138467A
:1010B0000BF048FE07464FF08E410D980BF010FEE6
:1010C00005D24FF08F410D980BF03CFE0D904FF084
:1010D0008E4150460BF004FE05D24FF08F41504632
:1010E0000BF030FE82464FF08E4128460BF0F8FDA3
:1010F00005D24FF08F4128460BF024FE054686F0BE
:101100000040844908600D980BF0F2FA854A864B3E
:10111000CDE906010AF0FCFDCDE908010AF00AFD5F
:10112000109050460BF0E4FA7E4A7F4BCDE9060161
:101130000AF0EEFDCDE908010AF0FCFC0F9028460C
:101140000BF0D6FA774A784BCDE906010AF0E0FDBC
:10115000CDE908010AF0EEFC0E9030460BF0C8FA1B
:101160004FF06632714BCDE906010AF0D1FDCDE9B1
:1011700008010AF0DFFC81460A980BF0B9FA4FF03B
:1011800066326A4BCDE906010AF0C2FDCDE90801DD
:101190000AF0D0FC044666480078022837D189F06E
:1011A000004002460390DDE90E1004F0A1FD8346E5
:1011B0000BF09EFA5F4A604BCDE904010AF0A8FDEE
:1011C00000225E4BCDE906010AF0B8FFCDE9080127
:1011D0000AF0B0FC4C49086022460E99109804F0C1
:1011E000E3FE83460BF084FA524A534BCDE90401E7
:1011F0000AF08EFD0022514BCDE906010AF09EFF58
:10120000CDE908010AF096FC4D4908606FE04848B6
:10121000007803286BD128460BF06AFACDE9020169
:1012200050460BF065FACDE90001DDE9022307F035
:1012300091FE0022414BCDE904010AF07FFF3D4AB7
:101240003D4BCDE906010AF063FDCDE908010AF046
:1012500071FC0C9028460BF04BFACDE902010D9879
:101260000BF046FACDE90001DDE9022307F072FE3A
:101270000022324BCDE904010AF060FF2D4A2E4BCB
:10128000CDE906010AF044FDCDE908010AF052FC5F
:101290000B9030460BF02CFA4FF06632294BCDE91B
:1012A00006010AF035FDCDE908010AF043FC83464A
:1012B00059460C98FFF7A0FB80F0004012490860E7
:1012C0000A980BF015FA4FF066321E4BCDE9060175
:1012D0000AF01EFDCDE908010AF02CFC83465946B0
:1012E0000B98FFF7B9FB80F00040154908600648ED
:1012F000006806490860084807600948056011B0A1
:10130000BDE8F08F18000020B0000020040000208D
:101310009C000020080000200C000020A2000020FB
:101320001C0000208FC2F5285C1F9A40665E8D402D
:1013300000000020F1D4C853FB2109400080664022
:10134000AC0000206666304010B500F09FF80446FF
:10135000034920460BF0F8FB0446204610BD000070
:10136000C3F5804010B50120164908600F2007F032
:10137000E7FF00201449C1F880011448007800F00C
:101380008000E8B11148007800F03F001049086083
:101390000846008800040860084600680D4909886E
:1013A00008440B49086008460068AA2148434FF4E6
:1013B0007A71B0FBF1F0064908600020034908800B
:1013C00010BD0000800121420000214210010020D8
:1013D0000C010020120100202948007830386421D7
:1013E000484327494978303901EB810100EB41013D
:1013F0002348807830380844224908802048C07843
:101400003038642148431E490979303901EB8101A4
:1014100000EB41011A4840793038084419494880A6
:1014200019480078092829D1154880793038642175
:1014300048431349C979303901EB810100EB41017F
:101440000F48007A303808440E4988800C48407AAA
:101450003038642148430A49897A303901EB8101E7
:1014600000EB41010648C07A303808440549C8807D
:1014700008468088C98848430249088170470000AF
:10148000AC0800208E0200203901002070B50A4807
:1014900000F080FD3221084800F08CFC064800F086
:1014A000BFFA84B220460BF007FB064603490BF057
:1014B0004BFB0546284670BDB80200203333533A33
:1014C0002DE9F04F87B083468A4658460AF0E3FD7F
:1014D0000022344BCDE900010AF030FE0022324BED
:1014E000CDE902010AF014FC804600222F4B0AF0DD
:1014F0000FFC064600222E4B0AF00AFC04460AF0B6
:1015000019FB059005980BF0F3F82A4A2A4BCDE910
:1015100002010AF013FE80460022284B0AF00EFE5C
:1015200006460022264B0AF0F3FB04460AF002FBB3
:101530002449086050460AF0AEFD0022194BCDE95F
:1015400000010AF0FBFD06460022174B0AF0E0FB03
:1015500004460022154B0AF0DBFB80460022144BA8
:101560000AF0D6FBCDE902010AF0E4FA04900498EF
:101570000BF0BEF880460F4A0F4B0AF0DFFD002249
:101580000E4BCDE902010AF0D9FD064600220C4BB4
:101590000AF0BEFB04460AF0CDFA0B49086007B01A
:1015A000BDE8F08F000069400000104000003E40A0
:1015B00000002640F1D4C853FB21094000C0504030
:1015C000000024403001002034010020F8B504461A
:1015D0000026002000904B492068884207D04A49E5
:1015E0002068884203D049492068884200D103E03E
:1015F0007E2147A007F09CFB00BF94F8240001283F
:1016000001D10220F8BD012084F8240000BF20464B
:10161000FFF7F0F806462046FFF71AF90646002EB7
:1016200069D1A06A20F4885040F00200A062022034
:1016300001F034FA43490968B1FBF0F04000009032
:1016400002E00098401E009000980028F9D1206820
:10165000806840F008002168886001F08BF805463A
:1016600016E001F087F8401B0A2811D9206880682D
:1016700000F0080060B1A06A20F0020040F0100005
:10168000A06200BF002084F8240000BF0120B9E759
:101690002068806800F008000028E2D12068806897
:1016A00040F004002168886001F064F8054616E007
:1016B00001F060F8401B0A2811D92068806800F00A
:1016C000040060B1A06A20F0020040F01000A062A7
:1016D00000BF002084F8240000BF012092E72068AA
:1016E000806800F004000028E2D1A06A20F0020027
:1016F00040F00100A06200BF002084F8240000BF79
:1017000030467FE70024014000280140003C0140B2
:101710002E2E2F53544D3332463178785F48414C4A
:101720005F4472697665722F5372632F73746D33E1
:1017300032663178785F68616C5F6164635F657899
:101740002E6300003C000020F8B505460C4600263C
:1017500000200090A1492868884207D0A049286845
:10176000884203D09F492868884200D104E040F2B3
:10177000D6719DA007F0DCFA206890B3206801289C
:101780002FD0206802282CD02068032829D0206878
:10179000042826D02068052823D02068062820D0D9
:1017A000206807281DD0206808281AD0206809283A
:1017B00017D020680A2814D020680B2811D0206880
:1017C0000C280ED020680D280BD020680E2808D0D9
:1017D00020680F2805D02068102802D02068112822
:1017E00000D104E040F2D7717FA007F0A1FA606851
:1017F00001282CD06068022829D06068032826D0F0
:101800006068042823D06068052820D06068062816
:101810001DD0606807281AD06068082817D0606853
:10182000092814D060680A2811D060680B280ED0EF
:1018300060680C280BD060680D2808D060680E28FE
:1018400005D060680F2802D06068102800D104E03D
:101850004FF4FB6164A007F06BFAA068A0B1A06828
:10186000012811D0A06802280ED0A06803280BD050
:10187000A068042808D0A068052805D0A06806281C
:1018800002D0A068072800D104E040F2D97156A028
:1018900007F04EFA00BF95F82400012801D102207C
:1018A000F8BD012085F8240000BF6068072812D227
:1018B0002868406B2179491E01EB81021F2191406C
:1018C00088432279521E02EB82022168914008432C
:1018D0002968486327E060680D2812D22868006BE9
:1018E0002179C91F01EB81021F2191408843227990
:1018F000D21F02EB820221689140084329680863E5
:1019000011E02868C06A21790D3901EB81021F219D
:101910009140884322790D3A02EB8202216891407E
:1019200008432968C86220680A2812D32868C0685A
:1019300021780A3901EB410207219140884322783E
:101940000A3A02EB4202A168914008432968C86044
:101950000FE028680069217801EB410207219140DE
:101960008843227802EB4202A1689140084329682B
:1019700008612068102802D02068112827D1174953
:10198000286888421ED12868806800F40000F0B9F9
:101990002868806840F40000296888602068102862
:1019A00015D11D4800681D49B0FBF1F000EB800027
:1019B0004000009002E00098401E0090009800282F
:1019C000F9D104E0A86A40F02000A862012600BF17
:1019D000002085F8240000BF304661E70024014064
:1019E00000280140003C01402E2E2F53544D33322D
:1019F000463178785F48414C5F4472697665722F52
:101A00005372632F73746D3332663178785F686117
:101A10006C5F6164632E63003C00002040420F0055
:101A200010B504460A492068884207D00949206851
:101A3000884203D008492068884200D104E040F27F
:101A4000E56106A007F074F92068C06C10BD0000C5
:101A50000024014000280140003C01402E2E2F535D
:101A6000544D3332463178785F48414C5F44726957
:101A70007665722F5372632F73746D3332663178CB
:101A8000785F68616C5F6164632E63002DE9F041EB
:101A90000446002700250026A84614B90120BDE809
:101AA000F08197492068884207D09649206888428B
:101AB00003D095492068884200D104E040F2A91182
:101AC00092A007F035F9606818B16068B0F5006F52
:101AD00000D104E04FF4D5718CA007F029F9A0687B
:101AE00018B1A068B0F5807F00D104E040F2AB11DE
:101AF00086A007F01DF9207B10B1207B012800D1C2
:101B000004E04FF4D67181A007F012F9E06988B3C0
:101B1000E069B0F5003F2DD0E069B0F5C02F29D0C5
:101B2000E069B0F5002F25D0E069B0F5202F21D075
:101B3000E069B0F5402F1DD0E069D8B1E069B0F59B
:101B4000003F17D0E069B0F5C02F13D0E069B0F5C1
:101B5000202F0FD0E069B0F5402F0BD0E069B0F531
:101B6000802F07D0E069B0F5402F03D0E069B0F5D1
:101B7000602F00D104E040F2AD1164A007F0D8F866
:101B8000A068002822D0206918B12069102800D848
:101B900004E040F2B1115DA007F0CAF8207D10B159
:101BA000207D012800D104E04FF4D97157A007F03F
:101BB000BFF8207D50B1A06918B1A069082800D8ED
:101BC00004E040F2B51151A007F0B2F8A06A30B9B4
:101BD0000020E06284F82400204600F0B3F820469C
:101BE000FEF708FE0746A06A00F01000002873D137
:101BF000002F7ED1A06A20F4885040F00200A0623D
:101C0000414AD4E90001904208D1E069B0F5402F83
:101C100002D14FF4002002E0E06900E0E0690143F6
:101C2000207B41EA40000643A068B0F5807F02D0E7
:101C3000A068012802D14FF4807000E00020054325
:101C4000207D012811D1207B38B9A069401E4FF4B6
:101C5000006141EA4030054307E0A06A40F02000FF
:101C6000A062E06A40F00100E0622068406820F471
:101C70006940284321684860206880682F490840EF
:101C8000304321688860A068B0F5807F02D0A068EA
:101C9000012802D14FF4807000E00020B0F5807F71
:101CA00003D1208A401E4FEA00582068C06A20F401
:101CB000700040EA08002168C862206880682049F6
:101CC0000840B04209D10020E062A06A20F0020082
:101CD00040F00100A06211E00BE0A06A20F00200D9
:101CE00040F01000A062E06A40F00100E0620127CD
:101CF00004E0A06A40F01000A06201273846CEE65A
:101D00000024014000280140003C01402E2E2F53AA
:101D1000544D3332463178785F48414C5F447269A4
:101D20007665722F5372632F73746D333266317818
:101D3000785F68616C5F6164632E6300FDF7E1FFAB
:101D4000FE0E1FFF10B586B00446002002900390DF
:101D50000490059014492068884222D100BF13489E
:101D6000806940F40070114988610846806900F478
:101D70000070019000BF00BF00BF0846806940F0BE
:101D8000040088610846806900F00400019000BFEB
:101D900000BF202002900320039002A9044800F015
:101DA00073FA06B010BD000000240140001002408C
:101DB00000080140F8B504460D46002600200090BA
:101DC000002761492068884207D06049206888421E
:101DD00003D05F492068884200D104E040F2B3415B
:101DE0005CA006F0A5FF00F0C5FC064620688068F0
:101DF00000F4807050B1A06A40F02000A06200BFE3
:101E0000002084F8240000BF0120F8BD206840684D
:101E100000F4807020BB2068C06A00F47000F8B93C
:101E200017E0681CA8B125B100F0A4FC801BA842F3
:101E30000FD92068006800F0020050B9A06A40F095
:101E40000400A06200BF002084F8240000BF03202B
:101E5000DBE72068006800F002000028E1D053E0D2
:101E6000022000F01BFE47490968B1FBF0F0216831
:101E70000969454A114091B92168C9689211114018
:101E800069B921680969414A114031B92168C968B5
:101E90009211114009B9142117E0292115E0216898
:101EA00009693A4A114021B92168C9689211114063
:101EB00041B121680969364A114029B92168C968C8
:101EC000114009B9542100E0FC2100FB01F718E0A2
:101ED000681C98B125B100F04DFC801BA8420DD9BB
:101EE0000098B8420AD2A06A40F00400A06200BF85
:101EF000002084F8240000BF032086E70098401CDF
:101F000000900098B842E3D36FF012002168086097
:101F1000A06A40F40070A0622068806800F460202D
:101F2000B0F5602F0DD1207B58B9A06A20F48070E5
:101F3000A062A06A00F4805018B9A06A40F00100C5
:101F4000A062002061E70000002401400028014059
:101F5000003C01402E2E2F53544D333246317878B9
:101F60005F48414C5F4472697665722F5372632FEC
:101F700073746D3332663178785F68616C5F616469
:101F8000632E63003C0000202449922492244912CD
:101F90004992240070B504460025524920688842C1
:101FA00007D051492068884203D0504920688842B0
:101FB00000D104E040F211414DA006F0B9FE00BF8F
:101FC00094F82400012801D1022070BD012084F87A
:101FD000240000BF2046FEF73BFC0546002D79D1CA
:101FE000A06A40F20121884340F48070A0623E491B
:101FF0002068884209D13B48001D006800F4702029
:1020000008B9012002E0002000E0012078B1A06AB8
:1020100020F48010A0622068406800F4806000B363
:10202000A06A20F4005040F48050A06219E0A06A39
:1020300040F48010A0622B492068884203D02A49CE
:102040002068884205D12748001D006800F48060A0
:1020500000E0002028B1A06A20F4005040F4805035
:10206000A062A06A00F4805020B1E06A20F006006F
:10207000E06201E00020E06200BF002084F824005C
:1020800000BFC01E216808602068806800F46020DE
:10209000B0F5602F17D114492068884209D1114842
:1020A000001D006800F4702008B9012002E0002043
:1020B00000E0012038B12068806840F4A000216869
:1020C00088600CE006E02068806840F48010216899
:1020D000886004E000BF002084F8240000BF284688
:1020E00073E700000024014000280140003C01404B
:1020F0002E2E2F53544D3332463178785F48414C61
:102100005F4472697665722F5372632F73746D33F7
:1021100032663178785F68616C5F6164632E63005A
:1021200070B5044600F026FB06462546681C10B133
:1021300004480078054400BF00F01CFB801BA84247
:10214000FAD370BD380000202DE9F0478046B8F57D
:10215000805F72D13A480088002804DD3848008842
:10216000401E3749088005F075FC36480078FEF7B8
:10217000FDFE002005F01CFB8146012005F018FB48
:10218000444221464846FFF79BF92F4801682F48F3
:102190000068FEF7D7FB05462146484606F060FA80
:1021A00006462B48006806F08FF80746A819384401
:1021B00028490860A819C01B2749086025480068FD
:1021C00005F05EF8234908602348006805F058F8D8
:1021D00021490860214A51421E48006805F05DF817
:1021E0001C4908601D4A51421B48006805F055F81B
:1021F0001949086023464A4614480168184800688F
:1022000005F056F810B101201649087022464946DB
:102210000E48006805F0CAF810B100201149087096
:10222000114801680948006806F08CF828B90A4886
:1022300001680848006805F05BFCBDE8F087000015
:102240001C010020000000200800002004000020E5
:102250000C0000201000002014000020D8F5FFFF23
:102260001C0000202C0000202001002010B5044696
:1022700004480068204020B1024804602046FFF76F
:1022800063FF10BD140401402DE9FC5F05460C46B8
:10229000002700200190E648854211D0E54885429C
:1022A0000ED0E54885420BD0E448854208D0E4488A
:1022B000854205D0E348854202D0E348854200D1FB
:1022C00003E0BD21E1A006F033FD208880B220B1FB
:1022D00020686FF30F0000B903E0BE21DBA006F019
:1022E00027FD606830B36068012823D0606811283A
:1022F00020D0606802281DD0606812281AD0E049FA
:102300006068884216D0DF496068884212D0DE4992
:10231000606888420ED0DD49606888420AD0DC4996
:102320006068884206D0DB496068884202D06068F5
:10233000032800D103E0BF21C4A006F0F9FC6FE13F
:10234000012000FA07F8206800EA0806464575D122
:10235000B748854211D0B74885420ED0B64885426D
:102360000BD0B648854208D0B548854205D0B5485F
:10237000854202D0B448854200D103E0CD21B3A00C
:1023800006F0D6FCBE4A6068811A90426AD00EDC24
:10239000032875D006DC002863D0012819D0022854
:1023A0006FD139E0112825D01228F9D147E0B1F5D5
:1023B000881F5BD006DCB1F5803F56D0B1F5801F99
:1023C00079D150E0B1F5001F4ED0B1F5041F72D1A4
:1023D0004DE0E068022805D0E068012802D0E068FE
:1023E000032800D103E0D52198A006F0A1FCE06805
:1023F000019061E0E068022805D0E068012802D081
:10240000E068032800D103E0DC2190A006F090FCF6
:10241000E068001D01904FE0E068022805D0E06808
:10242000012802D0E068032800D103E0E32187A05F
:1024300006F07EFCE068083001903DE0D2E0E06804
:10244000022805D0E068012802D0E068032800D106
:1024500003E0EA217DA006F06BFCE0680C300190FF
:102460002AE000BF00BF00BF00BF00BF00BFA068E0
:1024700028B1A068012802D0A068022802D105E096
:1024800016E018E0F72171A006F052FCA06810B920
:10249000042001900BE0A068012804D108200190DD
:1024A000C5F8108003E008200190C5F8148003E00F
:1024B0000020019000E000BF00BFFF2E01D8284699
:1024C00000E0281D8246FF2E01D8B80002E0A7F1E7
:1024D000080080008346DAF800000F2101FA0BF1B2
:1024E0008843019901FA0BF10843CAF800006068BB
:1024F00000F08050B0F1805F74D100BF6648806901
:1025000040F00100644988610846806900F00100DC
:10251000009000BF00BF4FEAB130B90850F82190D9
:10252000B807010F0F20884029EA0009404885427A
:1025300001D1002019E03F48854201D1012014E07B
:102540003D48854201D102200FE03C48854201D13F
:1025500003200AE03A48854201D1042005E03948C9
:10256000854201D1052000E00620B907090F884007
:1025700040EA09094948B90840F82190606800F428
:102580008010B0F5801F05D14548006830434449AC
:10259000086004E042480068B04341490860606850
:1025A00000F40010B0F5001F07D13D48001D006881
:1025B00030433B49091D086006E03948001D0068AA
:1025C000B0433749091D0860606800F40030B0F579
:1025D000003F08D13248001F006830433049091FCE
:1025E000086007E01BE02E48001F0068B0432C493C
:1025F000091F0860606800F48030B0F5803F07D1A3
:10260000274808380068304325490839086006E043
:10261000234808380068B0432149083908607F1C06
:102620002068F84000287FF48BAEBDE8FC9F0000D6
:1026300000080140000C014000100140001401405E
:1026400000180140001C0140002001402E2E2F5395
:10265000544D3332463178785F48414C5F4472695B
:102660007665722F5372632F73746D3332663178CF
:10267000785F68616C5F6770696F2E6300000000AF
:102680000000111000002110000031100000121095
:10269000000022100000321000100240080001402B
:1026A0000804014070B506460C46A0B218B1200CD3
:1026B000000400B904E04FF4DA7105A006F038FB1D
:1026C000B068204008B1012500E00025284670BD13
:1026D0002E2E2F53544D3332463178785F48414C7B
:1026E0005F4472697665722F5372632F73746D3312
:1026F00032663178785F68616C5F6770696F2E63EE
:102700000000000070B506460C461546A0B218B190
:10271000200C000400B904E04FF4EA7108A006F0B0
:1027200007FB0DB1012D00D104E040F2D51104A04A
:1027300006F0FEFA0DB1346101E02004306170BD95
:102740002E2E2F53544D3332463178785F48414C0A
:102750005F4472697665722F5372632F73746D33A1
:1027600032663178785F68616C5F6770696F2E637D
:1027700000000000014800687047000030000020A1
:102780000348006803490978084401490860704714
:10279000300000203800002010B50848006840F0E4
:1027A000100006490860032000F038F9002000F00E
:1027B00007F800F02BF8002010BD000000200240B8
:1027C00070B504460E4800784FF47A71B1FBF0F012
:1027D0000C490968B1FBF0F5284600F0EDFF08B19F
:1027E000012070BD102C07D200222146501E00F09F
:1027F000AFF80548046001E00120F2E70020F0E7AF
:10280000380000203C0000203400002008B500BF44
:102810001348806940F001001149886108468069C9
:1028200000F00100009000BF00BF00BF0846C06973
:1028300040F08050C8610846C06900F080500090A8
:1028400000BF00BF052000F0E9F800BF0549486857
:1028500020F0E06040F00070486000BF08BD00005C
:10286000001002400000014010B50446002C00DBBF
:1028700003E0CD210FA006F05BFA2046002817DB0D
:1028800000F01F0201219140174A430942F823102A
:1028900000BF00BF00BFBFF34F8F00BF00BF00BF2E
:1028A00000BF00BF00BFBFF36F8F00BF00BF00BFFE
:1028B00000BF10BD2E2E2F53544D33324631787841
:1028C0005F48414C5F4472697665722F5372632F83
:1028D00073746D3332663178785F68616C5F636FF3
:1028E000727465782E63000080E100E010B5044644
:1028F000002C00DB03E0BD2108A006F019FA2046F9
:10290000002809DB00F01F020121914042099200DA
:1029100002F1E022C2F8001100BF10BD2E2E2F538D
:10292000544D3332463178785F48414C5F44726988
:102930007665722F5372632F73746D3332663178FC
:10294000785F68616C5F636F727465782E630000F6
:102950002DE9F05F80460C4615460027102D00D269
:1029600003E0A92120A006F0E3F9102C00D203E037
:10297000AA211DA006F0DCF905F092FF07463946B2
:1029800022462B4601F00700C0F1070ABAF1040FF6
:1029900002D94FF0040A01E0C0F1070AD14600F164
:1029A000040ABAF1070F02D24FF0000A01E0A0F1C9
:1029B000030AD4464FF0010A0AFA09FAAAF1010AF9
:1029C0000AEA020A0AFA0CFA4FF0010B0BFA0CFBA6
:1029D000ABF1010B0BEA030B4AEA0B06314640460A
:1029E00005F07AFFBDE8F09F2E2E2F53544D333261
:1029F000463178785F48414C5F4472697665722F42
:102A00005372632F73746D3332663178785F686107
:102A10006C5F636F727465782E63000010B50446B6
:102A2000072C07D0062C05D0052C03D0042C01D090
:102A3000032C00D103E0912109A006F079F900BF31
:102A400004F00701134A10684FF6FF021040124AC3
:102A5000024342EA01200F4A106000BF10BD00008F
:102A60002E2E2F53544D3332463178785F48414CE7
:102A70005F4472697665722F5372632F73746D337E
:102A800032663178785F68616C5F636F7274657805
:102A90002E6300000CED00E00000FA052DE9F04780
:102AA00004464FF00008002600270025A94604F040
:102AB000010078B904F0020002280BD004F00400F1
:102AC000042807D004F00800082803D004F0100000
:102AD000102800D104E04FF4CA713EA006F028F996
:102AE000042C37D004DC012C3CD0022C6CD160E0EB
:102AF000082C33D0102C67D143484568006800F09B
:102B0000807008B34148C5F38341475C05F48030C9
:102B100078B13D484068C0F340403D4911F800801D
:102B200005F4803040B13B48B0FBF8F000FB07F6FD
:102B300002E0394807FB00F63348406800F48000A3
:102B4000B0F5800F01D1B14603E070000321B0FB66
:102B5000F1F93AE000F0EAFA814636E000F0E6FAF0
:102B6000814632E02848056A05F44070B0F5807F60
:102B700005D105F0020010B14FF4004918E005F44A
:102B80004070B0F5007F07D11F48406A00F0020096
:102B900010B149F640490BE005F44070B0F5407FB4
:102BA00006D11948006800F4003008B14FF22449FA
:102BB0000BE000F0ABFA14494968C1F38131491CBC
:102BC0004900B0FBF1F900E000BF00BF4846BDE896
:102BD000F08700002E2E2F53544D33324631787833
:102BE0005F48414C5F4472697665722F5372632F60
:102BF00073746D3332663178785F68616C5F7263CD
:102C0000635F65782E6300000010024030CF00083B
:102C100040CF000800127A0000093D00F8B50446D4
:102C200000260025207800F0010098B9207800F0F7
:102C3000020002280ED0207800F00400042809D0F9
:102C4000207800F00800082804D0207800F0100058
:102C5000102800D103E06A2161A006F069F820780D
:102C600000F0010000287DD00027606858B160683E
:102C7000B0F5807F07D06068B0F5007F03D0606852
:102C8000B0F5407F00D103E0722155A006F050F866
:102C90006048C06900F0805070B900BF5D48C069ED
:102CA00040F080505B49C8610846C06900F0805020
:102CB000009000BF00BF01275748006800F48070F3
:102CC000B0B95548006840F4807053490860FFF778
:102CD00051FD064606E0FFF74DFD801B642801D933
:102CE0000320F8BD4C48006800F480700028F2D042
:102CF0004848006A00F440752DB3A08800F4407085
:102D0000A84220D04348006A20F44075012043497E
:102D10000860002008603F48056205F0010090B19E
:102D2000FFF728FD064608E0FFF724FD801B41F26F
:102D30008831884201D90320D3E73648006A00F081
:102D400002000028F0D03348006A20F44070616827
:102D5000084330490862012F06D10846C06920F0B7
:102D6000805000E001E0C86100BF207800F0020060
:102D700002281AD1A06858B1A068B0F5804F07D0DA
:102D8000A068B0F5004F03D0A068B0F5404F00D167
:102D900003E0B72112A005F0CBFF1E48406820F4E5
:102DA0004040A16808431B494860207800F01000AB
:102DB000102813D16069B0F5800F01D0606900B9A7
:102DC00004E040F2131106A005F0B2FF114840687C
:102DD00020F48000616908430E494860002080E7C4
:102DE0002E2E2F53544D3332463178785F48414C64
:102DF0005F4472697665722F5372632F73746D33FB
:102E000032663178785F68616C5F7263635F6578A2
:102E10002E63000000100240007000404004424257
:102E200070B504460D460CB9012070BD207800F045
:102E3000010070B9207800F00200022809D0207843
:102E400000F00400042804D0207800F008000828CE
:102E500000D104E040F2363190A005F069FF1DB1C9
:102E6000012D01D0022D00D104E040F237318BA0BA
:102E700005F05EFF9548006800F00700A8420ED2FA
:102E80009248006820F007002843904908600846EF
:102E9000006800F00700A84201D00120C5E72078B3
:102EA00000F0020002283DD1207800F00400042840
:102EB00005D18748406840F4E06085494860207843
:102EC00000F00800082805D18148406840F46050AF
:102ED0007F494860A068B8B1A068802814D0A06875
:102EE000902811D0A068A0280ED0A068B0280BD0E0
:102EF000A068C02808D0A068D02805D0A068E02825
:102F000002D0A068F02800D104E040F25D3163A057
:102F100005F00EFF6E48406820F0F000A1680843FD
:102F20006B494860207800F00100002845D06068B7
:102F300028B16068012802D06068022800D104E04E
:102F40004FF4597155A005F0F3FE6068012806D1D1
:102F50005F48006800F4003090B9012065E76068C0
:102F6000022806D15A48006800F0007040B90120DC
:102F70005BE75748006800F0020008B9012054E7F9
:102F80005348406820F00300616808435049486096
:102F9000FFF7F0FB064608E0FFF7ECFB801B41F271
:102FA0008831884201D903203FE74948406800F052
:102FB0000C006168B0EB810FEED14448006800F06E
:102FC0000700A8420ED94148006820F007002843B6
:102FD0003E4908600846006800F00700A84201D09A
:102FE000012022E7207800F0040004281FD1E068C7
:102FF00078B1E068B0F5806F0BD0E068B0F5A06FF5
:1030000007D0E068B0F5C06F03D0E068B0F5E06FBE
:1030100000D104E040F2A23120A005F089FE2C4846
:10302000406820F4E060E16808432949486020785E
:1030300000F00800082820D1206978B12069B0F597
:10304000806F0BD02069B0F5A06F07D02069B0F574
:10305000C06F03D02069B0F5E06F00D104E040F20A
:10306000A9310EA005F064FE1948406820F46050B4
:10307000216940EAC1001649486000F057F8144938
:103080004968C1F30311134A515CC84012490860F2
:1030900012480068FFF794FB0020C6E62E2E2F533F
:1030A000544D3332463178785F48414C5F44726901
:1030B0007665722F5372632F73746D333266317875
:1030C000785F68616C5F7263632E6300002002406A
:1030D0000010024042CF00083C00002034000020D5
:1030E00001480068704700003C00002000B5FFF771
:1030F000F7FF04494968C1F30221034A515CC84003
:1031000000BD00000010024052CF000800B5FFF7DC
:10311000E7FF04494968C1F3C221034A515CC84032
:1031200000BD00000010024052CF000870B5002121
:103130000022002400230020134D696801F00C05D3
:10314000F5B1042D02D0082D19D101E00F4819E086
:103150000F4DC1F38346AB5D01F4803555B10A4D87
:103160006D68C5F340450B4E725D084D5D43B5FB80
:10317000F2F402E0084D03FB05F4204602E000BF34
:10318000024800BF00BF70BD0010024000127A006C
:103190001ECF00082ECF000800093D00F8B50446F8
:1031A0000CB90120F8BD206890B1207800F0010032
:1031B00070B9207800F00200022809D0207800F0D1
:1031C0000800082804D0207800F00400042800D16A
:1031D00004E040F26511FAA005F0AAFD207800F0A5
:1031E0000100002870D0606838B16068B0F5803F99
:1031F00003D06068B0F5A02F00D104E040F26B115D
:10320000EFA005F095FDFA48406800F00C00042896
:103210000CD0F748406800F00C00082811D1F448A1
:10322000406800F48030B0F5803F0AD1F048006873
:1032300000F40030002860D0606800285DD10120D3
:10324000B0E700BF6068B0F5803F06D1E84800688D
:1032500040F48030E649086028E0606858B9E448E6
:10326000006820F48030E24908600846006820F4D5
:10327000802008601AE06068B0F5A02F0BD1DC4810
:10328000006840F48020DA4908600846006840F48D
:10329000803008600AE0D648006820F48030D449C5
:1032A00008600846006820F48020086000BF60685D
:1032B00090B1FFF75FFA054607E0FFF75BFA401BA6
:1032C000642802D903206DE717E0C948006800F4BC
:1032D00000300028F1D010E0FFF74CFA054606E078
:1032E000FFF748FA401B642801D903205AE7C04879
:1032F000006800F400300028F2D1207800F00200CD
:1033000002286BD1206910B12069012800D104E0A6
:1033100040F29F11AAA005F00BFD60691F2800D89C
:1033200004E04FF4D071A6A005F002FDB04840685B
:1033300000F00C0050B1AE48406800F00C000828C6
:1033400018D1AB48406800F4803098B9A8480068AC
:1033500000F0020020B12069012801D0012021E7FE
:10336000A348006820F0F800616940EAC100A04964
:10337000086033E02069E8B101209E490860FFF74A
:10338000F9F9054606E0FFF7F5F9401B022801D9D7
:10339000032007E79648006800F002000028F2D0FA
:1033A0009348006820F0F800616940EAC100904944
:1033B000086013E000208F490860FFF7DBF905463D
:1033C00006E0FFF7D7F9401B022801D90320E9E600
:1033D0008748006800F002000028F2D1207800F051
:1033E0000800082838D1A06910B1A069012800D1CF
:1033F00004E04FF4F07172A005F09AFCA069B8B136
:1034000001207D490860FFF7B5F9054606E0FFF7A2
:10341000B1F9401B022801D90320C3E67448406A71
:1034200000F002000028F2D0012004F001F813E0BF
:10343000002071490860FFF79DF9054606E0FFF797
:1034400099F9401B022801D90320ABE66848406A7D
:1034500000F002000028F2D1207800F004000428D7
:1034600078D10027E06828B1E068012802D0E06840
:10347000052800D104E040F20F2151A005F058FCCE
:103480005B48C06900F0805070B900BF5848C069FF
:1034900040F080505649C8610846C06900F080502D
:1034A000009000BF00BF01275448006800F48070FE
:1034B000B0B95248006840F4807050490860FFF786
:1034C00059F9054606E0FFF755F9401B642801D974
:1034D000032067E64948006800F480700028F2D0B5
:1034E00000BFE068012806D14148006A40F00100B1
:1034F0003F49086227E0E06858B93D48006A20F07B
:1035000001003B4908620846006A20F00400086296
:1035100019E0E06805280BD13548006A40F0040046
:10352000334908620846006A40F0010008620AE078
:103530002F48006A20F001002D4908620846006A01
:1035400020F00400086200BFE068A0B1FFF712F9A4
:10355000054609E02BE0FFF70DF9401B41F28831E9
:10356000884201D903201DE62148006A00F00200CC
:103570000028F0D012E0FFF7FDF8054608E0FFF75D
:10358000F9F8401B41F28831884201D9032009E64D
:103590001748006A00F002000028F0D1012F05D181
:1035A0001348C06920F080501149C86100BFE0692C
:1035B00028B1E069012802D0E069022820D125E085
:1035C0002E2E2F53544D3332463178785F48414C7C
:1035D0005F4472697665722F5372632F73746D3313
:1035E00032663178785F68616C5F7263632E630066
:1035F000001002400000424280044242007000403D
:1036000040F2AD21AFF2480005F092FBE0690028DE
:1036100075D06748406800F00C00082870D0E06959
:1036200002286ED1206A18B1206AB0F5803F00D11F
:1036300005E040F2B621AFF2780005F079FB606A50
:10364000B8B3606AB0F5802F33D0606AB0F5002F50
:103650002FD0606AB0F5402F2BD0606AB0F5801F84
:1036600027D0606AB0F5A01F23D0606AB0F5C01FF4
:103670001FD0606AB0F5E01F1BD0606AB0F5001F74
:1036800017D0606AB0F5101F13D0606AB0F5201F24
:103690000FD0606AB0F5301F0BD0606AB0F5401FE4
:1036A00007D0606AB0F5501F03D0606AB0F5601FA4
:1036B00000D105E040F2B721AFF2FC0005F038FB85
:1036C00000203C490866FFF755F8054606E0FFF77D
:1036D00051F8401B022801D9032063E534480068F3
:1036E00000F000700028F2D1206AB0F5803F17D1B9
:1036F000A06818B1A068B0F5003F03D108E055E01C
:1037000042E02CE040F2CD21AFF24C1005F010FB6E
:103710002748406820F40030A168084324494860E5
:10372000D4E9080108432249496821F47411084387
:103730001F49486001201F490866FFF71BF805462E
:1037400006E0FFF717F8401B022801D9032029E5FE
:103750001748006800F000700028F2D026E0002032
:1037600014490866FFF706F8054606E0FFF702F879
:10377000401B022801D9032014E50D48006800F021
:1037800000700028F2D111E0E069012800D109E5BC
:103790000748466806F48031206A814204D106F465
:1037A0007011606A814201D00120FBE40020F9E43D
:1037B000001002400000424270B504462546681ED3
:1037C000B0F1807F01D301200FE0681E4FF0E021AF
:1037D00048610F214FF0FF3005F07EF800204FF0D8
:1037E000E021886107200861002070BD70477047A4
:1037F00070B506460C4600254E493068884203D015
:103800004D493068884200D104E040F2F1714BA08C
:1038100005F08EFA2068B0F5006F01D0206800B97D
:1038200004E040F2F27145A005F082FA6068B0F55C
:10383000806F01D0606800B904E040F2F3713FA0EE
:1038400005F076FAA06858B1A068B0F5807F07D07F
:10385000A068B0F5007F03D0A068B0F5407F00D12C
:1038600004E040F2F47135A005F062FAE068FF2848
:1038700000D804E040F2F57130A005F059FA206953
:10388000B0F5805F01D0206900B904E040F2F67124
:103890002AA005F04DFA606918B16069B0F5005FC3
:1038A00000D104E040F2F77124A005F041FAE0698C
:1038B000B0F5804F01D0E06900B904E04FF4FF613A
:1038C0001EA005F035FA00BF96F83C00012801D192
:1038D000022070BD012086F83C0000BF25F0FF00EB
:1038E000E16840EA010525F44070A16840EA01055D
:1038F00025F48060616840EA010525F400602168D4
:1039000040EA010525F48050216940EA010525F4CB
:103910000050616940EA010525F48040E16940EA10
:1039200001053068456400BF002086F83C0000BFF8
:1039300000BFCEE7002C0140003401402E2E2F5353
:10394000544D3332463178785F48414C5F44726958
:103950007665722F5372632F73746D3332663178CC
:10396000785F68616C5F74696D5F65782E630000D5
:103970002DE9F04104460D464749206888421BD096
:1039800046492068884217D02068B0F1804F13D094
:103990004349206888420FD04249206888420BD0B2
:1039A00041492068884207D040492068884203D0B6
:1039B0003F492068884200D104E040F2B4713DA044
:1039C00005F0B6F92868A0B12868102811D0286839
:1039D00020280ED0286830280BD02868402808D02E
:1039E0002868502805D02868602802D028687028E8
:1039F00000D104E040F2B5712EA005F099F9686895
:103A0000802801D0686800B904E040F2B67129A0AE
:103A100005F08EF900BF94F83C00012802D1022085
:103A2000BDE8F081012084F83C0000BF022084F84A
:103A30003D00206847682068866827F0700728687E
:103A400007432068476014492068884213D013490F
:103A5000206888420FD02068B0F1804F0BD0104909
:103A60002068884207D00F492068884203D00E4959
:103A70002068884205D126F08006686806432068E1
:103A80008660012084F83D0000BF002084F83C00DF
:103A900000BF00BFC4E70000002C0140003401401B
:103AA0000004004000080040000C004000100040EE
:103AB000001400402E2E2F53544D33324631787867
:103AC0005F48414C5F4472697665722F5372632F71
:103AD00073746D3332663178785F68616C5F7469D6
:103AE0006D5F65782E63000010B504460CB90120A7
:103AF00010BD4749206888421BD04649206888424B
:103B000017D02068B0F1804F13D043492068884215
:103B10000FD04249206888420BD041492068884232
:103B200007D040492068884203D03F492068884236
:103B300000D104E040F213113CA005F0F9F8A068B0
:103B400058B1A068102808D0A068202805D0A06827
:103B5000402802D0A068602800D104E04FF48A71A8
:103B600032A005F0E5F8206938B12069B0F5807F12
:103B700003D02069B0F5007F00D104E040F21511B8
:103B80002AA005F0D5F8E06820B1E068B0F5803FE4
:103B900000D204E04FF48B7124A005F0C9F8A069AD
:103BA00010B1A069802800D104E040F217111FA0D5
:103BB00005F0BEF894F83D0028B9002084F83C00D8
:103BC000204600F04BF8022084F83D00211D2068BB
:103BD00004F030F8012084F8460000BF84F83E006D
:103BE00001213F200155402001554120015500BFD2
:103BF00000BF012084F842004320015544200155B4
:103C00004520015500BF012084F83D0000206FE7EA
:103C1000002C014000340140000400400008004036
:103C2000000C004000100040001400402E2E2F53C6
:103C3000544D3332463178785F48414C5F44726965
:103C40007665722F5372632F73746D3332663178D9
:103C5000785F68616C5F74696D2E630010B586B023
:103C60000446002002900390049005902068B0F173
:103C7000804F2CD100BF2D48C06940F001002B4976
:103C8000C8610846C06900F00100019000BF00BF94
:103C900000BF0846806940F00400886108468069DA
:103CA00000F00400019000BF00BF0220029000203D
:103CB0000390049002A91E48FEF7E6FA012211467D
:103CC0001C20FEF745FE1C20FEF710FE2CE01949D3
:103CD0002068884216D100BF1448C06940F0100027
:103CE0001249C8610846C06900F01000019000BF89
:103CF00000BF022203213620FEF72AFE3620FEF7FF
:103D0000F5FD11E00C49206888420DD100BF07483D
:103D1000806940F40050054988610846806900F4D4
:103D20000050019000BF00BF06B010BD001002405F
:103D300000080140001000400034014070B5044606
:103D40003049206888421BD02F492068884217D00C
:103D50002068B0F1804F13D02C49206888420FD0E2
:103D60002B49206888420BD02A492068884207D016
:103D700029492068884203D028492068884200D118
:103D800004E04FF4E87126A004F0D2FF94F83D005F
:103D9000012801D0012070BD022084F83D00206878
:103DA000C06840F001002168C86016492068884258
:103DB00013D01549206888420FD02068B0F1804F99
:103DC0000BD012492068884207D0114920688842E8
:103DD00003D01049206888420CD12068806800F028
:103DE0000705062D0CD02068006840F0010021680E
:103DF000086005E02068006840F001002168086064
:103E00000020C8E7002C01400034014000040040BD
:103E100000080040000C004000100040001400406A
:103E20002E2E2F53544D3332463178785F48414C13
:103E30005F4472697665722F5372632F73746D33AA
:103E400032663178785F68616C5F74696D2E6300EB
:103E50002DE9F04104460D46002700BF94F83C00D0
:103E6000012802D10220BDE8F081012084F83C0045
:103E700000BF022084F83D002868B0F5805F1AD0AA
:103E80002868702817D02868B0F5005F13D028681C
:103E9000402810D0286850280DD0286860280AD003
:103EA000286840B12868102805D02868202802D04A
:103EB0002868302800D104E041F2BE41FBA004F0A4
:103EC00037FF2068866826F0770626F47F4620684C
:103ED0008660286850287DD00CDC20287BD004DC4C
:103EE000002879D0102878D1C5E1302876D0402834
:103EF000F9D17AE1602872D070282DD0B0F5805FBA
:103F000003D0B0F5005FEED189E0F4492068884223
:103F10001BD0F3492068884217D02068B0F1804F49
:103F200013D0F049206888420FD0EF4920688842BA
:103F30000BD0EE492068884207D0ED4920688842BE
:103F400003D0EC492068884200D104E041F2CA4124
:103F5000D6A004F0EDFEDCE1E0492068884213D0F1
:103F6000DF49206888420FD02068B0F1804F0BD025
:103F7000DC492068884207D0DB492068884203D0AA
:103F8000DA492068884200D104E041F2D141C7A05B
:103F900004F0CEFEA86858B1A868B0F5805F07D0DD
:103FA000A868B0F5005F03D0A868B0F5405F00D105
:103FB00004E041F2D441BDA004F0BAFE6868B0F557
:103FC000004F10D0686870B1686860B168680228F6
:103FD00009D005E07FE04FE14CE198E14DE1BFE021
:103FE00068680A2800D104E041F2D541AFA004F08E
:103FF0009FFEE8680F2800D804E041F2D641ABA04C
:1040000004F096FED5E902136A68206803F0C0FE4A
:104010002068866846F077062068866079E1AF49B7
:104020002068884213D0AE49206888420FD02068AB
:10403000B0F1804F0BD0AB492068884207D0AA4925
:104040002068884203D0A9492068884200D104E052
:1040500041F2E94195A004F06BFEA86858B1A86848
:10406000B0F5805F07D0A868B0F5005F03D0A868FE
:10407000B0F5405F00D104E041F2EC418BA004F0C8
:1040800057FE6868B0F5004F09D0686838B16868B5
:1040900028B16868022802D068680A2800D104E0C4
:1040A00041F2ED4181A004F043FEE8680F2800D8FA
:1040B00004E041F2EE417DA004F03AFED5E902139E
:1040C0006A68206803F064FE2068806840F48040DD
:1040D000216888601DE181492068884213D08049A9
:1040E000206888420FD02068B0F1804F0BD07D4906
:1040F0002068884207D07C492068884203D07B49E9
:104100002068884200D104E041F2FD4167A004F03C
:104110000FFE6868B0F5004F09D0686838B168686C
:1041200028B16868022802D068680A2800D104E033
:104130004FF4A8515DA004F0FBFDE8680F2800D8FB
:1041400004E041F2015159A004F0F2FDEA68696807
:10415000206803F0FBFF5021206803F024FED8E024
:104160005E492068884213D05D49206888420FD09C
:104170002068B0F1804F0BD05A492068884207D0A0
:1041800059492068884203D058492068884200D1A4
:1041900004E041F20D5145A004F0CAFD6868B0F595
:1041A000004F09D0686838B1686828B1686802288B
:1041B00002D068680A2800D104E041F210513BA007
:1041C00004F0B6FDE8680F2800D804E041F2115170
:1041D00036A004F0ADFDEA686968206804F008F8CC
:1041E0006021206803F0DFFD93E03C4920688842AD
:1041F00013D03B49206888420FD02068B0F1804F2F
:104200000BD038492068884207D037492068884257
:1042100003D036492068884200D104E041F21D51A4
:1042200022A004F085FD6868B0F5004F09D06868E9
:1042300038B1686828B16868022802D068680A281E
:1042400000D104E04FF4A95118A004F071FDE86812
:104250000F2800D804E041F2215114A004F068FDB9
:10426000EA686968206803F071FF4021206803F064
:104270009AFD4EE000BF00BF00BF18492068884289
:1042800013D01749206888420FD02068B0F1804FC2
:104290000BD014492068884207D01349206888420F
:1042A00003D012492068884226D12BE02E2E2F53AE
:1042B000544D3332463178785F48414C5F447269DF
:1042C0007665722F5372632F73746D333266317853
:1042D000785F68616C5F74696D2E6300002C01402B
:1042E000003401400004004000080040000C004081
:1042F000001000400014004041F23051AFF2540071
:1043000004F016FD2968206803F04DFD01E0012747
:1043100000BF00BF012084F83D0000BF002084F8EA
:104320003C0000BF38469EE52DE9F04104460D46AD
:1043300014B90120BDE8F08194492068884213D067
:104340009349206888420FD02068B0F1804F0BD08D
:1043500090492068884207D08F492068884203D05E
:104360008E492068884200D104E040F6D8318CA004
:1043700004F0DEFCA06858B1A068102808D0A0683E
:10438000202805D0A068402802D0A068602800D16D
:1043900004E040F6D93182A004F0CAFC206938B1AB
:1043A0002069B0F5807F03D02069B0F5007F00D18F
:1043B00004E040F6DA317AA004F0BAFCA06910B14A
:1043C000A069802800D104E040F6DB3174A004F03D
:1043D000AFFC2868012805D02868022802D0286888
:1043E000032800D104E040F6DC316DA004F0A0FC0D
:1043F000A868012805D0A868022802D0A868032868
:1044000000D104E040F6DD3165A004F091FCA8691C
:10441000012805D0A869022802D0A869032800D184
:1044200004E040F6DE315EA004F082FC686810B162
:104430006868022800D104E040F6DF3158A004F09B
:1044400077FC686910B16869022800D104E04FF474
:104450003E6153A004F06CFCE86840B1E8680428B1
:1044600005D0E868082802D0E8680C2800D104E0EC
:1044700040F6E1314AA004F05BFCE86940B1E8692C
:10448000042805D0E869082802D0E8690C2800D182
:1044900004E040F6E23142A004F04AFC28690F280B
:1044A00000D804E040F6E3313DA004F041FC286A66
:1044B0000F2800D804E040F6E43139A004F038FCBD
:1044C000E06820B1E068B0F5803F00D204E040F63B
:1044D000E53133A004F02CFC94F83D0028B900200D
:1044E00084F83C00204600F073F8022084F83D0078
:1044F0002068806844F20701884321688860211D94
:10450000206803F097FB2068D0F80880206886694F
:104510002068076A286840EA080840F203308643AA
:10452000A969A86840EA0120064340F60C4086438A
:104530004FF2F0008643E969E86840EA012006434B
:1045400028690001296A40EA0130064327F0220762
:104550006969686840EA011007432068C0F808806C
:104560002068866120680762012084F8460084F88C
:104570003E0001213F200155012084F842004320E4
:104580000155012084F83D000020D3E6002C0140B5
:10459000003401400004004000080040000C0040CE
:1045A0002E2E2F53544D3332463178785F48414C8C
:1045B0005F4472697665722F5372632F73746D3323
:1045C00032663178785F68616C5F74696D2E630064
:1045D00010B586B004460020029003900490059028
:1045E00029492068884224D100BF2848C06940F08A
:1045F00002002649C8610846C06900F00200019027
:1046000000BF00BF00BF0846806940F00400886119
:104610000846806900F00400019000BF00BFC02080
:10462000029000200390049002A91948FDF72CFE87
:1046300027E018492068884223D100BF1348C06989
:1046400040F004001149C8610846C06900F0040048
:10465000019000BF00BF00BF0846806940F008001D
:1046600088610846806900F00800019000BF00BF23
:10467000C020029000200390049002A90648FDF794
:1046800003FE06B010BD0000000400400010024010
:104690000008014000080040000C01402DE9F047EF
:1046A00004460D4694F83E603F20075D94F8428032
:1046B000432010F804903B492068884213D03A49BF
:1046C000206888420FD02068B0F1804F0BD0374966
:1046D0002068884207D036492068884203D035498F
:1046E0002068884200D104E040F6954132A004F0F1
:1046F0001FFB6DB9012E02D1B8F1010F02D00120CC
:10470000BDE8F087022084F83E0084F8420025E0EE
:10471000042D0CD1012F02D1B9F1010F01D00120DC
:10472000EEE702213F2001554320015516E0012EFE
:1047300007D1012F05D1B8F1010F02D1B9F1010F55
:1047400001D00120DCE7022084F83E0002213F2056
:104750000155022084F842004320015515B1042D73
:104760000CD105E001220021206803F0B1FA10E02D
:1047700001220421206803F0ABFA0AE001220021A3
:10478000206803F0A5FA01220421206803F0A0FAB2
:1047900000BF00BF2068006840F001002168086089
:1047A0000020ADE7002C014000340140000400402F
:1047B00000080040000C00402E2E2F53544D333281
:1047C000463178785F48414C5F4472697665722F54
:1047D0005372632F73746D3332663178785F68611A
:1047E0006C5F74696D2E630010B5044643488442C3
:1047F00043D14348007800F0800000287DD1404834
:10480000007800F04000C8B33D48008840F08000C8
:104810003B4908800421394800F0CAFE3949088024
:1048200000BF36480068006A41F21111084068B9BB
:1048300032480068006A8910084038B92F4800687B
:10484000006820F001002D490968086000BF2B486E
:104850000068006A20F0A00028490968086227481B
:104860000068006A254909680862244800680068F1
:1048700040F001002149096808603EE0FFE70020A0
:104880001F4908801F4908801D48008840F04000EB
:104890001B49088000BF19480068006A41F21111E5
:1048A000084068B915480068006A8910084038B99E
:1048B00012480068006820F001001049096808608B
:1048C00000BF00200D49096848620C480068006A72
:1048D00020F0A00009490968086208480068006AD9
:1048E00040F0200005490968086204480068006833
:1048F00040F0010001490968086010BDE80200208D
:1049000010010020120100202DE9F04104460D465F
:10491000164600278B492068884213D08A492068B0
:1049200088420FD02068B0F1804F0BD087492068B3
:10493000884207D086492068884203D0854920688C
:10494000884200D104E041F2190183A004F0F0F99B
:10495000286828B12868022802D028680A2800D1CF
:1049600004E041F21A017CA004F0E2F96868012831
:1049700005D06868022802D06868032800D104E0E6
:1049800041F21B0174A004F0D3F9A86840B1A868F3
:10499000042805D0A868082802D0A8680C2800D1EF
:1049A00004E041F21C016CA004F0C2F9E8680F2891
:1049B00000D804E041F21D0167A004F0B9F900BF7E
:1049C00094F83C00012802D10220BDE8F0810120CA
:1049D00084F83C0000BF96B9EB68D5E90012206866
:1049E00003F0C8FB2068806920F00C002168886112
:1049F00020688069A9680843216888619BE0042ECB
:104A000031D150492068884213D04F4920688842EC
:104A10000FD02068B0F1804F0BD04C4920688842FD
:104A200007D04B492068884203D04A492068884211
:104A300000D104E041F2330147A004F079F9EB68BA
:104A4000D5E90012206803F0E7FB2068806920F4B4
:104A500040602168886120688069A96840EA012077
:104A60002168886167E0082E30D136492068884285
:104A700013D03549206888420FD02068B0F1804FAC
:104A80000BD032492068884207D0314920688842DB
:104A900003D030492068884200D104E041F243014C
:104AA0002DA004F045F9EB68D5E90012206803F069
:104AB000D0FB2068C06920F00C002168C861206824
:104AC000C069A96808432168C86134E00C2E31D15F
:104AD0001C492068884213D01B49206888420FD0A7
:104AE0002068B0F1804F0BD018492068884207D069
:104AF00017492068884203D016492068884200D1AF
:104B000004E041F2530114A004F012F9EB68D5E976
:104B10000012206803F0B9FB2068C06920F44060EF
:104B20002168C8612068C069A96840EA012021683D
:104B3000C86100E0012700BF002084F83C0000BFEE
:104B4000384642E7002C0140003401400004004098
:104B500000080040000C00402E2E2F53544D3332DD
:104B6000463178785F48414C5F4472697665722FB0
:104B70005372632F73746D3332663178785F686176
:104B80006C5F74696D2E630010B504460CB901208A
:104B900010BD4749206888421BD04649206888429A
:104BA00017D02068B0F1804F13D043492068884265
:104BB0000FD04249206888420BD041492068884282
:104BC00007D040492068884203D03F492068884286
:104BD00000D104E040F2C4713CA004F0A9F8A06840
:104BE00058B1A068102808D0A068202805D0A06877
:104BF000402802D0A068602800D104E040F2C571CE
:104C000032A004F095F8206938B12069B0F5807FB2
:104C100003D02069B0F5007F00D104E040F2C671F6
:104C20002AA004F085F8E06820B1E068B0F5803F84
:104C300000D204E040F2C77124A004F079F8A06922
:104C400010B1A069802800D104E04FF4F9611FA0E1
:104C500004F06EF894F83D0028B9002084F83C0078
:104C6000204600F04BF8022084F83D00211D20680A
:104C700002F0E0FF012084F8460000BF84F83E0007
:104C800001213F200155402001554120015500BF21
:104C900000BF012084F84200432001554420015503
:104CA0004520015500BF012084F83D0000206FE73A
:104CB000002C014000340140000400400008004086
:104CC000000C004000100040001400402E2E2F5316
:104CD000544D3332463178785F48414C5F447269B5
:104CE0007665722F5372632F73746D333266317829
:104CF000785F68616C5F74696D2E6300704710B5F2
:104D0000044620680069C0F34000D8B12068C0683C
:104D1000C0F34000B0B16FF00200216808610120CB
:104D200020772068806900F0030018B12046FFF763
:104D30005BFD05E0204600F0D9F8204600F0E3FADC
:104D40000020207720680069C0F38000D8B1206877
:104D5000C068C0F38000B0B16FF004002168086142
:104D6000022020772068806900F4407018B1204646
:104D7000FFF73AFD05E0204600F0B8F8204600F0C5
:104D8000C2FA0020207720680069C0F3C000D8B1C3
:104D90002068C068C0F3C000B0B16FF0080021689F
:104DA0000861042020772068C06900F0030018B172
:104DB0002046FFF719FD05E0204600F097F8204651
:104DC00000F0A1FA0020207720680069C0F30010ED
:104DD000D8B12068C068C0F30010B0B16FF0100007
:104DE00021680861082020772068C06900F44070BD
:104DF00018B12046FFF7F8FC05E0204600F076F8F1
:104E0000204600F080FA002020772068006900F03A
:104E1000010058B12068C06800F0010030B16FF0A7
:104E2000010021680861204600F048FB2068006905
:104E3000C0F3C01058B12068C068C0F3C01030B1D2
:104E40006FF08000216808612046FEF7CFFC2068E3
:104E50000069C0F3801058B12068C068C0F38010AA
:104E600030B16FF0400021680861204600F058FC26
:104E700020680069C0F3401058B12068C068C0F3D2
:104E8000401030B16FF02000216808612046FEF725
:104E9000AEFC10BD10B586B0044600200290039011
:104EA000049005900E492068884217D100BF0D4834
:104EB000806940F010000B4988610846806900F065
:104EC0001000019000BF00BF4FF4707002900220EC
:104ED0000390059002A90448FDF7D6F906B010BD6D
:104EE00000340140001002400010014070470000F3
:104EF0002DE9F04104460D46164600273EB1042E2A
:104F000005D0082E03D00C2E01D03C2E00D104E099
:104F100041F27E018DA003F00BFF2868602802D0CB
:104F20002868702800D104E041F27F0187A003F0D7
:104F3000FFFEA86810B1A868022800D104E04FF471
:104F4000845182A003F0F4FE286910B12869042876
:104F500000D104E041F281017CA003F0E9FE00BF32
:104F600094F83C00012802D10220BDE8F081012024
:104F700084F83C0000BF36B1042E39D0082E6DD025
:104F80000C2E7DD1A1E07D492068884213D07C4958
:104F9000206888420FD02068B0F1804F0BD079494B
:104FA0002068884207D078492068884203D0774932
:104FB0002068884200D104E041F28B0163A003F035
:104FC000B7FE2946206802F0F7FE2068806940F0AD
:104FD0000800216888612068806920F00400216849
:104FE0008861206880692969084321688861A4E094
:104FF00062492068884213D06149206888420FD0F6
:105000002068B0F1804F0BD05E492068884207D0FD
:105010005D492068884203D05C492068884200D1FD
:1050200004E041F29C0149A003F082FE2946206879
:1050300002F03CFF2068806940F4006021688861CC
:105040002068806920F48060216888612068806918
:10505000296940EA0120216888616EE0474920689B
:10506000884215D046492068884211D02068B0F1A6
:10507000804F0DD043492068884209D0424900E062
:1050800059E02068884203D040492068884200D116
:1050900004E041F2AD012DA003F04AFE294620684C
:1050A00002F082FF2068C06940F008002168C861F2
:1050B0002068C06920F004002168C8612068C069C8
:1050C000296908432168C86137E02C492068884273
:1050D00013D02B49206888420FD02068B0F1804F50
:1050E0000BD028492068884207D027492068884289
:1050F00003D026492068884200D104E041F2BE0175
:1051000012A003F015FE2946206802F0CBFF2068AC
:10511000C06940F400602168C8612068C06920F45B
:1051200080602168C8612068C069296940EA01205F
:105130002168C86101E0012700BF00BF00BF002057
:1051400084F83C0000BF38460FE700002E2E2F5396
:10515000544D3332463178785F48414C5F44726930
:105160007665722F5372632F73746D3332663178A4
:10517000785F68616C5F74696D2E6300002C01407C
:10518000003401400004004000080040000C0040D2
:1051900010B504460CB9012010BD4749206888426B
:1051A0001BD046492068884217D02068B0F1804F54
:1051B00013D04349206888420FD042492068884272
:1051C0000BD041492068884207D040492068884276
:1051D00003D03F492068884200D104E040F22C51BE
:1051E0003CA003F0A5FDA06858B1A068102808D025
:1051F000A068202805D0A068402802D0A0686028B8
:1052000000D104E040F22D5132A003F091FD20695D
:1052100038B12069B0F5807F03D02069B0F5007FF8
:1052200000D104E040F22E512AA003F081FDE06895
:1052300020B1E068B0F5803F00D204E040F22F5189
:1052400024A003F075FDA06910B1A069802800D1E9
:1052500004E04FF4A6611FA003F06AFD94F83D003E
:1052600028B9002084F83C00204600F04BF80220CA
:1052700084F83D00211D206802F0DCFC012084F848
:10528000460000BF84F83E0001213F200155402028
:1052900001554120015500BF00BF012084F84200A4
:1052A00043200155442001554520015500BF0120F0
:1052B00084F83D0000206FE7002C014000340140DD
:1052C0000004004000080040000C004000100040B6
:1052D000001400402E2E2F53544D3332463178782F
:1052E0005F48414C5F4472697665722F5372632F39
:1052F00073746D3332663178785F68616C5F74699E
:105300006D2E63007047704770B504460D465A49CC
:105310002068884207D1002D3CD0042D3AD0082DBA
:1053200038D00C2D36D055492068884206D18DB32F
:10533000042D2FD0082D2DD00C2D2BD02068B0F1AE
:10534000804F06D135B3042D24D0082D22D00C2D4A
:1053500020D04B492068884206D1DDB1042D19D0F8
:10536000082D17D00C2D15D046492068884206D14B
:1053700085B1042D0ED0082D0CD00C2D0AD0424939
:105380002068884207D12DB1042D03D0082D01D00B
:105390000C2D00D104E040F2B3513CA003F0C8FC56
:1053A00015B994F83E000BE0042D02D13F20005DBA
:1053B00006E0082D02D14020005D01E04120005DA3
:1053C000012801D0012070BD1DB9022084F83E00E3
:1053D0000EE0042D03D102213F20015508E0082DE5
:1053E00003D102214020015502E002214120015554
:1053F00001222946206802F06BFC1F492068884280
:1054000003D01E492068884201D1012000E000201D
:1054100028B12068406C40F4004021684864164977
:105420002068884213D01549206888420FD0206830
:10543000B0F1804F0BD012492068884207D0114943
:105440002068884203D01049206888420CD1206827
:10545000806800F00706062E0CD02068006840F037
:1054600001002168086005E02068006840F0010044
:10547000216808600020A6E7002C014000340140AC
:105480000004004000080040000C00402E2E2F5366
:10549000544D3332463178785F48414C5F447269ED
:1054A0007665722F5372632F73746D333266317861
:1054B000785F68616C5F74696D2E630070B5044637
:1054C0003149206888425DD130480088401C2F490E
:1054D00008802F480078401C2D4908702D4800880E
:1054E000002804DD2B480088401E2A4908802A48ED
:1054F000007858B128480078012807D0264800785D
:10550000022803D024480078032801D1FBF72AFFA2
:105510002148007818B120480078032802D10120E2
:105520001E4908701C480078012801D1FBF7D8F902
:1055300017480078022823DD002015490870FBF782
:1055400003FF054616480168284607F0FDF8144990
:10555000086014480078401C12490870084600781A
:1055600032280DD110490E48006807F05BF90F4949
:10557000086000200A4908600A49087006F036F9F8
:1055800003F0DAFD70BD00000010004004010020AF
:10559000FD000020FE00002039010020070100204E
:1055A000F8000020FC0000200000484220010020FC
:1055B00070B504460D46002635B1042D25D0082DC2
:1055C00044D00C2D7CD162E044492068884213D03D
:1055D0004349206888420FD02068B0F1804F0BD03B
:1055E00040492068884207D03F492068884203D05C
:1055F0003E492068884200D104E041F2C9513CA0F4
:1056000003F096FB2068466B64E0344920688842CA
:1056100013D03349206888420FD02068B0F1804F02
:105620000BD030492068884207D02F492068884233
:1056300003D02E492068884200D104E041F2D351C2
:105640002BA003F075FB2068866B43E0234920689C
:10565000884213D02249206888420FD02068B0F1D8
:10566000804F0BD01F492068884207D01E49206810
:10567000884203D01D492068884200D104E041F2ED
:10568000DE511BA003F054FB2068C66B22E01349D7
:105690002068884213D01249206888420FD02068C1
:1056A000B0F1804F0BD00F492068884207D00E49D7
:1056B0002068884203D00D492068884201D105E066
:1056C00007E041F2E9510AA003F032FB2068066CC2
:1056D00000E000BF00BF304670BD0000002C01405C
:1056E000003401400004004000080040000C00406D
:1056F0002E2E2F53544D3332463178785F48414C2B
:105700005F4472697665722F5372632F73746D33C1
:1057100032663178785F68616C5F74696D2E630002
:105720007047000010B504460CB9012010BDA069F7
:10573000002826D03F492068884207D03E4920688B
:10574000884203D03D492068884200D104E04FF4EC
:10575000B7713BA003F0ECFAA06958B1A069B0F5AD
:10576000807F07D0A069B0F5007F03D0A069B0F5B5
:10577000407F00D11FE040F26F1131A003F0D8FA52
:1057800019E02C49206888420FD02B4920688842B4
:105790000BD02A492068884207D0364920688842C1
:1057A00003D035492068884200D104E040F27311EB
:1057B00023A003F0BDFAA06818B1A068B0F5805F1F
:1057C00000D104E040F275111DA003F0B1FA94F885
:1057D000410028B9002084F84000204600F04EF82F
:1057E000242084F841002068C06820F4005021681B
:1057F000C860204602F0F8FD2068006920F490405F
:10580000216808612068406920F02A002168486109
:105810002068C06840F400502168C86000206064BF
:10582000202084F8410084F842000020606300BF1B
:105830007CE7000000380140004400400048004080
:105840002E2E2F53544D3332463178785F48414CD9
:105850005F4472697665722F5372632F73746D3370
:1058600032663178785F68616C5F756172742E633F
:1058700000000000004C00400050004010B586B011
:105880000446002002900390049005901A49206875
:1058900088422ED100BF1948806940F480401749E2
:1058A00088610846806900F48040019000BF00BF15
:1058B00000BF0846806940F004008861084680699E
:1058C00000F00400019000BF00BF481502900220C4
:1058D00003900320059002A90948FCF7D5FC4FF47A
:1058E0008060029000200390049002A90448FCF715
:1058F000CBFC06B010BD0000003801400010024093
:105900000008014000BFFEE770B505460E460024C2
:1059100000F0D4F8284600F09FF8641C00F026F947
:10592000304600F099F8641C00F020F900F0C6F849
:10593000691CC8B200F090F8641C00F017F9002050
:1059400000F052F8044600F0EDF8204670BD00006B
:1059500010B500200E4908600E48006820F4706001
:105960000C4908600846006840F440700860002058
:105970000949C1F8A801012003F0E2FC0120044913
:10598000086003F0DDFC00200349C1F8AC0110BD44
:10599000AC812142040C01400080214210B500205E
:1059A0000E4908600E48006820F470600C490860D9
:1059B0000846006840F44070086001200949C1F8B9
:1059C000A80103F0BDFC01200449086003F0B8FC05
:1059D00000200449C1F8AC0110BD0000AC81214297
:1059E000040C01400080214270B505460024174890
:1059F000006820F47060154908600846006840F4AB
:105A000000600860002616E00020114908600220AE
:105A100003F096FC01200F49C1F8AC016006040EAA
:105A20000B488438006808B1601CC4B2022003F03F
:105A300087FC701CC6B2082EE6DB15B1FFF788FFA5
:105A400001E0FFF7ABFF204670BD0000040C0140F1
:105A5000AC8121420080214270B5044614480068A0
:105A600020F47060124908600846006840F44070F5
:105A7000086000200F490860002516E0E0090D4984
:105A8000091F08606006040E012003F059FC012084
:105A90000949C1F8AC0103F053FC00200549086036
:105AA000012003F04DFC681CC5B2082DE6DB70BD7B
:105AB000040C0140AC8121420080214210B51648FF
:105AC000006820F47060144908600846006840F4DB
:105AD000407008600120114908601148D0F8280181
:105AE00008B9002010BD01200C49091D086003F011
:105AF00027FC00200A49C1F8A8010848803800683E
:105B000008B10020EEE7012003F01AFC0020034951
:105B1000091D08600120E5E7040C0140A88121422D
:105B20000080214210B50E48006820F470600C49D6
:105B300008600846006840F4407008600020094989
:105B400008600949C1F8A801012003F0F9FB012010
:105B5000044908600449C1F8A80103F0F1FB10BD35
:105B6000040C0140AC8121420080214210B5002488
:105B70001548006820F47060134908600846006802
:105B800040F40060086001201049086003F0D8FB71
:105B900001200F49C1F8AC0103F0D2FB0AE0601C00
:105BA000C4B2322C03DDFFF7BDFF002010BD012081
:105BB00003F0C6FB0548803800680028EFD1034990
:105BC000091D08600120F1E7040C0140A881214271
:105BD0000080214270B505460E46144631462846DF
:105BE000FFF792FE2070012070BDF8B506460F4603
:105BF00014461D466A4639463046FFF7EBFF2DB185
:105C00000120A0409DF80010084305E00120A040BD
:105C10009DF8001021EA0000C0B200909DF800201D
:105C20003946304600F036F8F8BD2DE9F84307460E
:105C3000884614461D46089E6A4641463846FFF788
:105C4000C9FF28B3601CFF2101FA00F0C4F108016C
:105C50002944491EFF220A41104300F0FF09C5F103
:105C6000080006FA00F0C6B2C4F1070006419DF82C
:105C7000000000EA090000909DF800003043009009
:105C80009DF800204146384600F004F8BDE8F8834E
:105C90000020FBE737B504460D4602AB012229463A
:105CA000204600F001F83EBD2DE9F04180460D464A
:105CB00016461F460024FFF701FF4046FFF7CCFEC3
:105CC000FFF754FF2846FFF7C7FEFFF74FFF00BF5F
:105CD00006E0385DFFF7C0FEFFF748FF601CC4B266
:105CE000B442F6DBFFF71EFF0120BDE8F0810000A3
:105CF0002DE9F04FADB0044689469246A3482B905B
:105D0000A349D1E90023D1E90201CDE92723CDE957
:105D10002901CDF898A09E4B1033D3E90021D3E997
:105D20000203CDE92403CDE922219949203103C999
:105D3000CDE920019649283103C9CDE91E01944BD4
:105D400030330FCB1AAD0FC5914840300068199021
:105D50008F4B4433D3E90020D3E9021316AD0BC5B2
:105D600015928B49543103C9CDE9130100201190DC
:105D700012900F9010900B900C900D900E90079039
:105D8000089009900A90059006900490484606F005
:105D9000AFFC0746884684F00040019006F0A8FC5E
:105DA0003A464346CDE9020103F0D4F8054605F032
:105DB000C1FE834611A8774922AA0123CDE900211B
:105DC000029002221146104605F0A8FC0FA826A951
:105DD00020AA0123CDE9002102901A46194602208B
:105DE00005F09CFC0F99119806F0AEFC6A4908601A
:105DF0001099129806F0A8FC674948600BA86749FB
:105E000022AA0223CDE9002102901A46194618461B
:105E100005F084FC07A815A90BAA0223CDE90021EF
:105E200002901A461946184605F078FC1A99079808
:105E300006F08AFC5A4908601B99089806F084FC11
:105E4000574948601C99099806F07EFC54498860BF
:105E50001D990A9806F078FC5149C86005A81EAA49
:105E60000223CDE9002102901A461946012005F0CF
:105E700055FC04A813A905AA0123CDE9002102902D
:105E800002221146184605F049FC1999049806F0BB
:105E90005BFC054629464FF07E5006F0C3FC04909B
:105EA00011A813A93E4A0123CDE900210290022244
:105EB0001146104605F032FC3A4804A911AA012304
:105EC000CDE9002102901A461946022005F026FC71
:105ED00004A831491EAA0123CDE900210290022223
:105EE0001146184605F01AFC5846049906F02AFF98
:105EF000049011A804A92B4A0123CDE900210290A6
:105F00001A461946022005F009FC234A1199106827
:105F100006F01AFC1F4908601F4A1299506806F0E3
:105F200013FC1C4948600BA81EA91E4A0223CDE998
:105F30000021029001221146184605F0EFFB0B9953
:105F4000279806F0FFFE0B900C99289806F0FAFEB1
:105F50000C900D99299806F0F5FE0D9027AA0E9940
:105F6000D06806F0EFFE0E900C480D490BAA0223F4
:105F7000CDE9002102901A461946184605F0CEFBDD
:105F8000044800682DB0BDE8F08F00000AD7A33B9D
:105F9000D8030108EC010020F4010020FC010020DE
:105FA000780800200C0200202DE9F04FADB0044627
:105FB00089469246A3482B90A349D1E90023D1E911
:105FC0000201CDE92723CDE92901CDF898A09E4B08
:105FD0001033D3E90021D3E90203CDE92403CDE94D
:105FE00022219949203103C9CDE920019649283160
:105FF00003C9CDE91E01944B30330FCB1AAD0FC549
:1060000091484030006819908F4B4433D3E9002009
:10601000D3E9021316AD0BC515928B49543103C950
:10602000CDE913010020119012900F9010900B9069
:106030000C900D900E900790089009900A90059092
:1060400006900490484606F053FB0746884684F0C5
:106050000040019006F04CFB3A464346CDE9020170
:1060600002F078FF054605F065FD834611A87749E3
:1060700022AA0123CDE900210290022211461046F6
:1060800005F04CFB0FA826A920AA0123CDE9002189
:1060900002901A461946022005F040FB0F9911980C
:1060A00006F052FB6A4908601099129806F04CFB02
:1060B000674948600BA8674922AA0223CDE900215D
:1060C00002901A461946184605F028FB07A815A99C
:1060D0000BAA0223CDE9002102901A461946184660
:1060E00005F01CFB1A99079806F02EFB5A49086028
:1060F0001B99089806F028FB574948601C99099895
:1061000006F022FB544988601D990A9806F01CFB92
:106110005149C86005A81EAA0223CDE900210290BA
:106120001A461946012005F0F9FA04A813A905AA90
:106130000123CDE90021029002221146184605F004
:10614000EDFA1999049806F0FFFA054629464FF032
:106150007E5006F067FB049011A813A93E4A012364
:10616000CDE90021029002221146104605F0D6FA30
:106170003A4804A911AA0123CDE9002102901A4648
:106180001946022005F0CAFA04A831491EAA0123C3
:10619000CDE90021029002221146184605F0BEFA10
:1061A0005846049906F0CEFD049011A804A92B4A84
:1061B0000123CDE9002102901A461946022005F07C
:1061C000ADFA234A1199106806F0BEFA1F4908601B
:1061D0001F4A1299506806F0B7FA1C4948600BA88C
:1061E0001EA91E4A0223CDE9002102900122114678
:1061F000184605F093FA0B99279806F0A3FD0B902B
:106200000C99289806F09EFD0C900D99299806F09F
:1062100099FD0D9027AA0E99D06806F093FD0E9077
:106220000C480D490BAA0223CDE9002102901A4621
:106230001946184605F072FA044800682DB0BDE80A
:10624000F08F00000AD7A33B340401081402002099
:106250001C020020240200208808002034020020B4
:1062600010B5044600F022F801280BD1601C0D493E
:106270000988B1EB400F0ADA0A480088401C094936
:10628000088004E000200749088007490880054885
:106290000088022803D101200349088010BD002096
:1062A000FCE700009A0000209800002010B54FF491
:1062B00080710448FCF7F6F908B9012010BD0020F0
:1062C000FCE700000008014008B50549C969014321
:1062D000034AD1611146C9690140009100BF08BD60
:1062E0000010024008B5054989690143034A9161DC
:1062F000114689690140009100BF08BD00100240AD
:106300002DE9F04105460C467148854211D071488F
:1063100085420ED0704885420BD07048854208D027
:106320006F48854205D06F48854202D06E4885424D
:1063300000D103E0A2216DA002F0FAFC206820F059
:106340007B4020B1206800F07B4000B903E0A3212E
:1063500066A002F0EDFC2068C0F30F2898FAA8F0C0
:10636000B0FA80F7ACE00120B84000EA080000284D
:106370007DD0082F04D240F2011000FA07F606E0A3
:10638000A7F108004FF00111814041F0806660687C
:10639000082818D1206910B12069012800D103E034
:1063A000BE2152A002F0C4FC2069E96821EA16214E
:1063B000320A92FAA2F2B2FA82F200FA02F211431F
:1063C000E96000BF00BF606858B16068042808D069
:1063D0006068082805D06068012802D06068092834
:1063E00000D103E0C52141A002F0A2FC606805EBEA
:1063F000166196FAA6F3B3FA83F34FEA830C0F23E0
:1064000003FA0CF30A689A4396FAA6F3B3FA83F3F5
:106410009B0000FA03F31A430A6000BF606801287A
:1064200002D0606809284AD1A068022805D0A06877
:10643000012802D0A068032800D103E0CD212BA0C1
:1064400002F076FCE06810B1E068042800D103E0B7
:10645000CE2126A002F06CFCA06805EB166196FA2E
:10646000A6F3B3FA83F34FEA830C032300E026E09C
:1064700003FA0CF30A689A4396FAA6F3B3FA83F385
:106480009B0000FA03F31A430A6000BFE06805EBC3
:10649000166196FAA6F3B3FA83F34FEA830C04234A
:1064A00003FA0CF30A689A4396FAA6F3B3FA83F355
:1064B0009B0000FA03F31A430A6000BF00BF7F1C71
:1064C00028FA07F000287FF44EAFBDE8F081000005
:1064D00000080140000C0140001001400014014080
:1064E00000180140001C0140002001402E2E2F53B7
:1064F000544D3332463178785F48414C5F4472697D
:106500007665722F5372632F73746D3332663178F0
:10651000785F6C6C5F6770696F2E630010B504461E
:1065200000F0CEFF2060206800F096FF6060606899
:1065300000F0A2FFA060606800F0B0FFE06010BD56
:10654000016921F490410161416921F02A01416111
:106550007047C16841F40051C16070472DE9FF41A7
:1065600005460C46012700265D4885420BD05D4854
:10657000854208D05C48854205D05C48854202D0FF
:106580005B48854200D103E0CD215AA002F0D0FB48
:1065900065492068884200D803E0CE2155A002F06A
:1065A000C7FB606818B16068B0F5805F00D103E098
:1065B000CF2150A002F0BCFBA068B0F5805F09D0ED
:1065C000A06838B1A068B0F5405F03D0A068B0F50E
:1065D000005F00D103E0D02146A002F0A9FBE068F3
:1065E00038B1E068B0F5806F03D0E068B0F5C06FF7
:1065F00000D103E0D1213FA002F09AFB206940B115
:106600002069042805D02069082802D020690C28B8
:1066100000D103E0D22137A002F08AFB606958B1B3
:106620006069B0F5807F07D06069B0F5007F03D066
:106630006069B0F5407F00D103E0D3212DA002F0C6
:1066400077FB284600F072F8002845D1E1686068C1
:10665000084321690843E96841F20C629143084309
:10666000E860A068296921F440510143296100BF15
:106670006069696921F440710143696100BF68463E
:10668000FFF74CFF1648854201D1039E12E01548E2
:10669000854201D1029E0DE01348854201D1029E40
:1066A00008E01248854201D1029E03E0104885426D
:1066B00000D1029E86B1206870B10027314628467D
:1066C000226800F038F8A868102800D304E040F2EF
:1066D000351108A002F02CFB384604B0BDE8F0816B
:1066E000003801400044004000480040004C004099
:1066F000005000402E2E2F53544D333246317878BF
:106700005F48414C5F4472697665722F5372632F04
:1067100073746D3332663178785F6C6C5F7573615A
:1067200072742E630000000020AA44000146C8686D
:10673000C0F34030704770B501EBC10303EB0113A8
:106740009400B3FBF4F301EBC10404EB01149500D6
:10675000B4FBF5F46425B4FBF5F404EBC40505EBD8
:106760000414A3EB8403322404EB03136424B3FB6B
:10677000F4F303F0F00301EBC10404EB0114950002
:10678000B4FBF5F46425B4FBF5F403EB041401EB5E
:10679000C10303EB01139500B3FBF5F301EBC10556
:1067A00005EB01159600B5FBF6F56426B5FBF6F58D
:1067B00005EBC50606EB0515A3EB8503322505EBB6
:1067C00003136425B3FBF5F303F00F0323449BB2DB
:1067D000836070BD10B52820FCF788F810BD10B597
:1067E000022000F010F8032000F021F8002000F053
:1067F00014F8002000F037F8002000F02BF80020FB
:1068000000F01FF810BD38B50446032302226B21A7
:10681000D0200094FFF709FA38BD38B504460223AA
:1068200004221C21D0200094FFF7FFF938BD38B5B1
:106830000446022304221B21D0200094FFF7F5F91F
:1068400038BD10B50446234601223721D020FFF77A
:10685000CCF910BD10B50446234605226A21D0208C
:10686000FFF7C3F910BD10B50446234606226B217D
:10687000D020FFF7BAF910BD0EB5002000900190AE
:10688000029012481249086000211148816001738A
:1068900001754FF46021C16100200D49486001215C
:1068A0000B480161FBF7F2F808B1FAF75BFB052032
:1068B0000090012001900720029069460448FAF7F1
:1068C00043FF08B1FAF74EFB0EBD00000024014063
:1068D000B802002000B585B000200190029003901E
:1068E000049000BF4148806940F020003F49886122
:1068F0000846806900F02000009000BF00BF00BF84
:106900000846806940F0040088610846806900F00C
:106910000400009000BF00BF00BF0846806940F03F
:10692000080088610846806900F00800009000BFF8
:1069300000BF00BF0846806940F01000886108462B
:10694000806900F01000009000BF00BF002240F6F8
:1069500001012748FBF7D6FE002240F608412548F2
:10696000FBF7D0FE40F60100019001200290039059
:106970000220049001A91E48FBF786FC4FF44060FA
:1069800001900120029003900320049001A919486E
:10699000FBF77AFC4FF480700190002002900120F8
:1069A000039001A91248FBF76FFC4FF4805001904F
:1069B000114802900120039001A90D48FBF764FCE7
:1069C000082001900120029003900220049001A968
:1069D0000848FBF759FC012202212820FBF7B8FFE9
:1069E0002820FBF783FF05B000BD00000010024027
:1069F00000080140000C01400000111000B58BB0F0
:106A000000200790089009900A9005900690019048
:106A10000290039004904FF080401E490860472088
:106A2000486000211B4881604FF6FF71C160002162
:106A300001618161FDF758F808B1FAF793FA4FF454
:106A40008050079007A91348FDF702FA08B1FAF73A
:106A500089FA1048FEF798F808B1FAF783FA00208F
:106A60000590069005A90B48FCF782FF08B1FAF7DC
:106A700079FA0020019001200290002003900490F8
:106A8000042201A90348FDF73FFF08B1FAF76AFAAB
:106A90000BB000BDE802002000B58BB0242102A895
:106AA000F9F737FD00200090019018481849086058
:106AB000002048600021164881604FF6FF71C160D8
:106AC00000210161816103200290002003900120D8
:106AD0000490002005900690079001200890002067
:106AE00009900A9002A90A48FDF71EFC08B1FAF7BE
:106AF00039FA00200090019069460548FCF738FFFC
:106B000008B1FAF72FFA0BB000BD000000040040F6
:106B10003003002000B58BB0242102A8F9F7F9FC5E
:106B20000020009001901848184908600020486033
:106B30000021164881604FF6FF71C160002101619C
:106B40008161032002900020039001200490002026
:106B500005900690079001200890002009900A9067
:106B600002A90A48FDF7E0FB08B1FAF7FBF900209B
:106B70000090019069460548FCF7FAFE08B1FAF763
:106B8000F1F90BB000BD00000008004078030020C0
:106B90001CB50020009001900E480F49086041F696
:106BA0001F40486000210C4881606321C1600021C2
:106BB0008161FCF799FF08B1FAF7D4F90020009041
:106BC000019069460448FCF7D3FE08B1FAF7CAF908
:106BD0001CBD000000100040C003002000B595B0AF
:106BE000002011901290139014900F9010901C217F
:106BF00008A8F9F78EFC20216846F9F78AFC374887
:106C0000374908600020486000213548816040F61F
:106C10003F31C16000210161416180218161FCF748
:106C200063FF08B1FAF79EF94FF48050119011A953
:106C30002B48FDF70DF908B1FAF794F92848FEF74B
:106C4000A7FA08B1FAF78EF900200F9010900FA95B
:106C50002348FCF78DFE08B1FAF784F9602008900C
:106C6000002009900A900B900C900D900E9000223D
:106C700008A91B48FEF73CF908B1FAF773F904229A
:106C800008A91748FEF734F908B1FAF76BF908229A
:106C900008A91348FEF72CF908B1FAF763F90C229A
:106CA00008A90F48FEF724F908B1FAF75BF90020AC
:106CB000009001900290039004904FF400500590D2
:106CC0000020079069460648FCF792FD08B1FAF7E4
:106CD00049F90348FEF7DEF815B000BD0034014065
:106CE0000804002010B50B480B4908604FF4E13050
:106CF0004860002108488160C16001610C21416148
:106D000000218161C161FEF70DFD08B1FAF72AF992
:106D100010BD0000003801405004002030B58DB097
:106D20001C2106A8F9F7F5FB142101A8F9F7F1FBDE
:106D30004FF40030FFF7C8FA0420FFF7D3FA40F20F
:106D40000440019009200290032003900020049049
:106D500001A91948FFF7D4FA40F608000190042071
:106D6000029001A91448FFF7CBFA01F091FD054606
:106D70000122114600F068F804462146262001F061
:106D800097FD262001F076FD4FF4E13006900020BB
:106D90000790089009900C200A9000200B900C900E
:106DA00006A90648FFF7DAFB0448FFF7C9FB0348CA
:106DB000FFF7CFFB0DB030BD00080140004400409C
:106DC00000BFFEE710B501231A4619460AA000F0DD
:106DD00060F80123002202210BA000F05AF800BF46
:106DE0000120FFF73DFA0028FAD000F04DFE00F038
:106DF000BDFE00F051FE10BD43686173656C696EA5
:106E000065204D6F646500005072657373204B45BB
:106E100059207374617274210000000010B50021C4
:106E20000748FEF771FA04210548FEF76DFA0821BC
:106E30000348FEF769FA0C210148FEF765FA10BD18
:106E40000804002000BFFEE7F0B503460C4603F03F
:106E50000701C1F10700042801D9042001E0C1F1B4
:106E600007000646081D072801D2002000E0C81EC2
:106E700005460120B040401E2040A8400127AF40F9
:106E80007F1E17403843F0BD10B5002000F03CFDD8
:106E900010BDF8B507460C4615461E46002C0CDD05
:106EA000032C0ADC601E00EB80004006020E2B461D
:106EB00000213846009600F001F8F8BD2DE9F041B8
:106EC00007460C4615461E46DDF818800EB1FFF742
:106ED000DBFF2946204600F027FD01220549384600
:106EE00000F07CFDB8F1000F01D000F095F9BDE88D
:106EF000F0810000D800002010B500F013F800F079
:106F0000E9F801231A46194601A0FFF7C2FF10BD98
:106F10006F6C656420696E69742073756363657353
:106F2000732100000848806940F008000649886124
:106F30000648006820F0FF00044908600846006821
:106F400040F033000860704700100240040C01401C
:106F500070B504461448006820F0F000124908603B
:106F60000846006840F03000086000200F490860C3
:106F7000002516E0E0090D49091D08606006040EB1
:106F80000120F9F7C0FF01200949C1F8A001F9F774
:106F9000BAFF0020054908600120F9F7B4FF681C1A
:106FA000C5B2082DE6DB70BD040C0140A081214272
:106FB0000080214210B51648006820F0F000144906
:106FC00008600846006840F0300008600120114960
:106FD00008601148D0F8240108B9002010BD012034
:106FE0000C49091F0860F9F78EFF00200A49C1F813
:106FF000A40108488038006808B10020EEE70220AC
:10700000F9F781FF00200349091F08600120E5E727
:10701000040C0140A48121420080214210B5104897
:10702000006820F0F0000E4908600846006840F053
:107030003000086000200B4908600B49C1F8A4012A
:107040000220F9F760FF012006490860F9F75BFFAD
:1070500001200549C1F8A4010220F9F754FF10BD31
:10706000040C0140A08121420080214210B500247F
:107070001548006820F0F0001349086008460068D1
:1070800040F080000860012010490860F9F73BFFDC
:1070900001200F49C1F8A001F9F735FF0AE0601C93
:1070A000C4B2322C03DDFFF7B9FF002010BD012070
:1070B000F9F729FF0548803800680028EFD1034917
:1070C000091F08600120F1E7040C0140A48121425E
:1070D0000080214210B540F6C41400E0641E002C6C
:1070E000FCD1AE2200213C2004F00CFDA6220021A0
:1070F0003C2004F007FDAE2200213C2004F002FDFC
:10710000D52200213C2004F0FDFC802200213C20FF
:1071100004F0F8FCA82200213C2004F0F3FC1F221C
:1071200000213C2004F0EEFCD32200213C2004F09E
:10713000E9FC002211463C2004F0E4FC402200213E
:107140003C2004F0DFFC8D2200213C2004F0DAFC1E
:10715000142200213C2004F0D5FC202200213C20F8
:1071600004F0D0FC022200213C2004F0CBFCA12240
:1071700000213C2004F0C6FCC82200213C2004F081
:10718000C1FCDA2200213C2004F0BCFC02220021D8
:107190003C2004F0B7FC812200213C2004F0B2FC2A
:1071A000CF2200213C2004F0ADFCD92200213C205C
:1071B00004F0A8FCF12200213C2004F0A3FCDB2217
:1071C00000213C2004F09EFC402200213C2004F0E1
:1071D00099FC2E2200213C2004F094FCA4220021E2
:1071E0003C2004F08FFCA62200213C2004F08AFC05
:1071F000AF2200213C2004F085FC002000F084FB3D
:1072000000F002FC002003490880488001204871FA
:1072100010BD0000F000002010B500F0F5FB10BD1F
:107220002DE9F04105460E4617469846FFF7C2FE87
:1072300010B90120BDE8F0816906080EFFF788FE4D
:10724000FFF714FF18B9FFF7E9FE0120F2E7304617
:10725000FFF77EFEFFF70AFF00240BE018F804009A
:10726000FFF776FEFFF702FF18B9FFF7D7FE002001
:10727000E0E7641CBC42F1DBFFF7D0FE0020D9E759
:107280000146002902DD01F214507047002902DA9C
:10729000A1F21450F9E70846F7E70346184688427A
:1072A00000DD0846904200DA104670477047000043
:1072B0002DE9F04106460F4614461D463548008824
:1072C000E0B9204604F08AFA8046284604F086FA9F
:1072D0004044322805DA30480088401C2E49088096
:1072E00002E000202C4908802B4800880A2805DD90
:1072F0000120284908800020274908802548008867
:10730000012829D125480088401C80B223490880E3
:10731000C82803DD002008801E4908802049304627
:1073200005F0DEFC18D21F490968A1F1140005F030
:10733000ABFB8046394605F0D3FB0DD219490968ED
:1073400001F1140005F0A0FB8046394605F0C8FCA9
:1073500002D202200F4908800E480088022816D168
:1073600011480088401C80B20F490880642803DD62
:107370000020088007490880601904F02FFA32289D
:1073800005DD0020034908800120BDE8F0810020D0
:10739000FBE7000024010020260100202801002036
:1073A00000E0AB46200000202A0100202DE9F0413A
:1073B00006460C4615461B48007810B90020BDE86B
:1073C000F08119480088D0B918490968A1F10A006C
:1073D00005F05AFB0746314605F082FB0FD21349F0
:1073E000096801F10A0005F04FFB0746314605F038
:1073F00077FC04D21CB915B901200B4908800A4852
:10740000008801280CD1032C01DD282C03DB032D7F
:1074100006DD282D04DA0020034908800120CEE78C
:107420000020CCE72C0000202C01002020000020B0
:1074300008B508490968C9084FF47A72B1FBF2F13E
:107440004143009100BF00BF00994A1E00920029ED
:10745000F9D108BD3C000020014600BF0448406847
:1074600000F0F0000009034A125C21FA02F07047B4
:107470000010024042CF0008014600BF05484068A6
:1074800000F4E060044A02EB1020027821FA02F0D6
:10749000704700000010024052CF0008014600BFB4
:1074A0000548406800F46050044A02EBD02002789E
:1074B00021FA02F0704700000010024052CF00088D
:1074C00010B5002400BF0B48406800F00C0020B14C
:1074D000042804D0082808D103E0074C07E0064C34
:1074E00005E000F00BF8044601E0034C00BF00BFCC
:1074F000204610BD0010024000127A000021002238
:1075000000BF1148406800F4803002461AB1B2F55D
:10751000803F0CD101E00D490BE000BF0A484068F4
:10752000C0F34040401C0A4BB3FBF0F101E00749B7
:1075300000BF00BF00BF0448406800F47010022381
:1075400003EB9040484370470010024000093D00A3
:1075500000127A002DE9F04F8FB00CA889490DABCD
:1075600008AACDE900108849884802F091F88548BA
:10757000008800F4807000287ED0089805F084FA16
:1075800004464FF09D4105F04DF981490860099886
:1075900005F07AFA04464FF09D4105F043F97D4924
:1075A00008600A9805F070FA04464FF09D4105F016
:1075B00039F9794908600B9805F066FA04464FF0EE
:1075C0009D4105F02FF975490860714801684FF039
:1075D000804005F0B9FA06906F480168069805F0FA
:1075E000B3FA82466B4801684FF0404005F0ACFAB0
:1075F00006906A480168069805F0A6FA8346514647
:1076000005F0A2F8079005F073F8804601F058FAEB
:1076100006464FF06632624B04F090FD044604F0DB
:1076200089FA604908605C4801684FF0804005F0C5
:107630008BFA039058480168039805F085FA824652
:10764000544801684FF0404005F07EFA03905148DD
:107650000168039805F078FA8346514605F072FBFD
:1076600081464FF07E5105F06FF8044605F040F872
:10767000CDE90401464800E081E001684FF0804018
:1076800005F062FA834643480168584605F05CFA03
:107690008146414801684FF0804005F055FA834625
:1076A0003E480168584605F04FFA8246494605F0C3
:1076B0004BF8044605F01CF80746DDE9042301F009
:1076C00049FC4FF06632364BCDE9060104F036FD39
:1076D000054604F02FFA3449086030480168006814
:1076E00005F032FA03902C480168006805F02CFA86
:1076F000029028480168006805F026FA834624486D
:107700000168006805F020FA5946019005F01CF860
:107710008246029905F016FB8146039905F012FB9B
:10772000044604F0E5FFCDE904011C48016818484F
:10773000006805F009FA8246174801681548006894
:1077400005F002FA8346514604F0FEFF81464FF0F1
:10775000804105F0F9F9044604F0CAFF0746DDE967
:10776000042301F0F7FB4FF066320D4BCDE9060123
:1077700004F0E4FC054604F0DDF90C4908600FB0A4
:10778000BDE8F08FA8000020A20000209C0000208F
:10779000B8000020BC000020C0000020C400002071
:1077A00066A64C40AC000020B0000020B4000020D1
:1077B000014611B101290ED106E0094A126810B242
:1077C0000022074B1A6008E0064A126810B2002235
:1077D000044B1A6001E0002000BF00BF70470000AA
:1077E00024040040240800402DE9F05F4221D0200D
:1077F000FEF78AF805464121D020FEF785F805EB13
:107800000024204605F040F982464FF08E41504654
:1078100005F066FA05D24FF08F41504605F092FA16
:1078200082460D49504604F0FDFF834604F060FF98
:1078300080460A4A0A4B04F0AFF906460022094B7B
:1078400004F07CFC044604F075F98246504605F0CD
:10785000DFF8BDE8F09F00000000AA43A4703D0AD5
:10786000D743424000002440F0B503461446802B25
:1078700001DA202900DBF0BD2148007920B10CB9E4
:10788000012000E000200446012C1CD1CD1701EBA3
:107890005575ED1003EBC5151A4E755D0A46CE17EA
:1078A00001EB5676F610A1EBC6070126BE40354324
:1078B000EEB20846CD1701EB5575ED1003EBC5157B
:1078C000104F7E551AE0CD1701EB5575ED1003EB07
:1078D000C5150C4E755D0A46CE1701EB5676F610AF
:1078E000A1EBC6070126BE40B5430846CE1701EB03
:1078F0005676F61003EBC616024FBD5500BFBAE729
:10790000F00000206806002010B504460CB90020E5
:1079100000E0FF2002464FF400710248F8F7CFFD67
:1079200010BD000068060020014A10805180704799
:10793000F00000202DE9F04307460C46904626480B
:10794000008821780844802805DA23484088617837
:107950000844202802DB0020BDE8F083002530E049
:10796000A7F12000617800FB0150616831F81090A8
:10797000002622E009FA06F000F4004058B1164A49
:1079800052882A4491B2144A1288324490B2424634
:10799000FFF76AFF10E0B8F1000F01D1012300E00A
:1079A00000231A460C4B5B882B4499B20A4B1B8868
:1079B000334498B2FFF758FF761C2078B042D9D8EC
:1079C0006D1C6078A842CBD8034800882178084411
:1079D000014908803846BFE7F000002070B5044632
:1079E0000D4616460AE0207832462946FFF7A2FFE8
:1079F0002178884201D0207870BD641C207800284E
:107A0000F1D12078F8E7000010B500241BE004F164
:107A1000B000C2B200213C2004F074F800221146EC
:107A20003C2004F06FF8102200213C2004F06AF89A
:107A30000648802101FB04020B4640213C2004F053
:107A40006BF8601CC4B2082CE1DB10BD6806002096
:107A5000704700000849488818B90849084A116069
:107A600008E0C82803DB0549054A116002E0054922
:107A7000034A1160704700008E0200200000904011
:107A800024000020000040414FF0FF300149086011
:107A9000704700002000002009480A4908600A4891
:107AA0000A4908600A480B4908600B480B490860FE
:107AB0000B480C4908600C480C49086070470000EE
:107AC00000803B4648020020000090424C0200200B
:107AD0000000FA455002002000002042540200201D
:107AE00000401C45580200200000A0415C0200201C
:107AF00070B505460C4625B900201B490860091DD4
:107B000008602CB90020184908310860091D086078
:107B1000002D09DD284603F061FE1349091D0860A8
:107B20000020091F086008E000200F49091D0860B7
:107B3000284603F053FE0C490860002C09DD20465E
:107B400003F04CFE0849083108600020091D086058
:107B500009E00020044908310860204603F03EFE99
:107B600001490C31086070BD343401401E200149C8
:107B7000087070473801002010B5FAF701FE10BDFB
:107B800000B595B028210BA8F8F7C3FC142106A86E
:107B9000F8F7BFFC18216846F8F7BBFC01200B90F2
:107BA00000040C9000200D9001200F9002201290F4
:107BB000C10313914FF4E01114910BA8FBF7EEFAF7
:107BC00008B1F9F7CFF90F200690022007900020A6
:107BD00008904FF48060099000200A90022106A8C6
:107BE000FBF71EF908B1F9F7BDF9022000908003F8
:107BF00002906846FBF712F808B1F9F7B3F915B02F
:107C000000BD704710B50248FDF779F810BD0000BF
:107C1000E802002010B50248FDF771F810BD000021
:107C2000C003002010B50248FCF788F810BD000022
:107C3000C003002010B50268204B98420ED0204BA4
:107C400098420BD0B0F1804F08D01E4B984205D01F
:107C50001D4B984202D01D4B984203D122F0700276
:107C60004B681A43154B98420ED0154B98420BD0D7
:107C7000B0F1804F08D0134B984205D0124B984278
:107C800002D0124B984203D122F44072CB681A43BF
:107C900022F080034C6943EA040202608B68C362ED
:107CA0000B688362054B984202D0054B984201D184
:107CB0000B6903630123436110BD0000002C0140E8
:107CC000003401400004004000080040000C004067
:107CD0002DE9F04104460D4616461C4884420ED05C
:107CE0001B4884420BD0B4F1804F08D0194884421D
:107CF00005D01948844202D01848844200D104E0DB
:107D000041F6925116A001F013F83DB1042D05D0B3
:107D1000082D03D00C2D01D03C2D00D104E041F6FC
:107D200093510FA001F004F805F01F01012000FAA3
:107D300001F7206AB8432062206A05F01F0106FAA5
:107D400001F108432062BDE8F0810000002C0140F1
:107D5000003401400004004000080040000C0040D6
:107D60002E2E2F53544D3332463178785F48414C94
:107D70005F4472697665722F5372632F73746D332B
:107D800032663178785F68616C5F74696D2E63006C
:107D900030B50C46816821F47F4142EA0325254332
:107DA0002943816030BD0A46816821F0700142F0AC
:107DB00007031943816070472DE9F04104460D46E1
:107DC000266A206A20F0010020626768D4F81880D3
:107DD00028F0700828F00308286840EA080826F010
:107DE0000206A86806432348844200D103E02248E3
:107DF000844211D100BFE86810B1E868082800D1BA
:107E000004E041F6C4211DA000F092FF26F0080610
:107E1000E868064326F004061648844202D0164855
:107E200084421FD1A869B0F5007F01D0A86900B9CC
:107E300004E041F6D12111A000F07AFF6869B0F5A5
:107E4000807F01D0686900B904E041F6D2210BA01F
:107E500000F06EFF27F4807727F400776869074306
:107E6000A86907436760C4F8188068686063266281
:107E7000BDE8F081002C0140003401402E2E2F532C
:107E8000544D3332463178785F48414C5F447269D3
:107E90007665722F5372632F73746D333266317847
:107EA000785F68616C5F74696D2E63002DE9F04145
:107EB00004460D46266A206A20F01000206267689A
:107EC000D4F8188028F4E04828F44078286848EA74
:107ED000002826F02006A86846EA001624488442B6
:107EE00000D103E02348844212D100BFE86810B1FA
:107EF000E868082800D104E041F610311EA000F027
:107F000017FF26F08006E86846EA001626F04006CD
:107F10001748844202D01748844221D1A869B0F59D
:107F2000007F01D0A86900B904E041F61E3112A01B
:107F300000F0FEFE6869B0F5807F01D0686900B985
:107F400004E041F61F310CA000F0F2FE27F4806738
:107F500027F40067686947EA8007A86947EA80074D
:107F60006760C4F818806868A0632662BDE8F08185
:107F7000002C0140003401402E2E2F53544D33323B
:107F8000463178785F48414C5F4472697665722F5C
:107F90005372632F73746D3332663178785F686122
:107FA0006C5F74696D2E63002DE9F04104460D4647
:107FB000266A206A20F4807020626768D4F81C80EA
:107FC00028F0700828F00308286840EA080826F41A
:107FD0000076A86846EA00262448844200D103E0DF
:107FE0002348844212D100BFE86810B1E86808282D
:107FF00000D104E041F65C311EA000F099FE26F4A9
:108000000066E86846EA002626F48066174884423F
:1080100002D01748844221D1A869B0F5007F01D071
:10802000A86900B904E041F6693112A000F080FEB1
:108030006869B0F5807F01D0686900B904E041F655
:108040006A310CA000F074FE27F4805727F4005723
:10805000686947EA0017A86947EA00176760C4F82B
:108060001C806868E0632662BDE8F081002C014056
:10807000003401402E2E2F53544D33324631787840
:108080005F48414C5F4472697665722F5372632F6B
:1080900073746D3332663178785F68616C5F7469D0
:1080A0006D2E63002DE9F04104460D46276A206AD3
:1080B00020F480502062D4F80480E66926F4E0467B
:1080C00026F44076286846EA002627F40057A86878
:1080D00047EA00370F48844202D00F48844210D14B
:1080E0006869B0F5807F01D0686900B904E041F6A5
:1080F000A9310AA000F01CFE28F48048686948EA0B
:108100008018C4F80480E661686820642762BDE8CE
:10811000F0810000002C0140003401402E2E2F532E
:10812000544D3332463178785F48414C5F44726930
:108130007665722F5372632F73746D3332663178A4
:10814000785F68616C5F74696D2E630030B50B46B3
:108150001446026A056A25F001050562816921F06D
:10816000F00141EA041122F00A021A43816102621D
:1081700030BD000070B50C461546026A066A26F04E
:10818000010606628169154EB0420ED0144EB0420F
:108190000BD0B0F1804F08D0124EB04205D0124E35
:1081A000B04202D0114EB04201D1012600E00026BB
:1081B0001EB121F00301294301E041F0010121F04A
:1081C000F001F02606EA0316314322F00A0204F019
:1081D0000A0632438161026270BD0000002C01403A
:1081E000003401400004004000080040000C004042
:1081F00030B50B461446026A056A25F01005056283
:10820000816921F4704141EA043122F0A00242EA7E
:1082100003128161026230BD70B50C461546026AD8
:10822000066A26F010060662816921F4407141EA6F
:10823000052121F470414FF4704606EA03363143BC
:1082400022F0A002A02606EA0416324381610262EF
:1082500070BD70B50C461546026A066A26F4807633
:108260000662C16921F00301294321F0F001F026E3
:1082700006EA0316314322F400724FF4007606EA50
:1082800004263243C161026270BD70B50C461546CA
:10829000026A066A26F480560662C16921F44071BA
:1082A00041EA052121F470414FF4704606EA033695
:1082B000314322F400524FF4005606EA04363243AA
:1082C000C161026270BD00002DE9F14F82B0194911
:1082D0000988A1F1A00004F0D7FB01904FF04141C3
:1082E000019804F0FDFC08D24FF08241019804F09F
:1082F000F7FB02D20020BDE8FE8F029804F0F8F9E7
:1083000006464FF033320C4B03F018FF04460D467F
:10831000019804F0EDF90646084A094B03F00EFFF8
:10832000804622462B4603F037FC824603F084FE4B
:10833000E1E700008E0200203333C33FCDCCCCCC2C
:10834000CCCC14402DE9F041054688461549284615
:1083500004F0C6FB17D31448007804F0ADFB0646C2
:10836000294604F0BDFB0ED31048006804F0C0F9A4
:1083700006464FF033320E4B03F0A4FE03D30D48F4
:10838000007801280AD1012400200B490860091D4A
:108390000860091D0860091D086000E000242046EF
:1083A000BDE8F081000020C238010020200100203B
:1083B000333323402C0000203434014010B500F04A
:1083C00001F810BD10B500BF0648C068C0F34010EA
:1083D00038B100BF03484068C4B200BF204600F077
:1083E00001FF10BD0050004070B504465749606859
:1083F000884200D804E040F6666155A000F098FC81
:10840000E06818B1E068B0F5005F00D104E040F624
:1084100067614FA000F08CFC206938B12069B0F58D
:10842000806F03D02069B0F5C06F00D104E040F642
:10843000686147A000F07CFC4FF6F371606908406A
:1084400010B9606900B104E040F6696140A000F035
:108450006FFC2068006920F44050E16808432168FF
:1084600008612169A0680843616940EA0106206843
:10847000C06841F20C61884330432168C8602068BD
:10848000406920F44070A1690843216848613D4972
:108490002068884203D1FAF739FE054602E0FAF770
:1084A00025FE054605EBC50000EB05106168890057
:1084B000B0FBF1F005EBC50101EB0511626892001C
:1084C000B1FBF2F16422B1FBF2F101EBC10202EB6C
:1084D0000111A0EB8100322101EB00106421B0FBFF
:1084E000F1F000F0F00005EBC50101EB0511626849
:1084F0009200B1FBF2F16422B1FBF2F100EB011149
:1085000005EBC50000EB051062689200B0FBF2F0CD
:1085100005EBC50202EB051263689B00B2FBF3F2A8
:108520006423B2FBF3F202EBC20303EB0212A0EBF3
:108530008200322202EB00106422B0FBF2F000F065
:108540000F0008442168886070BD000020AA440024
:108550002E2E2F53544D3332463178785F48414C9C
:108560005F4472697665722F5372632F73746D3333
:1085700032663178785F68616C5F756172742E6302
:10858000000000000038014010B500F001F810BDF7
:1085900010B500BF1848C068C0F3401058B300BF02
:1085A00015484068C4B200BF14480078072803D1BA
:1085B0002046F8F7DBFB1EE0104800780A2803D1BC
:1085C0002046F8F75BFC16E00C4800780B2803D136
:1085D0002046F8F70FFC0EE008480078082807D07E
:1085E00006480078092803D004480078152802D1ED
:1085F0002046F8F777FB10BD004400403901002009
:1086000010B5FEF78BFB094800BF00BF00BF00F1AB
:108610000C0252E8002F42F0200100F10C0242E867
:108620000013002BF3D100BF00BF10BD0044004079
:1086300010B500F001F810BD10B500BF0648C068C5
:10864000C0F3401038B100BF03484068C4B200BF57
:10865000204603F0F5F810BD0048004000BFFEE7DB
:108660002DE9FC5F0446894661480078012807D05F
:108670005F480078072803D05D480078082804D1B7
:108680005C4800685C49086026E059480078022888
:1086900007D057480078092803D0554800780A28A1
:1086A00006D15448006880F000405349086013E048
:1086B0004F4800780B2803D150484F4908600BE021
:1086C0004B4800780C2803D14D484B49086003E023
:1086D0004C4800684849086004EB0901484204F02E
:1086E000D3F9494908604948006804F001F8074691
:1086F000474A484B03F022FD054603F01BFA434965
:1087000008604148006803F0F3FF0746424A434BC4
:1087100003F014FD05460E463C48006803F0E8FFF0
:1087200082462A46334603F037FACDE9000103F0CA
:1087300001FA36490860084601683948006804F0C3
:1087400003F8374908602C4801683548006803F091
:10875000FBFF3349086033493148006804F0C0FA30
:1087600002D230482E4908602F492D48006804F095
:10877000B7F902D22C482A4908602C4801682848D9
:10878000006804F0E1F90746294904F04BF8054672
:108790001E48006880F0004826480168404604F002
:1087A000D3F90746224904F03DF80646294604F06D
:1087B000C9FA214908602148016821480068FFF78B
:1087C000C1FD012802D10020154908601D4800782C
:1087D000032807D11C4801681748006804F0B4F961
:1087E000154908601448006804F012F9BDE8FC9FC0
:1087F000540000206002002078020020000020C108
:10880000000020412400002070020020740200209B
:10881000E17A14AE47E1EA3F7B14AE47E17AC43F08
:108820007C0200200000FA450000FAC55402002036
:108830000000C842500200206C02002020010020ED
:10884000040000203901002040020020490050EAC5
:10885000C12018BF04204A0D18BF40F0010040F2AB
:10886000FF72B2EB515F08BF40F00200012808BF61
:1088700005207047002809DB00F01F02012191400C
:108880004209920002F1E022C2F800117047000094
:1088900002480068C0F30220704700000CED00E0C1
:1088A00002480068C0F30220704700000CED00E0B1
:1088B00010B5002804DB0A07130E054A135406E01E
:1088C0000A07140E034A00F00F031B1FD45410BDF7
:1088D00000E400E018ED00E010B5002804DB0A0712
:1088E000130E054A135406E00A07140E034A00F05B
:1088F0000F031B1FD45410BD00E400E018ED00E08E
:108900002DE9F0414F1E00EBC7010446D1E90001FB
:1089100015461E4637F006020DD02A46334603F0B0
:108920000DFC7F1E04EBC703D3E9002303F034F9E9
:1089300037F00602F1D1022F25D0042F13D0062FD5
:1089400018BFBDE8F0812A46334603F0F7FBD4E9AF
:108950000A2303F021F92A46334603F0EFFBD4E95A
:10896000082303F019F92A46334603F0E7FBD4E95C
:10897000062303F011F92A46334603F0DFFBD4E95E
:10898000042303F009F92A46334603F0D7FBD4E960
:10899000022303F001F92A46334603F0CFFBD4E962
:1089A0000023BDE8F04103F0F7B8012204F071BAEA
:1089B00003F0F2B8002213461046114603F0A8B99E
:1089C000024A0020110704F064BA000001FDFFFF15
:1089D00030380A2801D2012070470020704700BFBC
:1089E000704700002DE9FE4F06460F4600256846F9
:1089F00001F0B4FA002442E056F8240057F824109D
:108A0000A0EB010ABAF1000F01DB514601E0CAF107
:108A10000001084604F038F883464FF08F4103F018
:108A200001FF80465DF82400002103F0BDFF16D051
:108A30005DF82410404603F0F5FE82464FF07E516B
:108A400004F080F9814629F0004A0F48416A5046F7
:108A500004F046F912D20120A04005430EE00A4876
:108A6000C169404604F03CF805D30748016A404616
:108A700004F036F902D20120A0400543641C032C07
:108A8000BADB2846BDE8FE8FA8F7000810B50748F6
:108A90004388028806A10948F7F70EFC012300224B
:108AA00002210648FEF7F5F910BD00008E020020F5
:108AB000583D256420593D2564202000A402002053
:108AC0002DE9F04D8D4F21F0004A86B005460C4649
:108AD000BA452ADBAAEB070028430AD0884882451A
:108AE00001DC1AD1CDB106B02846BDE8F04DFFF744
:108AF0005CBF844A844B284603F020FB07460E46A1
:108B0000824A834B2846214603F018FB06B03A46BA
:108B10003346BDE8F04D03F03FB80120F7F7A0FD64
:108B200006B0BDE8F04DFFF745BF7A48824542DA0E
:108B3000BAF1795F0BDA2846FFF788FE042808BFF0
:108B4000FFF73EFF284606B02146BDE8F08D2A46D5
:108B50000B46104603F0F2FA834602466E480E4674
:108B60000B4606217844FFF7CBFE5A46334603F006
:108B7000E5FA804669488A465A46334604217844D5
:108B8000FFF7BEFE5A46334603F0D8FA00223B46B2
:108B900003F002F802460B464046514603F0B8F88F
:108BA0002A46234603F0CAFA06B02A462346BDE801
:108BB000F04D02F0F1BF284624F0004100223D466E
:108BC0003B4603F0B9FB4FF0FF3204F062F9064672
:108BD000024653480F460B4606217844FFF790FEA5
:108BE00032463B4603F0AAFACDE900014D48324631
:108BF0003B4604217844FFF783FE32463B4603F0B0
:108C00009DFA00222B4602F0C7FF834602913046B0
:108C1000394602F051FF804643480D46504517DC67
:108C2000DDE900015A46029B03F072F842462B46EA
:108C300003F084FA42462B4602F0AEFF012204F014
:108C400028F9304A304B03F069FC304A304B4CE095
:108C50004FF0000A52460B46404602F09DFFCDE918
:108C6000031052462B461046194603F067FA324667
:108C70003B4603F061FBDDE9033203F049F80646A9
:108C80000F46DDE900015A46029B03F041F8834696
:108C9000009101223046394604F0FBF8194A1A4B7C
:108CA00003F04AFB06460F4601224046294604F0DF
:108CB000F0F85A46009B03F041FA32463B4603F077
:108CC0002DFC06460F4601225046294604F0E1F8E5
:108CD0000E4DDFF858802A46434603F02DFB3246FE
:108CE0003B4603F029FB2A46434603F025FB002CB4
:108CF000D8BF81F0004106B0BDE8F08D0000F03F24
:108D00000000F07F075C143326A6913C182D4454D4
:108D1000FB21F93F0000E03F287900003E79000088
:108D2000B2780000C87800003333EF3FFB21E93F01
:108D3000704700002DE9F84F04460D4621F0004031
:108D400000917349814211DC7249884201DC06D1ED
:108D50002CB120462946BDE8F84FFFF726BE6E48E5
:108D6000002DCCBF6D496E49BDE8F88F6D49814239
:108D700011DD6D498142D8BF4FF0FF366DDD2046D1
:108D80002946FFF763FD042808BFFFF719FE2046B8
:108D90002946BDE8F88F6549654F25F000458142B9
:108DA00033DD6449814219DD002632464FF08043AD
:108DB0002046294602F0F0FE80468A4601222046DF
:108DC000294604F066F800223B4603F0A7FB424622
:108DD000534602F09DFF04460D463EE00126002268
:108DE000BA463B462046294602F0D6FE80460F464C
:108DF000002253462046294603F090FB42463B465C
:108E000002F086FF04460D4627E04B4981421BDDF8
:108E1000DFF828A10226002253462046294603F007
:108E20008DF900223B4602F0B7FE80460F46002235
:108E300053462046294603F071FB42463B4602F06A
:108E400067FF04460D4608E0032622462B46002015
:108E50003B4902F05DFF04460D4622462B46104674
:108E6000194603F06BF98B46824602460B4603F027
:108E700065F907460246334888460B460621784482
:108E8000FFF73EFD52465B4603F058F982462E48F6
:108E90008B463A46434605217844FFF731FD3A4672
:108EA000434603F04BF902460B46002E5046594606
:108EB0000CDA02F071FE22462B4603F03FF901B0B6
:108EC00022462B46BDE8F04F03F036BA02F064FEAE
:108ED00022462B4603F032F91C4A7A4402EBC603C1
:108EE000D3E9002303F01AFB22462B4603F016FBBE
:108EF000174A7A4402EBC603D3E9002303F01CFAB5
:108F0000009A002AB8BF81F00041BDE8F88F000048
:108F1000000010440000F07F182D4454FB21F93F5D
:108F2000FB21F9BF0000DC3F0000203E0000F33FC2
:108F30000000F03F0000E63F008003400000F83FE3
:108F40000000F0BFC67600008476000022760000A4
:108F5000EA7500002DE9F04D9446CCF1000423F0B1
:108F600000464CEA0404594F46EAD4749A468846AF
:108F700021F00042BC4206D8454240EA050442EADC
:108F8000D474BC4204D9BDE8F04D6246FFF710BD71
:108F9000AAF14055A5F17F6555EA0C040BD00224D7
:108FA00004EAAA744A4DDFF82CE144EAD87452EA84
:108FB000000B04D00CE0BDE8F04DFFF7BBBE002C69
:108FC00014BF012CBDE8F08D022C30D0032C32D020
:108FD00056EA0C0B0AD0BE4220D1BA4209D126F083
:108FE000804622F080423346114617E000291ADB02
:108FF00025E0DFF8E4B0FB44002C04BFDBE900010E
:10900000BDE8F08D012C02BFDBE9000181F00041D9
:10901000BDE8F08D022C0AD0032C0CD0BA4212D13C
:10902000B8F1000F0BDA2A482C49BDE8F08D28462C
:109030002B49BDE8F08D28467146BDE8F08D2448E7
:109040002849BDE8F08D921B12153C2AC4BF204F61
:10905000244E10DCBAF1000FBEBF12F13C0F002706
:109060003E4608DB624602F053FE21F00041FFF766
:1090700061FE07460E4694B1012C08BF86F00046FB
:109080000DD0194A194B022C3846314615D003F041
:1090900045FA2A46BDE8F04D114B03F03FBA0022D5
:1090A00013463846314602F08BFF04BF0220F7F723
:1090B000D7FA38463146BDE8F08D03F02FFA2A463C
:1090C000BDE8F04D064B03F037B900000000F07F1B
:1090D000182D4454FB2109C07E750000FB21F9BF07
:1090E000FB210940FB21F93F075C143326A6A13C74
:1090F00010B52820F9F7B8FB00F0E0F801F0B8FA55
:1091000001F0B0FAFDF78AFEF7F710FFF7F71CFF42
:109110004FF49670F9F704F8FDF761FBF7F7CCFC14
:10912000FDF7EAFEF7F75EFC10BD10B5FFF768FA31
:10913000FEF778FD10BD00002348008858B9234889
:109140000088B0F5967F3DDD002020490880012091
:109150001D49088036E01D480088142832DD0020B3
:109160001A4908801A48007840B91A48006808B9B6
:10917000012000E00020174908600BE01648006855
:1091800008B9012000E000201349086001201349BC
:10919000C1F88C0112480088401C1149088008461B
:1091A000008806280ED10A48007818B9002009491D
:1091B000086002E000200849086000200849088093
:1091C00001490880704700000001002004010020D0
:1091D000060100208C812142AC0121420080214205
:1091E000020100200146242905D10122154B1A70E5
:1091F0000022154B1A60134A1278012A03D1134A30
:10920000114B1B68D1540F4A1278012A0AD1232925
:1092100008D10F4B1A7000220A4B1A700A4A1268C2
:109220000C4B1A60084A1268521C074B1A601A4607
:109230001268502A05DB00221A60024B1A70044B98
:109240001A7070474C000020480000207405002070
:1092500044000020500000202DE9F0410446E07851
:1092600000F0C006E07800F03F05607800F00100F3
:1092700098B1EF102846E91705EB5171C910A5EB1D
:10928000C101491C01F0FF080B48006820B10A48E1
:10929000414602683846904700BF607800F00800F9
:1092A00030B10548406818B1B011034A5168884789
:1092B0000020BDE8F0810000680800204FF0E020A9
:1092C000006920F004004FF0E021086109200749FF
:1092D00008700846007800EB4001C1EBC0104FF663
:1092E000FF7101EAC0000249088070479400002025
:1092F000960000200146114A12884A434FF0E023AD
:109300005A6100229A611A46126942F001021A61FA
:1093100000BF4FF0E022106900F001021AB100F422
:109320008032002AF5D04FF0E022126922F00102CB
:109330004FF0E0231A6100229A61704796000020E6
:109340000146114A12784A434FF0E0235A61002245
:109350009A611A46126942F001021A6100BF4FF089
:10936000E022106900F001021AB100F48032002AF4
:10937000F5D04FF0E022126922F001024FF0E02315
:109380001A6100229A6170479400002038B50446A3
:1093900064B120208DF8000028208DF801003020D5
:1093A0008DF8020038208DF8030004E0A322042188
:1093B0006846F7F784F86A46042140F69E2002F0DA
:1093C0006DF901F05DFD38BD3EB5044602208DF813
:1093D0000000CA208DF80100E3208DF8020009206A
:1093E0008DF803006A460421682002F057F9A32093
:1093F0008DF8000004F0400048B1C0208DF8010055
:10940000C8208DF80200C2208DF8030006E0A320DA
:109410008DF801008DF802008DF8030004F4C0708F
:1094200048B1C4208DF80400CC208DF80500C6207A
:109430008DF8060006E0A3208DF804008DF80500E5
:109440008DF80600A3208DF807008DF808008DF830
:1094500009006A460A2140F6A72002F01FF904F02D
:10946000030018B120208DF8000002E0D8208DF80C
:1094700000006A46012140F6B62002F00FF904F020
:10948000200018B1012000F0ADF802E0002000F04B
:10949000A9F804F4C07008B304F4807060B1B2207D
:1094A0008DF800008B208DF80100B6208DF80200A9
:1094B0009B208DF803000BE0B0208DF80000802089
:1094C0008DF80100B4208DF8020090208DF8030083
:1094D0006A46042140F6A22002F0E0F804F0010000
:1094E00020B3F8208DF800006A4601214FF40B608C
:1094F00002F0D4F8FA21072000F02CFC072000F03D
:10950000F3FB012000F013FC642000F0F3FC4FF4A7
:10951000FA7000F002FDC821304800F0A3FB2820BB
:1095200000F0BCFB0A2000F0CCFB08E0D8208DF84E
:1095300000006A4601214FF40B6002F0AFF804F01E
:10954000020018B1D9208DF8000002E0D8208DF873
:1095500000006A46012140F23D7002F09FF804F0DD
:10956000040018B1012000F069F802E0002000F0CA
:1095700065F804F0100018B10120FFF707FF02E0C2
:109580000020FFF703FF44F008001549488101F06F
:1095900077FC00201249887304F0400018B1084697
:1095A000807B801D887304F4C07020B10C48807BE0
:1095B000801D0B49887304F0140020B10848807B9B
:1095C00010300749887304F0030020B10448807B01
:1095D000001D0349887300203EBD000009E3CA0254
:1095E000680800203EB504466CB10EA1D1E9002008
:1095F0008968CDE9002002916A4609214FF49760FD
:1096000002F04CF83EBD0AA2D2E900109268CDE902
:10961000010200916A4609214FF4976002F03EF87A
:10962000F0E70000B8AAB38DB4980D355D000000D6
:10963000B8AAAAAAB088C3C5C700000038B50446B6
:1096400064B1C0208DF80000C2208DF80100C42054
:109650008DF80200C6208DF8030004E08B2204215F
:109660006846F6F72CFF6A46042140F6982002F07F
:1096700015F801F005FC38BD10B5C8234FF4806221
:10968000024940F6F63001F08FFA10BDD7F7000816
:109690002DE9F04F8DB00746884615469946DDE91D
:1096A000166B0024002030806B49887B5A4605A940
:1096B00001F046FB18B1601E0DB0BDE8F08F6648A2
:1096C000807A00F01400002867D09DF8140000068E
:1096D0009DF8151040EA01409DF8161040EA01205F
:1096E0009DF81710084328609DF8180000069DF8A3
:1096F000191040EA01409DF81A1040EA01209DF837
:109700001B10084368609DF81C0000069DF81D10A2
:1097100040EA01409DF81E1040EA01209DF81F100C
:109720000843A8609DF8200000069DF8211040EA3B
:1097300001409DF8221040EA01209DF823100843C3
:10974000E86004F11000C4B2286800140190686851
:1097500000140290A86800140390E86800140490B4
:1097600001984043029901FB0100039901FB0100AC
:10977000049901FB010ABAF1706F02DBBAF1885F4C
:1097800005DD01F07DFB00203080401E94E7B6F936
:10979000000040F48070308000BF2F48807A00F0D5
:1097A000400020B305A9601C085C095D40EA012067
:1097B00000B2A8F8000005A9E01C095C05AAA01CDD
:1097C000105C41EA002000B2A8F8020005A9601D63
:1097D000095C201D105C41EA002000B2A8F80400DA
:1097E000A01DC4B2B6F9000040F0080030801A484D
:1097F000408900F4C07008B305A9601C085C095DCD
:1098000040EA012000B2388005A9E01C095C05AAE5
:10981000A01C105C41EA002000B2788005A9601D00
:10982000095C201D105C41EA002000B2B880A01D38
:10983000C4B2B6F9000040F0700030800648807A6B
:1098400000F0030018B105A90819FFF705FD484607
:1098500001F0CBFF00202FE76808002070B588B02A
:10986000064601A800F0F4FFBDF804000021C9037A
:1098700041EA5045C4034448007A00F0030056F81A
:10988000200005904048007A00F0040010B10598CF
:10989000404205903C48007AC0F3C10056F82000D1
:1098A00006903948007A00F0200010B10698404236
:1098B00006903548007AC0F3811056F820000790D2
:1098C0003148008900F4807010B107984042079039
:1098D0000598C117A0FB042301FB043100FB051010
:1098E000810041EA927005900698C117A0FB0423FD
:1098F00001FB043100FB0510810041EA92700690E3
:109900000798C117A0FB042301FB043100FB0510DD
:10991000810041EA927007900598000E8DF80800CA
:109920000598000C8DF809000598000A8DF80A00CA
:109930000598C0B28DF80B000698000E8DF80C004B
:109940000698000C8DF80D000698000A8DF80E00A0
:109950000698C0B28DF80F000798000E8DF8100021
:109960000798000C8DF811000798000A8DF8120076
:109970000798C0B28DF8130002AA0C214FF425708D
:1099800001F08CFE08B070BD6808002030B585B0CD
:10999000044616A207CA02AB07C3C82C03DD4FF06A
:1099A000FF3005B030BDC82090FBF4F0401E85B2FA
:1099B000280A8DF80000E8B28DF801006A460221FD
:1099C00040F2162001F06AFE10B14FF0FF30E8E7D8
:1099D00002AA0C2140F6C12001F060FE10B14FF048
:1099E000FF30DEE7044884810020DAE7FEF2ABC4F2
:1099F000AAF1DFDFBBAFDFDF680800201FB5044638
:109A00004848007A00F0030054F8200001904548CF
:109A1000007A00F0040010B10198404201904148E2
:109A2000007AC0F3C10054F8200002903D48007A4B
:109A300000F0200010B10298404202903948007AAC
:109A4000C0F3811054F8200003903648008900F4D8
:109A5000807010B10398404203903349019880FB15
:109A60000101800F40EA810001902F49029880FB9C
:109A70000110820042EA917002902B49039880FB0A
:109A80000110820042EA917003900198000E8DF857
:109A900000000198000C8DF801000198000A8DF873
:109AA00002000198C0B28DF803006A4604214FF409
:109AB000747001F0F3FD18B14FF0FF3004B010BD29
:109AC0000298000E8DF800000298000C8DF801003D
:109AD0000298000A8DF802000298C0B28DF80300C7
:109AE0006A4604214FF4757001F0D8FD10B14FF0B3
:109AF000FF30E3E70398000E8DF800000398000C98
:109B00008DF801000398000A8DF802000398C0B296
:109B10008DF803006A4604214FF4767001F0BEFD13
:109B2000CCE700006808002009E3CA0210B586B03F
:109B3000044647A00068039046A00068029046A033
:109B40000068019045A00068009004F0030003A99C
:109B5000085C8DF8140003A8C4F3C101405C8DF8C3
:109B6000150003A8C4F38111405C8DF8160004F0C1
:109B7000030002A9085C8DF8100002A8C4F3C1011B
:109B8000405C8DF8110002A8C4F38111405C8DF88F
:109B9000120005AA032140F2264001F07FFD18B112
:109BA0004FF0FF3006B010BD04AA032140F22A4056
:109BB00001F074FD10B14FF0FF30F3E7019805900C
:109BC0000098049004F0040058B19DF8140040F08F
:109BD00001008DF814009DF8100040F001008DF890
:109BE000100004F0200058B19DF8150040F001006D
:109BF0008DF815009DF8110040F001008DF811005E
:109C000004F4807058B19DF8160040F001008DF802
:109C100016009DF8120040F001008DF8120005AA10
:109C200003214FF4886001F039FD10B14FF0FF308F
:109C3000B8E704AA032140F2314001F02FFD10B132
:109C40004FF0FF30AEE7064804810020AAE700008D
:109C50004CCD6C000CC92C003656760026466600AA
:109C600068080020F8B505460E464FF47A7095FB5B
:109C7000F0F000FB06F4200E8DF80000200C8DF8AB
:109C80000100200A8DF80200E0B28DF803006A4658
:109C900004214FF4AE7001F001FDF8BD38B5044663
:109CA000052094FBF0F084B220128DF80000E0B2A1
:109CB0008DF801006A4602214FF4AD7001F0EEFC10
:109CC00038BD38B50446052094FBF0F084B220126C
:109CD0008DF80000E0B28DF801006A4602214FF4D1
:109CE000AC7001F0DBFC38BD38B5044600200090B4
:109CF00004F0010020B19DF8000040F03000009019
:109D000004F0020020B19DF8000040F00C0000902B
:109D100004F0040020B19DF8000040F00300009022
:109D20006A4601214FF4A47001F0B8FC38BD38B583
:109D30000446012C01DA012402E0042C00DD042495
:109D4000601EC0B200906A46012140F24F1001F03F
:109D5000A5FC38BD2DE9FC4706460F4606F0070076
:109D600010B1B7F5C86F03DD4FF0FF30BDE8FC87D9
:109D7000384602F0A1FE8146594902F053FD804663
:109D8000684600F03FFD9DF80000022806D0042838
:109D900016D0082826D0102848D135E04FF08D4144
:109DA000404602F0D1FE814602F04EFE84B24D499B
:109DB000404602F0C9FE814602F046FE85B238E018
:109DC0004FF08C41404602F0BFFE814602F03CFE5F
:109DD00084B24549404602F0B7FE814602F034FEA7
:109DE00085B226E04FF08B41404602F0ADFE814641
:109DF00002F02AFE84B23D49404602F0A5FE8146AB
:109E000002F022FE85B214E04FF08A41404602F093
:109E10009BFE814602F018FE84B23549404602F0AE
:109E200093FE814602F010FE85B202E04FF0FF3053
:109E30009CE700BF20128DF80400E0B28DF8050009
:109E400028128DF80600E8B28DF8070006F0010030
:109E5000A0B101AA02214FF4EA7001F01FFC10B179
:109E60004FF0FF3082E70DF1060202214FF49270AD
:109E700001F014FC10B14FF0FF3077E706F002005C
:109E8000A0B101AA02214FF4EC7001F007FC10B15F
:109E90004FF0FF306AE70DF1060202214FF4947093
:109EA00001F0FCFB10B14FF0FF305FE706F004005B
:109EB000A0B101AA02214FF4EE7001F0EFFB10B146
:109EC0004FF0FF3052E70DF1060202214FF4967079
:109ED00001F0E4FB10B14FF0FF3047E7002045E709
:109EE00000004843000040460000C04500004045D7
:109EF0000000C04438B50446052094FBF0F085B25C
:109F000028128DF80000E8B28DF801006A4602219F
:109F10004FF4EF7001F0C2FB38BD38B504460520A0
:109F200094FBF0F085B228128DF80000E8B28DF8AD
:109F300001006A4602214FF4ED7001F0AFFB38BD1D
:109F400000BF054A126802F04002002AF9D0C2B2EE
:109F5000014B1B1D1A607047003801407CB5054657
:109F600028494968087801AB04220D2100F00EFB56
:109F700008B107207CBD9DF80700C0F301109DF8D3
:109F8000041001F0E00140EAE1008DF800009DF8C6
:109F90000700C0F381009DF8051001F0E00140EAE0
:109FA000E1008DF801009DF8070000F003009DF826
:109FB000061001F0E00140EAE1008DF80200002403
:109FC0001CE01DF8040018B9002045F8240013E037
:109FD0000D4845F8240006E055F824000B4902F02E
:109FE000B3FD45F824001DF80400401EC0B20DF872
:109FF00004000028F0D100BF601CC4B2032CE0DBD9
:10A000000020B7E73C0100207B14AE3E1D5A843F80
:10A010002DE9F04F87B005460C46914601208DF89A
:10A02000100000208DF81100FE4A1268917CFD4A54
:10A030005268107804AB022200F0E3FA20B14FF02E
:10A04000FF3007B0BDE8F08FC820FFF753F90020BC
:10A050008DF81000F34A1268D17BF24A52681078EA
:10A0600004AB012200F0CDFA10B14FF0FF30E8E769
:10A07000EC4A12685179EB4A5268107804AB01221D
:10A0800000F0BFFA10B14FF0FF30DAE7E54A12688E
:10A09000917CE44A5268107804AB012200F0B1FAD6
:10A0A00010B14FF0FF30CCE7DE4A1268D17DDD4AB7
:10A0B0005268107804AB012200F0A3FA10B14FF0FF
:10A0C000FF30BEE7D74A12681179D64A5268107835
:10A0D00004AB012200F095FA10B14FF0FF30B0E769
:10A0E0000C208DF81000CF4A12681179CD4A5268C1
:10A0F000107804AB012200F084FA10B14FF0FF3069
:10A100009FE70F20FFF7F6F8C648806A407A8DF87F
:10A110001000C44A12689178C24A5268107804ABA1
:10A12000012200F06EFA10B14FF0FF3089E7BD4810
:10A13000806A007A8DF81000BA4A12685178B94ADC
:10A140005268107804AB012200F05BFA10B14FF0B6
:10A15000FF3076E7B9F1000F07D0B248806A807A05
:10A1600040F0E0008DF8100004E0AE48806A807A8C
:10A170008DF81000AB4A12689179AA4A526810789B
:10A1800004AB012200F03DFA10B14FF0FF3058E768
:10A19000B9F1000F07D0A348806AC07A40F0E00010
:10A1A0008DF8100003E0A048C07A8DF810009D4A99
:10A1B0001268D1799B4A5268107804AB012200F0F2
:10A1C00020FA10B14FF0FF303BE7B9F1000F02D099
:10A1D000C820FFF78FF840208DF81000914A1268D0
:10A1E0001179904A5268107804AB012200F009FA04
:10A1F00010B14FF0FF3024E778208DF81000894A25
:10A2000012685179874A5268107804AB012200F035
:10A21000F8F910B14FF0FF3013E783498889FFF751
:10A2200069F800208DF810007E4A126851797D4A45
:10A230005268107804AB012200F0E3F910B14FF03E
:10A24000FF30FEE6774A1268917A764A52681078B3
:10A2500004AB022200F09AF910B14FF0FF30F0E6A3
:10A260009DF811009DF8101040EA012B0C209BFB7B
:10A27000F0F0C6B20020A86068602860A06060604E
:10A280002060824665E0674A1268D17A654A526862
:10A29000107804AB0C2200F079F910B14FF0FF30C8
:10A2A000CFE69DF811009DF8101040EA012000B2A1
:10A2B000ADF808009DF813009DF8121040EA012047
:10A2C00000B2ADF80A009DF815009DF8141040EAA0
:10A2D000012000B2ADF80C00BDF908102068084458
:10A2E0002060BDF90A10606808446060BDF90C1078
:10A2F000A0680844A0609DF817009DF8161040EA79
:10A30000012000B2ADF800009DF819009DF818106A
:10A3100040EA012000B2ADF802009DF81B009DF854
:10A320001A1040EA012000B2ADF80400BDF9001097
:10A33000286808442860BDF902106868084468600D
:10A34000BDF90410A8680844A8600AF1010000F0F3
:10A35000FF0AB24597DB3448D0F800C02868C1171F
:10A36000090441EA10410704624600233846F5F724
:10A3700072FF32460023CDE90201F5F76CFF286039
:10A380002948D0F800C06868C117090441EA1041A3
:10A390000704624600233846F5F75DFF3246002386
:10A3A000CDE90201F5F757FF68601F48D0F800C0FB
:10A3B000A868C117090441EA104107046246002356
:10A3C0003846F5F748FF32460023CDE90201F5F79C
:10A3D00042FFA8601448D0F804C02068C1170904DF
:10A3E00041EA10410704624600233846F5F733FF7F
:10A3F00032460023CDE90201F5F72DFF20600A481F
:10A40000D0F804C06068C117090441EA104107048C
:10A41000624600233846F5F71EFF32460023CDE999
:10A42000020103E03C010020A8F70008F5F713FF44
:10A4300060601148D0F804C0A068C117090441EA5F
:10A4400010410704624600233846F5F704FF324600
:10A450000023CDE90201F5F7FEFEA060A068002808
:10A4600004DDA068A0F58030A06003E0A06800F5DE
:10A470008030A0600020E4E5A8F700082DE9FC5F2B
:10A4800006460F4600253D494968087801AB03227E
:10A490000D2100F07BF810B10720BDE8FC9F9DF86E
:10A4A000040000F01F008DF804009DF8050000F086
:10A4B0001F008DF805009DF8060000F01F008DF8C4
:10A4C0000600002456E056F8240057F82410A0EBAC
:10A4D000010BBBF1000F01DB594601E0CBF100019C
:10A4E000084602F0D1FA4FF08F41009002F09AF93D
:10A4F000814601A8005D68B32149086802F0DCFAD2
:10A50000834659461F4802F08DF9804604E01E49F3
:10A51000404602F019FB804601A8005D401EC0B213
:10A5200001A908550028F2D14146484602F07AF9BF
:10A5300083464FF07E5102F005FC82462AF0004B24
:10A540000F488169584602F0CBFB12D20120A0408F
:10A5500005430EE00A480169484602F0C1FA05D3F6
:10A5600007484169484602F0BBFB02D20120A040E7
:10A570000543641C032CA6DB28468EE73C01002023
:10A58000A8F7000800B04C4554E3853F2DE9F041A1
:10A5900006460F4614461D46FBF790FA10B90120F7
:10A5A000BDE8F0817106080EFBF756FAFBF7DEFAFC
:10A5B00018B9FBF7B7FA0120F2E73846FBF74CFA77
:10A5C000FBF7D4FAFBF77AFA012101EB4601C8B296
:10A5D000FBF742FAFBF7CAFA0DE0012C04D1002088
:10A5E000FBF702FA287003E00120FBF7FDF9287061
:10A5F0006D1C601EC4B2002CEFD1FBF793FA002053
:10A60000CEE72DE9F04105460E4617469846FBF782
:10A6100055FA10B90120BDE8F0816906080EFBF774
:10A620001BFAFBF7A3FA18B9FBF77CFA0120F2E753
:10A630003046FBF711FAFBF799FA00240BE018F803
:10A640000400FBF709FAFBF791FA18B9FBF76AFA6D
:10A650000020E0E7641CBC42F1DBFBF763FA00205A
:10A66000D9E700000020014908607047AC01214291
:10A6700000200149086070478C81214270B5054671
:10A68000284600F00FF80446E81C00F00BF844EAF6
:10A69000C00084B2A81D00F005F844EA801084B21E
:10A6A000204670BD014691F90020002A01DD0020FE
:10A6B0001EE091F90020002A01DA042018E091F947
:10A6C0000120002A01DD012012E091F90120002A79
:10A6D00001DA05200CE091F90220002A01DD0220B8
:10A6E00006E091F90220002A01DA062000E00720A6
:10A6F00070470000F8F750F8FDF742FAFCF7EAF867
:10A70000FCF7CAF9FCF706FAFCF742FAFCF766FA1E
:10A71000FCF7E8FAFCF7B0F8FCF770F9FEF7E8FC94
:10A72000FCF750FBFEF701FDFCF754F80123002273
:10A7300002210CA0FCF7ADFB00BF0120FBF790FD50
:10A7400018B90D4800780128F7D000200A49087090
:10A7500001230022022109A0FCF79BFB01E0FEF788
:10A7600095F9FCE770757420646F776E206B6579DE
:10A7700020737461727421002C0000207374617264
:10A780007420636F6E74726F6C2120202020202053
:10A790002020000070B50446002624F0010418486B
:10A7A00090F8240008B1002070BD1548807A10B9D7
:10A7B0004FF0FF30F8E71248057C807A20401049BE
:10A7C00008740846007CA04202D04FF0FF3600E03B
:10A7D000002614B90A48007D18B1012001F024F9BF
:10A7E00002E0002001F020F93CB100F049FB20B16B
:10A7F000034805744FF0FF30D6E73046D4E7000039
:10A800003C01002001461148407A30B1012807D0B0
:10A81000022808D003280CD108E0022008700BE0C1
:10A820000420087008E00820087005E01020087077
:10A8300002E04FF0FF30704700BF0448C07C18B101
:10A8400008784006000E08700020F4E73C01002064
:10A8500001461348407A30B1012808D002280AD0B6
:10A86000032810D10BE04FF4804008800EE041F641
:10A870009C7008800AE04FF48050088006E04FF496
:10A880000060088002E04FF0FF30704700BF0448CE
:10A89000C07C10B10888401008800020F5E7000057
:10A8A0003C01002001460248007C087000207047EF
:10A8B0003C01002001460F48007A30B1012807D042
:10A8C000022809D003280FD10AE0FA2008800EE000
:10A8D0004FF4FA7008800AE04FF47A70088006E0BE
:10A8E0004FF4FA60088002E00020088000BF00BF3B
:10A8F000002070473C01002001460E48007A30B12C
:10A90000012807D0022808D003280CD108E00A4803
:10A9100008600BE00948086008E00948086005E0A5
:10A920000848086002E04FF0FF30704700BF002089
:10A93000FBE700003C0100200000034300008342CD
:10A94000333303423333834101461248C07A082827
:10A9500017D2DFE800F01704070A0D101318BC2007
:10A96000088013E06220088010E02A2008800DE0B3
:10A97000142008800AE00A20088007E005200880EB
:10A9800004E000BF00BF0020088000BF00BF00201F
:10A99000704700003C0100200146064890F8240062
:10A9A00010B14FF0FF3070470248C0890880002086
:10A9B000F9E700003C0100201CB580208DF8000064
:10A9C000654A1268917C644A526810786B4601228D
:10A9D000FFF717FE10B14FF0FF301CBD6420FEF7EB
:10A9E00089FC00208DF800005B4A1268917C5A4A6D
:10A9F000526810786B460122FFF703FE10B14FF04A
:10AA0000FF30EAE7544A1268917D534A5268107841
:10AA10006B460622FFF7BAFD10B14FF0FF30DCE7BE
:10AA20009DF80500C007400F9DF8031001F00101DB
:10AA300040EA41009DF8011001F0010140EA0104E3
:10AA400094B1012C03D101214348C17431E0022C9F
:10AA500003D100214048C1742BE021463FA0F5F707
:10AA60001FFC4FF0FF30B8E73B4A1268D1783A4AF2
:10AA7000526810786B460122FFF788FD10B14FF045
:10AA8000FF30AAE79DF8000000F00F042CB93D4804
:10AA9000F5F706FC4FF0FF309FE7042C06D13AA0F3
:10AAA000F5F7FEFB01212C48C17402E000212A4881
:10AAB000C174FF2128488172FF2027490872FF21B5
:10AAC00025484172C1724FF6FF71C181FF210174A7
:10AAD00081740121017380F82210002180F8231075
:10AAE000417501751630016041608160163880F84B
:10AAF000241080F82510C1844FF4FA6000F05CFC4B
:10AB000010B14FF0FF3068E7022000F025FB10B1D4
:10AB10004FF0FF3061E72A2000F0C8FC10B14FF081
:10AB2000FF305AE7322000F003FD10B14FF0FF3044
:10AB300053E70020FFF72EFE10B14FF0FF304CE737
:10AB4000002000F04BFB10B14FF0FF3045E7002034
:10AB500000F03CFD002040E73C010020556E73757D
:10AB600070706F7274656420736F6674776172655C
:10AB70002070726F64756374207265762025642E70
:10AB80000A0000008005010848616C662073656E4C
:10AB90007369746976697479207061727420666F64
:10ABA000756E642E0D0A00002DE9F04385B0054650
:10ABB0000E4690469946294890F8250020B14FF05E
:10ABC000FF3005B0BDE8F08316B94FF0FF30F8E76D
:10ABD000002423E0281B102801DD102000E0281BA2
:10ABE00087B232193946204600F058FD10B14FF0B7
:10ABF000FF30E6E701AA3946204600F001F910B11E
:10AC00004FF0FF30DDE730193A4601A9F5F72BFC8C
:10AC100010B16FF00100D4E7E01984B2AC42D9DB87
:10AC20004FEA28208DF8000008F0FF008DF80100A1
:10AC30000A4A1268917E094A526810786B460222CD
:10AC4000FFF7DFFC10B14FF0FF30BAE701210348F6
:10AC500080F82510A0F826900020B2E73C010020E3
:10AC600038B50446282C02DD4FF0FF3038BDDCB982
:10AC7000002000F0E5FB00208DF8000007208DF893
:10AC800001002E4A1268917C2C4A526810786B465B
:10AC90000222FFF7B6FC10B14FF0FF30E6E70021CB
:10ACA000264801750020E1E7012000F0C9FB2020C3
:10ACB0008DF80000012C06D100208DF80100052040
:10ACC00000F0F4FB17E0052C06DC01208DF80100F4
:10ACD000052000F0EBFB0EE0142C06DC02208DF8C2
:10ACE00001000A2000F0E2FB05E003208DF80100DE
:10ACF000142000F0DBFB9DF80100072101EB801020
:10AD0000C0B28DF801000D4A1268917C0B4A52685E
:10AD100010786B460222FFF774FC10B14FF0FF3041
:10AD2000A4E7082105488172002101730121017502
:10AD30000020FFF72FFD002098E700003C010020D5
:10AD4000F8B504460F4616462C4890F8240010B972
:10AD50004FF0FF30F8BD2948807A10B94FF0FF302E
:10AD6000F8E7264A1268917A244A526810786B46AE
:10AD70000222FFF70BFC10B14FF0FF30EAE79DF81D
:10AD800001009DF8001040EA0125A54203DA0020E9
:10AD90003070401EDEE7194840684088B5EB600F10
:10ADA00017DD164A1268517C144A526810786B46B7
:10ADB0000122FFF7EBFB10B14FF0FF30CAE79DF81F
:10ADC000000000F0100020B100F05AF86FF0010010
:10ADD000C0E7E2B2094B1B68D97A084B5B68187868
:10ADE0003B46FFF7D3FB10B14FF0FF30B2E795FBC6
:10ADF000F4F0401E30700020ACE700003C01002061
:10AE0000F8B504460D46164616B94FF0FF30F8BDAA
:10AE10001A48807A10B94FF0FF30F8E720128DF809
:10AE20000000E0B28DF801009DF8010028441349AC
:10AE300049684989884202DD4FF0FF30E7E70F4A51
:10AE40001268117E0D4A526810786B460222FFF795
:10AE5000D8FB10B14FF0FF30D9E7EAB2074B1B68BF
:10AE6000597D064B5B6818783346FFF78FFB10B1AE
:10AE70004FF0FF30CBE70020C9E700003C01002085
:10AE800008B56D48807A10B94FF0FF3008BD00203A
:10AE90000090694A1268D17B674A526810786B4605
:10AEA0000122FFF7AEFB10B14FF0FF30EEE7624A30
:10AEB00012685179604A526810786B460122FFF798
:10AEC000A0FB10B14FF0FF30E0E75B4A1268117948
:10AED000594A526810786B460122FFF792FB10B175
:10AEE0004FF0FF30D2E7544890F82400002850D0AB
:10AEF0000C200090504A126811794F4A526810781D
:10AF00006B460122FFF77DFB10B14FF0FF30BDE72C
:10AF1000C02000904848807A00F0010020B19DF8E0
:10AF2000000040F020000090434A12681179424A24
:10AF3000526810786B460122FFF763FB10B14FF0A7
:10AF4000FF30A3E73C48407C10B10220009001E0B4
:10AF500000200090384A1268D17B374A5268107836
:10AF60006B460122FFF74DFB10B14FF0FF308DE72C
:10AF700000200090304A126851792F4A52681078A8
:10AF80006B460122FFF73DFB002852D04FF0FF3007
:10AF90007CE704200090284A12681179264A5268FA
:10AFA00010786B460122FFF72CFB10B14FF0FF30F9
:10AFB0006CE72148807C20B91F48807A00F00100AE
:10AFC00010B94020009001E0602000901A4A1268F9
:10AFD0001179194A526810786B460122FFF711FB6C
:10AFE00010B14FF0FF3051E71348407C10B1012001
:10AFF000009001E0002000900F4A1268D17B0E4AB9
:10B00000526810786B460122FFF7FBFA10B14FF03F
:10B01000FF303BE7084A12685179074A52681078B6
:10B02000054B10330122FFF7ECFA10B14FF0FF305F
:10B030002CE700202AE700003C0100202DE9F04F1A
:10B040008DB083460F4602200C90424890F82400B1
:10B0500020B1002000F068F9012600E0002603A8D6
:10B06000FFF728FC05A8FFF7CDFB01A8FFF76CFC54
:10B0700002A8FFF791FC374890F80AA004A8FFF750
:10B0800011FC002407E0002239465846FEF7C0FFB5
:10B0900000B902E0641C022CF5DB00BF022C01D1D8
:10B0A000002528E0002407E0012206A909A8FEF7F0
:10B0B000AFFF00B902E0641C022CF5DB00BF022CDC
:10B0C00001D1002517E006A93846FDF78BFC00F0FA
:10B0D000FF0809A95846FFF7D1F900F0FF0900253C
:10B0E000B9F1000F01D145F00105B8F1000F01D110
:10B0F00045F0020500BFFF2016490872FF211548E0
:10B100004172C1724FF6FF71C181FF2181720174DA
:10B1100001210173BDF80C0000F04EF99DF81400F8
:10B1200000F01AF8BDF8040000F0C0F9BDF80800FE
:10B1300000F0FEF9504600F049FA9DF81000FFF7C4
:10B1400029FB16B1012000F0EFF828460DB0BDE84C
:10B15000F08F00003C01002038B504461E48807A7C
:10B1600010B94FF0FF3038BD022C06D0042C07D0A8
:10B17000082C08D0102C0CD108E0002000900BE027
:10B180000820009008E01020009005E018200090B2
:10B1900002E04FF0FF30E6E700BF0F48407A9DF82D
:10B1A0000010B0EBE10F01D10020DCE70A4A126881
:10B1B000D179094A526810786B460122FFF721FACB
:10B1C00010B14FF0FF30CEE79DF80000C1100248EB
:10B1D00041720020C7E700003C01002038B504465A
:10B1E0005048807CA04201D1002038BD002C46D0C0
:10B1F0004C4A126811794B4A526810786B4601220A
:10B20000FFF7C4F910B14FF0FF30EEE79DF80000F2
:10B2100020F020000090434A12681179414A526898
:10B2200010786B460122FFF7ECF910B14FF0FF30B8
:10B23000DBE70320FEF75EF802200090394890F823
:10B24000220020B19DF8000040F0800000903548B9
:10B2500090F8230020B19DF8000040F030000090ED
:10B26000304A1268117D2F4A526810786B460122CD
:10B27000FFF7C7F9002851D04FF0FF30B5E7294A52
:10B2800012681179274A526810786B460122FFF73D
:10B290007DF910B14FF0FF30A7E72248807A00F027
:10B2A000010028B19DF8000040F02000009004E06B
:10B2B0009DF8000020F0200000901A4A12681179D1
:10B2C000184A526810786B460122FFF79AF910B1BC
:10B2D0004FF0FF3089E70320FEF70CF8114890F893
:10B2E000220010B18020009001E0002000900D4865
:10B2F00090F8230020B19DF8000040F0300000904D
:10B30000084A1268117D074A526810786B4601227C
:10B31000FFF777F910B14FF0FF3066E7014884740A
:10B32000002062E73C01002038B50446214890F82F
:10B330002400A04201D1002038BD24B31D4890F85C
:10B34000250010B94FF0FF30F6E7002000F06CFB4D
:10B350000020FFF743FF1749C88C00F0E9F80020F0
:10B3600000901449496808786B4601222321FFF7B1
:10B3700048F901210F4880F82410012000F054FB07
:10B38000FFF77EFD13E0002000F04EFB0948007C33
:10B3900000900849496808786B4601222321FFF78D
:10B3A00030F90021034880F82410FFF769FD0020E0
:10B3B000C2E700003C01002038B504461F48807AEF
:10B3C00010B94FF0FF3038BDFA2C09D0B4F5FA7F30
:10B3D00009D0B4F57A7F09D0B4F5FA6F0CD108E042
:10B3E000002000900BE00820009008E01020009062
:10B3F00005E01820009002E04FF0FF30E3E700BFC7
:10B400000E48007A9DF80010B0EBE10F01D100204A
:10B41000D9E70A4A12689179084A526810786B464F
:10B420000122FFF7EEF810B14FF0FF30CBE79DF8A7
:10B430000000C010014908720020C4E73C01002050
:10B4400038B50446184890F82300A04201D10020E6
:10B4500038BD14B13020009001E000200090124867
:10B46000807C20B19DF8000040F0020000900E4862
:10B4700090F8220020B19DF8000040F0800000907C
:10B48000094A1268117D084A526810786B460122F9
:10B49000FFF7B7F810B14FF0FF30D9E7024880F856
:10B4A00023400020D4E700003C01002038B50446CA
:10B4B0001E48807A10B94FF0FF3038BDBC2C02DB3B
:10B4C0000120009015E0622C02DB0220009010E0C9
:10B4D0002A2C02DB032000900BE0142C02DB04205A
:10B4E000009006E00A2C02DB0520009001E0062017
:10B4F00000900E48C07A9DF80010884201D10020CB
:10B50000DBE70A4A12689178084A526810786B465D
:10B510000122FFF776F810B14FF0FF30CDE79DF82C
:10B5200000100248C1720020C7E700003C01002063
:10B5300038B504462448807A10B94FF0FF3038BD42
:10B54000214890F8240010B14FF0FF30F7E71E4873
:10B55000007D50B134B1282C04DCE0B2FFF780FB51
:10B560000020ECE70020FFF77BFB042C01DA042429
:10B5700004E0B4F57A7F01DD4FF47A744FF47A7009
:10B5800090FBF4F0401EC0B200900F4A1268517850
:10B590000D4A526810786B460122FFF732F810B15D
:10B5A0004FF0FF30CBE79DF80000401C4FF47A715C
:10B5B00091FBF0F081B20448C1810146C98948106D
:10B5C000FFF774FF0020BAE73C01002038B50446BD
:10B5D00004F0700010B10120009005E014B10020CB
:10B5E000009001E0402000902B4A1268917C2A4A8A
:10B5F000526810786B460122FFF703F820B1002152
:10B6000025488172481E38BD9DF8000020F0400199
:10B61000214801730020009004F0400020B99DF8FB
:10B62000000040F00400009004F0200020B99DF8D4
:10B63000000040F00200009004F0100020B99DF8D6
:10B64000000040F00100009004F0080020B99DF8CF
:10B65000000040F0380000900F4A1268D17C0E4A7A
:10B66000526810786B460122FEF7CBFF20B1002113
:10B6700009488172481EC6E724B1082C02D0002078
:10B68000FFF7DEFE04488472002101753220FDF7C9
:10B6900031FE0020B7E700003C010020F8B5044669
:10B6A0000D46164616B94FF0FF30F8BD1A48807A9D
:10B6B00010B94FF0FF30F8E720128DF80000E0B22B
:10B6C0008DF801009DF80100284413494968498913
:10B6D000884202DD4FF0FF30E7E70F4A1268117E23
:10B6E0000D4A526810786B460222FEF78AFF10B1AD
:10B6F0004FF0FF30D9E7EAB2074B1B68597D064B84
:10B700005B6818783346FEF77CFF10B14FF0FF30CE
:10B71000CBE70020C9E700003C0100202DE9FF4FE6
:10B7200083B083460E461F46DDF848900296019787
:10B73000BA460598864238D1002433E000252EE031
:10B7400000210AFB04F009EB800040F82510884630
:10B7500022E0019A02FB08F2119B03EB820252F8ED
:10B760002510029A6243109B03EB820252F82800D4
:10B7700001F0EAF900900AFB04F009EB800050F8B0
:10B780002510009800F0E0FF0AFB04F109EB8101AD
:10B7900041F8250008F10108B045DADB6D1CBD4217
:10B7A000CEDB641C5C45C9DB02E003A0F4F778FD46
:10B7B00007B0BDE8F08F00004572726F723A204DFD
:10B7C0006174726978206861732077726F6E672088
:10B7D00064696D656E73696F6E732100014600299F
:10B7E00001DA484200E008467047704770B50F48DC
:10B7F000006800F07DFF04464FF033320C4B00F040
:10B8000061FC06D201200B49087000200A4908702B
:10B810000BE00948007840B9002006490870012073
:10B820000549087000200549086070BD200100200E
:10B83000333323400601002008010020AC012142DF
:10B8400010B504464F4800780B280FD2DFE800F00F
:10B85000060F18223E48525C66707A00AA2C05D169
:10B86000012048490870AA204749087087E0552CF4
:10B8700005D10220434908705520434948707EE0B5
:10B8800041484049097844543E480078401C3D49AD
:10B89000087074E03C483B490978445439480078C2
:10B8A000401C3849087004EB4400384908800846B9
:10B8B00000880A30FF2808DD002008803149087020
:10B8C0004FF480713048F4F724FE58E02E482D499B
:10B8D000097844542B480078401C2A4908704EE0EF
:10B8E000294828490978445426480078401C2549AD
:10B8F000087044E0244823490978445421480078DA
:10B90000401C204908703AE01F481E4909784454F9
:10B910001C480078401C1B49087030E01A4819493F
:10B920000978445417480078401C1649087026E0EE
:10B93000154814490978445412480078401C1149AC
:10B9400008701CE00F4800781149097808440E4936
:10B950000C540F480078401C0D49087008460078C8
:10B960000A490988884209DB01200A490870002039
:10B9700007490870054908800249087000BF00BFE8
:10B9800010BD00009A020020C00800209C02002088
:10B990009E0200209802002070B588B002A905A878
:10B9A000FFF74CFB0446072C3CD101A8FEF7A4FF8F
:10B9B000059801F069F80646019901F0C5F80546B9
:10B9C00001F026F80590069801F05EF80646019908
:10B9D00001F0BAF8054601F01BF80690079801F04F
:10B9E00053F80646019901F0AFF8054601F010F84A
:10B9F000079005A8FEF702F86846FEF729FFBDF894
:10BA00000010029848430290BDF800100398484384
:10BA10000390BDF8001004984843049002A8FDF775
:10BA20001DFF00BF08B070BD38B50446214890F82E
:10BA30002400C0B114B10220009001E00020009069
:10BA40001C4A1268D17B1B4A526810786B4601224F
:10BA5000FEF7D7FD10B14FF0FF3038BD9DF8001054
:10BA60001448417423E01348807A10B94FF0FF3036
:10BA7000F3E724B10F48407C08B10020EDE714B192
:10BA80000120009001E0002000900A4A1268D17B5A
:10BA9000084A526810786B460122FEF7B2FD10B1D9
:10BAA0004FF0FF30D9E79DF80010024841740020A4
:10BAB000D3E700003C0100202DE9F04106460F4687
:10BAC00000F046FC041E0D4618BF0120284320F05C
:10BAD0000040C0F17F6000F1E040C00F0ED0301C8C
:10BAE00018BF0120384320F00040C0F17F6000F112
:10BAF000E040C00F04BF0120F4F7B2FD2046294604
:10BB0000BDE8F08137B504460D4602AB0122294657
:10BB10002046FBF785FB3EBD2DE9F04106460F466A
:10BB200014461D46EAB2234639463046FBF778FBF9
:10BB3000BDE8F08121F00042A2F16052B2F5801F11
:10BB400001F0004328BFD2F17F6C0BD95FEA001CE3
:10BB500043EAC20242EB507018BF704728BF20F082
:10BB600001007047B2F5801FBCBF184670474FEA0E
:10BB7000410C1CF5001F02D2084601F0ACB870B5AC
:10BB800000F086FB00000089FFF7F6BF4FF0004091
:10BB9000A0F580007047000010B591EA030F48BF80
:10BBA00083F0004300F1C284841A71EB030C05D2C8
:10BBB000121943EB0C03001B61EB0C01DFF824E1CD
:10BBC0004FEA1154A4EB135C1EEA430F18BF9EEA20
:10BBD000445F73D023EA0E03DCF1200E21EA045106
:10BBE00043F4801332D322FA0CFE10EB0E0023FA3A
:10BBF0000CFE41EB0E01CCF1200E03FA0EFE10EB11
:10BC00000E0051F10001B1F5801FCCF1200E32D2AF
:10BC100001EB045112FA0EF2BDE8104058BF704714
:10BC2000401C38BF5FEA420218BF7047002814BFAB
:10BC300020F0010041F100014FEA410313F5001F1C
:10BC400038BF7047A1F1C04100F070BB012A43EB3F
:10BC50000302ACF1200CDCF11F0E32BF4FF0000EDE
:10BC600023FA0CF310EB030041EB0451B4EB115F2A
:10BC7000D0D0A1EB045101F5801149085FEA3000F2
:10BC800001EB04510ED350F1000038BF12FA0EFE42
:10BC900008D1BDE81040C9E7401C38BF5FEA420246
:10BCA000CAD1C3E7BDE810404FEA410313F5001FB6
:10BCB00038BF7047A1F1C04100F038BB9EEA445F35
:10BCC00008D011EA5E0FBDE8104004BF01F000414A
:10BCD00000207047BDE8104070B500F0D9FA00BFF1
:10BCE00064FBBE3E0000E0FF02494FF0000001F09F
:10BCF0009EB800BF0000F87F491058BFC1F1404115
:10BD00005B1058BFC3F140438B42EFF30080704794
:10BD10002DE9C04130B4DFF8A0C23CEA111418BFCD
:10BD20003CEA131400F0EC8081EA03051CEA1114CC
:10BD300044EAD57418BF1CEA131500F0C780A4EBC1
:10BD400005044FF0004545EAC12145EAC32341EA15
:10BD5000505143EA525304F17F74994204F5003480
:10BD60004FEAC0204FEAC22208BF904200F09C80F8
:10BD70004FEA13650FF24016765D4FEA134506FB56
:10BD800005F7C7F1807706FB07F74FEAD737A7FB20
:10BD900003687642C8F58038A7FB06CE38BFA8F105
:10BDA000010807FB08E64FF0000EA6FB028CE6FB3D
:10BDB00003CEDCF1000CCEF1004E38BFAEF1010E27
:10BDC000A6FB0C584FF000074FF00005E6FB0E876E
:10BDD000A1FB08C6A0FB07CE16EB0E0645F1000539
:10BDE000E1FB076515F1E04E7EBFA4F580345FEA04
:10BDF00046066D4116F1800745F100054FEA172709
:10BE00004FEA066647EA0567A6F1DE46B6F1805FAF
:10BE10004FEA15251FD9384624F0010C05EBC471F3
:10BE2000BCF1FE6F01EB0C1102D8F0BCBDE8008143
:10BE300024425CBF01F5801E9EEAC47F02D4F0BCA0
:10BE4000BDE80081244238D4F0BCA1F1C041BDE876
:10BE5000004100F06BBA4FEAD22242EA43524FEA65
:10BE6000D323A7FB02864FEAD02040EA415007FBCC
:10BE700003661EEA0E0F4FEAD12105FB026658BF8A
:10BE8000A6EB0056B6EB00564FEA520E4EEAC37EC2
:10BE900018EB0E0E56EB530EBDD518EB02085E41A3
:10BEA0007F1C55F10005B6E74FF480154FF00007F1
:10BEB0004FF000064FF00008ADE7F0BC4FF0000077
:10BEC00001F1C04101F00041BDE8008111EA0C1F01
:10BED0000CEA131500D00CE013EA0C1F00F02580CB
:10BEE0004FF00000F0BC81EA030101F00041BDE821
:10BEF0000081F0BCBDE8004181EA030100F016BA00
:10BF0000F0BCBDE8004170B500F0C2F9097EFC3E0E
:10BF100000F007B881EA03014FF0000001F0004192
:10BF2000704781EA030100F001BAF0BCBDE80041AE
:10BF30004FF0000021497047FFFDFBF9F7F5F4F2DF
:10BF4000F0EEEDEBE9E8E6E4E3E1E0DEDDDBDAD8B4
:10BF5000D7D5D4D3D1D0CFCDCCCBCAC8C7C6C5C412
:10BF6000C2C1C0BFBEBDBCBBBAB9B8B7B6B5B4B329
:10BF7000B2B1B0AFAEADACABAAA9A8A8A7A6A5A414
:10BF8000A3A3A2A1A09F9F9E9D9C9C9B9A999998D8
:10BF90009797969595949393929191908F8F8E8E7B
:10BFA0008D8C8C8B8B8A8989888887878685858408
:10BFB00084838382828181800000FF070000F87FF4
:10BFC00051EA030C17D41CF5801F58BFBCF5801F25
:10BFD00000F10680994218BF704708BF9042704731
:10BFE00007D711F5801F58BF13F5801F19D4994248
:10BFF0007047894270471CF5801F08D5BCF5801F2B
:10C00000F7D58B4218BF704708BF824270474FF484
:10C01000001C1CEB410F38BF1CEB430F01D28B42BD
:10C02000704770B500F034F9922449004FF0005188
:10C030004FF08053FFF760BE4FEA41034FEA53537E
:10C04000A3F58063D3F11E03C8BFD3F1210C0CDD2F
:10C050004FF0004242EAC12242EA505232FA03FC57
:10C060008CEAE17CACEBE1707047102BC4BF002080
:10C07000704703F5787CBCF1FF3F04D06FF00042BD
:10C0800082EA2100704770B500F002F949922480DD
:10C0900000207047F2E710F0004248BF4042B0FA7B
:10C0A00080F310FA03F10AD0C3F11D0303F5806396
:10C0B0004FEA415002EB035202EBD12170474FF09F
:10C0C0000000704751EA030C17D41CF5801F58BFBD
:10C0D000BCF5801F00F10680994218BF704708BF69
:10C0E0009042704707D711F5801F58BF13F5801F86
:10C0F00019D499427047894270471CF5801F08D5B2
:10C10000BCF5801FF7D58B4218BF704708BF82422D
:10C1100070474FF4001C1CEB410F38BF1CEB430F62
:10C1200001D28B42704770B500F0B2F892244900FA
:10C130004FF000514FF08053FFF7DEBDDFF848C1EC
:10C1400070B51CEA111E1EBF1CEA13159EEA0C0FE7
:10C1500095EA0C0F00F06F8081EA030423EA4C1388
:10C160004EEAD47E21EA4C1141F4801143F480134D
:10C17000AE44A1FB024CA0FB0365AEF17F7E3619F5
:10C1800055EB0C05A1FB034C4CF10003A0FB021C7A
:10C1900016EB0C06654153F10003094218BF46F047
:10C1A000010613F4007F0BD14FEA03314FEA05304B
:10C1B000340341EA155140EA16506FF003020AE0D9
:10C1C0004FEAC3214FEAC520F40241EA555140EA43
:10C1D00056506FF0020202EB2E4201EB025585EA47
:10C1E000CE710AD05FEA440C18BF24F0004450F12D
:10C1F000000041F1000120EAD47040F2FE7C62456B
:10C2000000D270BDA84214BF4FF080444FF04044AC
:10C21000002E08BF0024BEF1806FA8BFA1F1C0416D
:10C22000BDE8704080F282804FF0000001F1C04113
:10C2300001F0004170479EEA0C0F0CEA131518BF7D
:10C2400095EA0C0F06D04FF0000081EA030E0EF0C5
:10C25000004170BD00F01CF88900013E00F007B8F5
:10C2600000F009B84FEA430C5FEA5C5C08D081EA51
:10C27000030100F05BB84FEA410C5FEA5C5CF6D169
:10C280004FF00000014970470000FF070000F87FF1
:10C290000EF1020E2EF0030E5EF8046B364205D44A
:10C2A000012A43EB030515F5001F12D8012841EBC5
:10C2B000010C1CF5001F0CD80ED14FEAD17C15F5EE
:10C2C000001F0CEB4C0C0CF1020C08BF4CEBD37CA8
:10C2D00004E04FF0080C01E04FEAD37C0CEB4C0576
:10C2E00026FA05F606F00706B6F1040C06D20EEBA8
:10C2F000860CBDE870404CF0010C6047DFE80CF0A4
:10C30000090B02024FF000414FF00000A1F500219F
:10C3100070BD19461046012851EB010418BFD4F531
:10C32000001484BF002001F0004170BD0808A0F592
:10C3300000114FEA3101704791EA030F10B581F007
:10C3400000413FF531AC83F0004300F0EFB800004E
:10C350002DE9F04101F5801CBCF5001FC0F2C3803F
:10C360004FEA115C21EA0C510CF1FD0C41F48011F3
:10C370005FEA5C0C0CF5C07C01D3400049413DA450
:10C38000890241EA905187028E0E0A0CA45D04FBDB
:10C3900004F602FB06F6C6F14046A4FB0662F60D63
:10C3A00046EA422606FB06F4A4FB01235242C3F1EF
:10C3B000404338BF5B1EA6FB02420024E6FB032479
:10C3C000D20B42EA4446A6FB0623A1FB02E2A3FBF2
:10C3D00007E4A4184FF0000252F10002E3FB01420F
:10C3E0006442C2F1404E38BFAEF1010EA6FB0423F9
:10C3F0004FF00002E6FB0E32A2FB03464FF00004B2
:10C40000B61954F10004E2FB0264A1FB06E6A4FBAA
:10C4100007E816EB08064FF0000858F10008E4FBA7
:10C4200001687642C8F1405838BFA8F10108A2FB64
:10C4300006E4A3FB08E52D194FF0000454F10004B5
:10C44000E2FB0854A1FB05E6A7FB04E818EB06088D
:10C450004FF0000656F10006E1FB048618F12005B6
:10C4600056F10006A809A8F11B08B10908F03F0819
:10C47000B8F10A0F40EA86601CD901EB0C51BDE807
:10C48000F08100BFFCF5EEE8E2DDD8D3CFCBC7C327
:10C49000C0BDB9B6B4B1AEACA9A7A5A3A19F9D9BE1
:10C4A0009A9896959392908F8D8C8B8988878685A4
:10C4B00084838281A0FB006800FB01F208EB420844
:10C4C000B8EB872807D5341858EB0104D5D5401CA4
:10C4D00051F10001D1E7341A78EB0104CDD4401EAC
:10C4E00071F10001C9E75FEA4C0C5FEA9C5C0DD179
:10C4F00005D34FF0000001F00041BDE8F081BDE838
:10C50000F04170B5FFF7C4FE6DDBFFBEBDE8F04142
:10C510004FF00000004970470000F87F10B591EA25
:10C52000030F48BF83F000433FF53EAB841A71EB25
:10C53000030C07D212198CF0004C43EB0C03001BC8
:10C5400061EB0C01DFF8A4E14FEA1154A4EB135C9A
:10C550001EEA430F18BF9EEA445F00F0B08023EA52
:10C560006E03524221EA0451C3EB6E0338BF5B1ED7
:10C57000DCF1200E25D322FA0CFE10EB0E0043FA5C
:10C580000CFE41EB0E01CCF1200E03FA0EFE10EB77
:10C590000E0051F10001CCF1200E29D412FA0EF256
:10C5A00001EB0451BDE8104058BF7047401C1CBF50
:10C5B000B2F1004F704700280CBF491C20F0010069
:10C5C000704712EB020E43EB030218BF4FF0010E4F
:10C5D0004EEA4202ACF1200CDCF11E0E54D943FAB3
:10C5E0000CFE10EB0E0051F1FF31CCF11E0ED5D533
:10C5F0000EF1010E12FA0EFE404141EB010101EB7A
:10C60000445C5FEA5C5C10D910EBDE7001EB045116
:10C6100038BFBEF1004FBDE8104018BF704700287A
:10C620000CBF491C20F00100704730D24FEAD42CD7
:10C6300011F5001124F400641BD0B1FA81F20B3A19
:10C64000A41AA41ED2F12003914030FA03F3194337
:10C65000904001EBCC71002C01EB0451BDE810407F
:10C66000A8BF704701F1C0414FF0000001F0004148
:10C670007047B0FA80F310FA03F100D110BDE41A4C
:10C68000173C4805C90AE4E701EB045110BD491005
:10C6900001EB0451BDE810404FEA300002E04FF0DA
:10C6A000000170474A0008BF0042F8D0B2F5001FF1
:10C6B00028BF704701F000414FF0000070479EEA2C
:10C6C000445F07D011EA5E0FBDE8104004BF0021AF
:10C6D00000207047BDE8104070B5FFF7D9FD00BFDE
:10C6E00040DFF63E83F00041104670470000E0FF57
:10C6F00043004FEAD30C4FEA3C0C43401FBF4007B6
:10C700000CF1605113F0FE4F70471CF0006F03D125
:10C7100000200CF0004170470CF0004343EA5070D9
:10C7200010B540EACC0000F090FA00BF0000009283
:10C730004FEA0001FFF7FABD4FF000414FF0000053
:10C74000A1F500217047000090EA010F48BF81F079
:10C75000004100F1FE82421A3CBF801A89184FEA5C
:10C76000D0524FF07F4C1CEA410FA2EBD15318BFBF
:10C770009CEA026F00F03B804FF0004C4CEA002036
:10C780004CEA012121FA03FC10EB0C0C1ED202F141
:10C79000FF325FEA1C2040EBC25038BF70471CF0EC
:10C7A0007F0F4FEA400C18BFBCF17F4F38BF704776
:10C7B000C3F12003994008BF20F00100BCF17F4F76
:10C7C00038BF7047A0F1C04000F085BA4FEA3C0086
:10C7D000000A40EBC25028BF1CF0FF0F4FEA400C8C
:10C7E000E6D018BFBCF17F4F38BF7047EAE79CEA3C
:10C7F000026F05D010EA5C0F08BF00F000407047E0
:10C8000010B500F022FA00BF64FBBE3E401058BFD6
:10C81000C0F14040491058BFC1F140418142EFF39F
:10C82000008070474FF47F0C1CEAD0121EBF1CEA38
:10C83000D11392EA0C0F93EA0C0F00F0858090EA76
:10C84000010F48BF42F4807240F4000C41F4000034
:10C850002CF07F4120F07F4000B58142A2EB030223
:10C860000FF2081CACEB504EC0F100009EF800E047
:10C870004FEA4E0E00FB0EFC38BF49004FEA2C1C5D
:10C8800002F5FA020CFB0EF34FEACE1E4FEA112C12
:10C890004FEAC1210EEB635E42EB22420EFB0CFC21
:10C8A0004FEA1C5300FB03114FEA112C4FEA0131F0
:10C8B0000EFB0CFC4FEADC4C00FB0C11C14228BF04
:10C8C00009184CEB03335DF804EB10EB410143EB2B
:10C8D000C250B2F57C0F38BF704729D512F0F00F67
:10C8E0001CBF00F1C04000F000407047008182830F
:10C8F0008485868788898B8C8D8E8F91929395966F
:10C9000097999A9C9D9FA0A2A3A5A7A8AAACAEB0F8
:10C91000B2B3B5B7B9BCBEC0C2C5C7C9CCCED1D4FD
:10C92000D7D9DCDFE2E6E9ECF0F3F7FAFE0000002D
:10C930004FEA400C0CF1807CBCF17E4F28BF704761
:10C94000B0F1C04000F0C7B990EA010F0CEAD11372
:10C9500048BF42F48072624538BF634507D213F482
:10C960007F0F16D080EA010000F00040704710B53C
:10C9700000F06BF9097EFC3E00F005B880EA01008A
:10C9800000F00040704780EA010000F0004000F035
:10C99000A2B912F47F0F04BF0248704780EA010079
:10C9A00000F099B90000C07F50EA010C00F113803B
:10C9B0001CF5000F58BFBCF5000F01D4884270472A
:10C9C00007D710F5000F58BF11F5000F15D4884296
:10C9D0007047894270471CF5000F04D5BCF5000F65
:10C9E000F7D5814270474FF0807C1CEB400F38BF79
:10C9F0001CEB410F01D28142704710B500F025F9C0
:10CA0000922449004FF000504FF08051FFF7FEBED6
:10CA100041000B0ED3F19E0208D950F400034FEAF7
:10CA2000032323FA02F048BF4042704710B500F0DC
:10CA30000CF900BF49922480002070476FF000423B
:10CA400082EA200070470000C10DD1F19E0206DB92
:10CA50004FEA002343F0004323FA02F070470042FC
:10CA600007D54FEA4001B1F1FE4F02D24FF000006E
:10CA7000704710B500F0E9F8499224800020704713
:10CA80006FEA20007047000010F0004148BF4042AC
:10CA9000B0FA80F310FA03F2C3F19D030BD051EA10
:10CAA000C35101EB1220530638BF704700F101005B
:10CAB00008BF20F001007047B0FA80F310FA03F2CB
:10CAC000C3F19D030AD0D90501EB1220530638BFEC
:10CAD000704700F1010008BF20F00100704700001E
:10CAE00050EA010C00F113801CF5000F58BFBCF593
:10CAF000000F01D48842704707D710F5000F58BFC8
:10CB000011F5000F15D488427047894270471CF513
:10CB1000000F04D5BCF5000FF7D5814270474FF0E8
:10CB2000807C1CEB400F38BF1CEB410F01D28142CF
:10CB3000704710B500F089F8922449004FF000507A
:10CB40004FF08051FFF762BE4FF47F0C1CEAD01209
:10CB50001EBF1CEAD11392EA0C0F93EA0C0F00F0EF
:10CB6000478090EA010F48BF42F480724FF0004CBA
:10CB70004CEA00204CEA012102EB0302A0FB011366
:10CB8000A2F50002002918BF43F001035B0028BF93
:10CB90004FEA330342EB22425FEA132C4CEBC250C4
:10CBA0002EBFBCEB436FB2F57C0F70474FEA036CAE
:10CBB000BCF1004F08BF20F00100B2F57C0F38BF78
:10CBC00070470BD582F0FF0212F5803FC8BF704757
:10CBD00000F1C040D8BF00F00040704700F5000CE5
:10CBE0005FEA4C0C48BF7047B0F1C04000F073B82A
:10CBF00090EA010F0CEAD11348BF42F480726245FB
:10CC000038BF634504D280EA010000F0004070475D
:10CC100010B500F01AF800BF8900013E00F007B817
:10CC200000F009B85FEA410C5FEA1C6C08D080EAAA
:10CC3000010000F050B85FEA400C5FEA1C6CF6D1CE
:10CC40004FF00040A0F5800070470EF1020E2EF06C
:10CC5000030E5EF8044B244204D44FEA4102B2F1C1
:10CC60007F4F11D84FEA4003B3F17F4F0CD80ED15C
:10CC70004FEAD07CB2F17F4F0CEB4C0C0CF1020C64
:10CC800008BF4CEBD17C04E04FF0080C01E04FEA08
:10CC9000D17C0CEB4C0324FA03F404F00704B4F148
:10CCA000040C06D20EEB840CBDE810404CF0010CD5
:10CCB0006047DFE80CF0070802024FF00040A0F5E3
:10CCC000800010BD0846420018BFD2F1807288BFB4
:10CCD00000F0004010BDFF2141EAD050C005704770
:10CCE00051EA000C00F113801CF5000F58BFBCF591
:10CCF000000F01D48142704707D711F5000F58BFCC
:10CD000010F5000F15D481427047894270471CF519
:10CD1000000F04D5BCF5000FF7D5884270474FF0DF
:10CD2000807C1CEB410F38BF1CEB400F01D28842C6
:10CD3000704780EA010081EA000180EA0100FFF704
:10CD4000F8BE000090EA010F48BF81F000413FF5B6
:10CD500002AD421A04D882F00042A0EB0200114456
:10CD60004FEAD0524FF07F4C1CEA410FA2EBD15357
:10CD700018BF9CEA026F4AD04FF0004C4CEA0020EA
:10CD80004CEA012121FA03FCB0EB0C0C0FD412F099
:10CD9000FE0F36D05FEA4C001DD5001240EBC250AA
:10CDA00038BF70471CF03F0F18BF70470BE0A2F16F
:10CDB00001025FEA1C2040EBC25038BF70471CF0F4
:10CDC0007F0F18BF7047C3F12003994014BF401E66
:10CDD00020F00100704780084FEA122308BF704717
:10CDE000B0FA80FCA2EB0C02CCF1280C60FA0CF03B
:10CDF00093EA122F04BF00EBC25070474FEAC37092
:10CE00007047130A5FEADC1008BF7047F6E79CEA38
:10CE1000026F04D010EA5C0F08BF0020704710B505
:10CE2000FFF713FF40DFF63E81F0004070470CF043
:10CE30000F03092B08BF082000F059800A2B0BD0E4
:10CE4000082B18BF704708BF1CF0400F0AD04FF0E6
:10CE500000004FF0000170471CF0400F18BF4FF06A
:10CE6000004070471CF0100F08D020F0704300F015
:10CE70007F4242EAD3014FEA4370704700F06040BE
:10CE800021F07F4242EA000201F07F4040EA7270E6
:10CE900070474FF0FF0C4CF4E06C1CEA11531CBFC0
:10CEA0009CEA030C9445C2BFDA4201EB0251704781
:10CEB000002B0DD0BCF1000F0FD0002A01F0004173
:10CEC000A4BF41F0E04141F07F614FF000007047A6
:10CED00001F000414FF00000704750EA01334FF07D
:10CEE0009B0C18BF4CF0806C7EF4FEAE70471CF4B7
:10CEF000801F11D01CF4E02F03D06FEACC31490021
:10CF000070474FF04050EFF3008222F0704242EA47
:10CF1000000282F3008870474FF000007047020360
:10CF20000405060708090A0B0C0D0E0F101001026C
:10CF300002030405060708090A0B0C0D0E0F10105A
:10CF400001020000000000000000010203040607C7
:10CF500008090000000001020304081C3044586C5A
:10CF60008000000000000000000000000000000041
:10CF70000000000000000010001000100010001061
:10CF80000010000000100000000000280028002809
:10CF9000000000000000000000000000000000246D
:10CFA0000024007C00240048007C00480048000069
:10CFB00000000038005400500038001400540054A1
:10CFC00000380010000000200054005800300028F5
:10CFD0000054001400080000000000100028002881
:10CFE0000010003400480048003400000000001029
:10CFF0000010001000000000000000000000000011
:10D000000000000800100020002000200020002068
:10D010000020001000080020001000080008000890
:10D020000008000800080010002000100038001060
:10D0300000280000000000000000000000000000C8
:10D04000000000100010007C001000100000000024
:10D0500000000000000000000000000000000000D0
:10D060000010001000100000000000000000000090
:10D070000038000000000000000000000000000078
:10D080000000000000000000001000000000000888
:10D090000008001000100010001000200020000008
:10D0A00000000038004400440054004400440044A0
:10D0B0000038000000000010003000500010001088
:10D0C0000010001000100000000000380044004470
:10D0D0000004000800100020007C00000000003860
:10D0E000004400040018000400040044003800005C
:10D0F000000000080018002800280048007C0008F4
:10D10000000800000000007C00400040007800049F
:10D1100000040044003800000000003800440040D3
:10D120000078004400440044003800000000007C07
:10D130000004000800100010002000200020000063
:10D14000000000380044004400380044004400441B
:10D150000038000000000038004400440044003C57
:10D16000000400440038000000000000000000102F
:10D17000000000000000000000100000000000009F
:10D18000000000000010000000000000001000106F
:10D19000001000000000000C003000400030000CC7
:10D1A000000000000000000000000000007C000003
:10D1B000007C000000000000000000000000006093
:10D1C0000018000400180060000000000000003893
:10D1D00000440004000800100010000000100000CF
:10D1E000000000380044004C0054005C0040004047
:10D1F0000038000000000010002800280028002847
:10D20000007C00440044000000000078004400441A
:10D21000007800440044004400780000000000381A
:10D22000004400400040004000400044003800003E
:10D2300000000070004800440044004400440048DE
:10D24000007000000000007C00400040007C0040B6
:10D2500000400040007C00000000007C00400040D6
:10D26000007800400040004000400000000000380E
:10D27000004400400040005C0044004400380000CE
:10D280000000004400440044007C0044004400448A
:10D2900000440000000000380010001000100010D2
:10D2A000001000100038000000000004000400041A
:10D2B00000040004000400440038000000000044A2
:10D2C0000048005000600050004800480044000042
:10D2D000000000400040004000400040004000408E
:10D2E000007C000000000044006C006C005400440E
:10D2F0000044004400440000000000440064006456
:10D3000000540054004C004C004400000000003861
:10D31000004400440044004400440044003800003D
:10D3200000000078004400440044007800400040C1
:10D330000040000000000038004400440044004465
:10D340000044005400380004000000780044004409
:10D350000044007800480048004400000000003805
:10D360000044004000300008000400440038000081
:10D370000000007C001000100010001000100010D1
:10D380000010000000000044004400440044004439
:10D390000044004400380000000000440044004401
:10D3A00000280028002800100010000000000044A1
:10D3B0000044005400540054006C00280028000071
:10D3C0000000004400280028001000100028002859
:10D3D0000044000000000044004400280028001021
:10D3E00000100010001000000000007C0004000885
:10D3F0000010001000200040007C00000000001819
:10D40000001000100010001000100010001000109C
:10D41000001800200020001000100010001000086C
:10D420000008000000000030001000100010001084
:10D43000001000100010001000300010002800281C
:10D440000044000000000000000000000000000098
:10D45000000000000000000000000000000000FECE
:10D46000000000200010000000000000000000008C
:10D470000000000000000000000000380044003CF4
:10D480000044004C00340000000000400040005800
:10D4900000640044004400640058000000000000E4
:10D4A0000000003800440040004000440038000004
:10D4B0000000000400040034004C00440044004C10
:10D4C0000034000000000000000000380044007C30
:10D4D00000400044003800000000000C0010007CF8
:10D4E00000100010001000100010000000000000EC
:10D4F00000000034004C00440044004C00340004A0
:10D50000007800400040005800640044004400449B
:10D510000044000000000010000000700010001027
:10D52000001000100010000000000010000000704B
:10D5300000100010001000100010001000E000406B
:10D5400000400048005000600050004800440000C7
:10D5500000000070001000100010001000100010FB
:10D56000001000000000000000000078005400548B
:10D570000054005400540000000000000000005857
:10D580000064004400440044004400000000000027
:10D59000000000380044004400440044003800000B
:10D5A00000000000000000580064004400440064D3
:10D5B000005800400040000000000034004C0044CF
:10D5C0000044004C00340004000400000000005837
:10D5D00000640040004000400040000000000000E7
:10D5E000000000380044003000080044003800000B
:10D5F00000000020002000780020002000200020F3
:10D600000018000000000000000000440044004436
:10D610000044004C00340000000000000000004402
:10D62000004400280028002800100000000000002E
:10D630000000005400540054006C00280028000032
:10D640000000000000000044002800100010002826
:10D6500000440000000000000000004400440028D6
:10D660000028001000100010006000000000007C86
:10D670000008001000200040007C0000000000189E
:10D6800000100010001000200020001000100010FA
:10D690000018001000100010001000100010001002
:10D6A00000100010001000300010001000100008E2
:10D6B0000008001000100010003000000000000002
:10D6C0000074004C0000000000000000000000009A
:10D6D000000000000000000000000000000000004A
:10D6E000000000000000000000000000000000003A
:10D6F00000000000000C000C000C000C000C000CE2
:10D70000000C000C000C000C000C0000000C000CC5
:10D710000000000000000000001B001B001B001B9D
:10D72000001B0000000000000000000000000000DE
:10D7300000000000000000000000000080198019B7
:10D7400080198019C07FC07F80190033C07FC07FDF
:10D7500000330033003300330000000000000000FD
:10D76000001E003F807580650074003C001E0007AD
:10D770008005806580658075003F001E0004000400
:10D7800000000000007000D840D8C0D880D90073D5
:10D790000006000C801BC036C066C046C006800371
:10D7A0000000000000000000001E003F00330033B6
:10D7B0000033001E000CC03CC06680638061806343
:10D7C000C03E801C0000000000000000000C000CA7
:10D7D000000C000C000C0000000000000000000025
:10D7E00000000000000000000000000000008000B9
:10D7F00000010003000600060004000C000C000CF1
:10D80000000C000C000C00040006000600030001E0
:10D810008000002000100018000C000C000400061E
:10D82000000600060006000600060004000C000CBE
:10D830000018001000200000000C002D003F001E0A
:10D8400000330000000000000000000000000000A5
:10D8500000000000000000000000000000000000C8
:10D86000000C000C000C000CC0FFC0FF000C000CF2
:10D87000000C000C00000000000000000000000090
:10D880000000000000000000000000000000000098
:10D890000000000000000000000C000C0004000468
:10D8A0000008000000000000000000000000000070
:10D8B00000000000001E001E00000000000000002C
:10D8C0000000000000000000000000000000000058
:10D8D0000000000000000000000000000000000048
:10D8E000000C000C0000000000000000000300031A
:10D8F00000030006000600060006000C000C000CE9
:10D90000000C0018001800180000000000000000C3
:10D91000001E003F0033806180618061806D806DFA
:10D920008061806180610033003F001E00000000C4
:10D93000000000000006000E001E00360026000653
:10D9400000060006000600060006000600060006A7
:10D950000000000000000000001E003F8073806196
:10D960008061800100030006000C00180030006098
:10D97000807F807F0000000000000000001C003E4F
:10D98000006300630003000E000E000380018001AD
:10D9900080618073003F001E000000000000000056
:10D9A0000006000E000E001E001E00160036003697
:10D9B0000066807F807F00060006000600000000F1
:10D9C00000000000007F007F006000600060006ECB
:10D9D000007F80638001800180618073003F001EB2
:10D9E0000000000000000000001E003F8033806146
:10D9F0000060006E007F8073806180618061803391
:10DA0000003F001E0000000000000000807F807FBB
:10DA100080010003000300060006000C000C000C4F
:10DA200000080018001800180000000000000000A6
:10DA3000001E003F8063806180610021001E003F66
:10DA40008061806180618061003F001E00000000F5
:10DA500000000000001E003F007380618061806153
:10DA60008073803F801D800180610073003F001E35
:10DA700000000000000000000000000000000000A6
:10DA8000000C000C0000000000000000000000007E
:10DA9000000C000C0000000000000000000000006E
:10DAA000000000000000000C000C0000000000005E
:10DAB00000000000000C000C00040004000800003E
:10DAC00000000000000080008003000E00380060AD
:10DAD0000038000E800380000000000000000000FD
:10DAE000000000000000000000000000807F807F38
:10DAF00000000000807F807F000000000000000028
:10DB000000000000000000000000000000000040D5
:10DB10000070001C000780010007001C007000401E
:10DB2000000000000000000000000000001F803F17
:10DB3000C071C060C000C00180030007000E000C6F
:10DB4000000C0000000C000C0000000000000000B1
:10DB5000001E003F803180718063806F806D806D1A
:10DB6000806F806700600032003E001C00000000F3
:10DB700000000000000E000E001B001B001B001B1D
:10DB800080318031803F803F8031C060C060C060A4
:10DB90000000000000000000007C007E00630063C5
:10DBA00000630063007E007E0063806180618063AB
:10DBB000007F007E0000000000000000001E003F0B
:10DBC0008031806100600060006000600060006083
:10DBD00080618031003F001E000000000000000056
:10DBE000007C007F00638063806180618061806170
:10DBF0008061806100630063007E007C00000000A3
:10DC000000000000807F807F006000600060006096
:10DC1000007F007F0060006000600060807F807F88
:10DC20000000000000000000807F807F0060006036
:10DC300000600060007F007F0060006000600060A6
:10DC4000006000600000000000000000001E003FB7
:10DC5000803180610060006000608063806380616B
:10DC600080618031803F001E000000000000000045
:10DC7000806180618061806180618061807F807F60
:10DC8000806180618061806180618061000000004E
:10DC900000000000003F003F000C000C000C000CD6
:10DCA000000C000C000C000C000C000C003F003FAE
:10DCB0000000000000000000800180018001800160
:10DCC000800180018001800180018061806180731A
:10DCD000003F001E0000000000000000C0608061E6
:10DCE000006300660066006C0078007C00660066D9
:10DCF000006380618061C0600000000000000000DF
:10DD00000060006000600060006000600060006013
:10DD10000060006000600060807F807F0000000085
:10DD200000000000C071C071C07BC07AC06AC06AC8
:10DD3000C06EC064C060C060C060C060C060C060D1
:10DD400000000000000000008071807180798079FF
:10DD50008079806D806D806D806580678067806769
:10DD6000806380630000000000000000001E003F90
:10DD70000033806180618061806180618061806149
:10DD800080610033003F001E000000000000000022
:10DD9000007E007F80638061806180618063007F9E
:10DDA000007E006000600060006000600000000015
:10DDB00000000000001E003F003380618061806130
:10DDC000806180618061806580670033803F401E94
:10DDD0000000000000000000007E007F8063806182
:10DDE00080618063007F007E006600630063806165
:10DDF0008061C0600000000000000000000E001FF5
:10DE00008031803100300038001E000780038061BF
:10DE100080618031003F001E000000000000000013
:10DE2000C0FFC0FF000C000C000C000C000C000C2C
:10DE3000000C000C000C000C000C000C000000009A
:10DE4000000000008061806180618061806180618C
:10DE5000806180618061806180618073003F001E0D
:10DE60000000000000000000C060C060C0608031A1
:10DE700080318031001B001B001B001B000E000EB8
:10DE8000000E00040000000000000000C0C0C0C080
:10DE9000C0C0C0C0C0C0C0CC804C804C805E80522E
:10DEA00080528073806180610000000000000000EB
:10DEB000C0C0806080610033003B001E000C000C7D
:10DEC000001E001F003B80718061C0C00000000088
:10DED00000000000C0C08061806100330033001E7C
:10DEE000001E000C000C000C000C000C000C000CC0
:10DEF0000000000000000000803F803F8001000320
:10DF000000030006000C000C001800180030006030
:10DF1000807F807F000000000000000F000F000CD9
:10DF2000000C000C000C000C000C000C000C000C91
:10DF3000000C000C000C000C000C000F000F000087
:10DF4000001800180018000C000C000C000C000653
:10DF500000060006000600030003000300000000A6
:10DF60000000001E001E0006000600060006000657
:10DF70000006000600060006000600060006000671
:10DF80000006001E001E0000000C000C001E001207
:10DF90000033003380618061000000000000000059
:10DFA0000000000000000000000000000000000071
:10DFB0000000000000000000000000000000000061
:10DFC00000000000000000000000E0FF0000000072
:10DFD00000380018000C00000000000000000000E5
:10DFE0000000000000000000000000000000000031
:10DFF000000000000000000000000000001F803F43
:10E0000080618001801F803F80618063807FC03895
:10E010000000000000000000006000600060006080
:10E02000006E007F80738061806180618061807399
:10E03000007F006E000000000000000000000000F3
:10E0400000000000001E003F8073806100600060DF
:10E0500080618073003F001E00000000000000008F
:10E060008001800180018001801D803F807380617C
:10E070008061806180618073803F801D00000000AE
:10E08000000000000000000000000000001E003F33
:10E0900000738061807F807F00608071003F001E80
:10E0A0000000000000000000C007C00F000C000CC2
:10E0B000807F807F000C000C000C000C000C000C1A
:10E0C000000C000C00000000000000000000000038
:10E0D0000000801D803F807380618061806180616D
:10E0E0008073803F801D80018063007F003E0000C0
:10E0F0000060006000600060006F807F8071806160
:10E1000080618061806180618061806100000000C9
:10E11000000000000006000600000000003E003E77
:10E1200000060006000600060006000600060006BF
:10E130000000000000000006000600000000003E95
:10E14000003E000600060006000600060006000667
:10E15000000600060046007E003C000000600060F3
:10E1600000600060806100630066006C007C0076E7
:10E17000006300638061C0600000000000000000D8
:10E18000003E003E000600060006000600060006EF
:10E19000000600060006000600060006000000005B
:10E1A00000000000000000000000000080DDC0FF53
:10E1B000C0CEC0CCC0CCC0CCC0CCC0CCC0CCC0CCFD
:10E1C000000000000000000000000000000000004F
:10E1D000006F807F8071806180618061806180617B
:10E1E000806180610000000000000000000000006D
:10E1F00000000000001E003F80738061806180612C
:10E2000080618073003F001E0000000000000000DD
:10E21000000000000000006E007F8073806180615C
:10E22000806180618073007F006E0060006000602C
:10E2300000600000000000000000801D803F80732F
:10E2400080618061806180618073803F801D80017A
:10E25000800180018001000000000000000000003B
:10E260000067803F0039003000300030003000305F
:10E27000003000300000000000000000000000003E
:10E2800000000000001E803F80610060007F803F32
:10E2900080018061007F001E00000000000000007F
:10E2A0000000000800180018007F007F0018001808
:10E2B0000018001800180018801F800F00000000D0
:10E2C000000000000000000000000000806180618C
:10E2D000806180618061806180618063807F803D3A
:10E2E000000000000000000000000000000000002E
:10E2F000C060803180318031001B001B001B000E8C
:10E30000000E0006000000000000000000000000F9
:10E310000000000080DD80DD80DD005500550055E7
:10E3200000770077002200220000000000000000BB
:10E330000000000000000000806100330033001E78
:10E34000000C000C001E0033003380610000000050
:10E35000000000000000000000008061806180314A
:10E3600000330033001B001B001B000E000E000ECC
:10E37000001C007C00700000000000000000000095
:10E38000C07FC07F800100030006000C0018003031
:10E39000C07FC07F000000000000800380070006EF
:10E3A0000006000600060006000E001C001C000E01
:10E3B000000600060006000600068007800300062F
:10E3C000000600060006000600060006000600061D
:10E3D000000600060006000600060006000600060D
:10E3E00000060038003C000C000C000C000C000C77
:10E3F000000E00070007000E000C000C000C000CC3
:10E40000000C003C0038000000000000000000008C
:10E41000000000008038807F0047000000000000FE
:10E4200000000000000000000000000000000000EC
:10E4300000000000000000000000000000000000DC
:10E4400000000000000000000000000000000000CC
:10E450000000000000000000000000000000E003D9
:10E46000E003E003E003E003E003E003E003C003B4
:10E47000C003C001C001C001C001C0010000000014
:10E480000000E003E003E0030000000000000000E3
:10E4900000003C1E3C1E3C1E3C1E3C1E3C1E3C1E06
:10E4A000000000000000000000000000000000006C
:10E4B000000000000000000000000000000000005C
:10E4C000000000000000CE01CE03DE039E039C038B
:10E4D0009C07FF3FFF7F3807380F780F780F780EC3
:10E4E000FFFFFFFFF01EF01CE01CE03CE03DE039C8
:10E4F00000000000000000000000FC03FE0FEE1F03
:10E50000E01EE01EE01EE01EE01FE00FE007F0034B
:10E51000FC01FE01FE01FE01FE01FE01FE01FE3DC9
:10E52000FC3FF00FE001E001000000000000033EAE
:10E5300007F78FE78EE79EE3BCE3B8E7F8E7F0F76D
:10E54000E03FC001FF03FF07F307F30FF31EF33CA7
:10E55000F338F3787FF03FE0000000000000000097
:10E560000000E007F80F780F781F781F781F780FEA
:10E57000F00FE00F801FC37FC3FBE7F3F7F1F7F065
:10E58000FFF07FF03EF87F7CFF3FEF1F00000000B0
:10E59000000000000000E003E003E003E003E0030C
:10E5A000C003C001000000000000000000000000E7
:10E5B000000000000000000000000000000000005B
:10E5C000000000000000000000003F007C00F0019F
:10E5D000E001C003C00780078007800F000F000F15
:10E5E000000F000F000F000F800F80078007C0078B
:10E5F000C003E001F0017C003F000F000000007E3E
:10E60000001FC007C003E001F001F000F000F800B7
:10E61000780078007800780078007800F800F00042
:10E62000F000F001E001C003C007001F007E007889
:10E630000000E003C003C001CE39FF3F7F3F20034D
:10E640007003F807780F3C1F380600000000000038
:10E6500000000000000000000000000000000000BA
:10E6600000000000000000000000000000000000AA
:10E670000000C001C001C001C001C001C001C00153
:10E68000FFFFFFFFC001C001C001C001C001C00108
:10E69000000000000000000000000000000000007A
:10E6A000000000000000000000000000000000006A
:10E6B000000000000000000000000000E003E00394
:10E6C000E003E003E001E001E001C001800300009D
:10E6D000000000000000000000000000000000003A
:10E6E00000000000FE3FFE3F0000000000000000B0
:10E6F000000000000000000000000000000000001A
:10E700000000000000000000000000000000000009
:10E7100000000000000000000000000000000000F9
:10E7200000000000E003E003E003E003000000005D
:10E730000000000000000F000F001E001E003C0043
:10E740003C0078007800F000F000E001E001C00338
:10E75000C00380078007000F000F001E001E003C52
:10E76000003C0078007800F00000F007F80F7C1FF4
:10E770003E3E1E3C1F7C1F7C0F780F780F780F7871
:10E780000F780F780F781F7C1F7C1E3C3E3E7C1F4D
:10E79000F80FF00700000000000000000000F0008B
:10E7A000F007F03FF03FF001F001F001F001F0015F
:10E7B000F001F001F001F001F001F001F001F001D1
:10E7C000F001F001FF3FFF3F0000000000000000EB
:10E7D0000000E00FF83F7C3C3C003E003E003E0065
:10E7E0003C003C007C00F800F001E003C00780071B
:10E7F000000F001E003E003CFE3FFE3F00000000F8
:10E80000000000000000F00FF81F7C1C3E003E00DE
:10E810003E003C003C00F800F00FF80F7C003E008A
:10E820001E001E001E001E003E007C1CF81FE01F84
:10E83000000000000000000000007800F800F80070
:10E84000F801F803F807F807780F781E781E783C6F
:10E8500078787878FFFFFFFF7800780078007800FC
:10E860007800780000000000000000000000FC1F9D
:10E87000FC1FFC1F001E001E001E001E001EE01FCD
:10E88000F81FFC007C003E003E001E003E003E00E3
:10E890003C007C1CF81FE01F00000000000000008E
:10E8A0000000FC01FE078E0F001F001E003E003C12
:10E8B000003CF83DFC3F3E7F1F7E0F3C0F3C0F3C71
:10E8C0000F3C0F3E1F1E3E1FFC0FF0030000000018
:10E8D000000000000000FF3FFF3FFF3F0F001E0051
:10E8E0001E003C0038007800F000F000E001E0017C
:10E8F000C003C0038007800F800F000F001F001FA0
:10E9000000000000000000000000F807FC0F3E1FA0
:10E910001E1E1E3E1E3E1E1E3C1FF80FF007F80F67
:10E92000FC1E3E3E1F3C1F7C0F7C0F7C1F3C3E3F6D
:10E93000FC1FF00700000000000000000000F007CE
:10E94000F80F7C1E3E3C1E3C1F7C1F7C1F7C1F7CE6
:10E950001F3C3F3EFF1FEF071F001E001E003E0032
:10E960003C00F838F03FE01F00000000000000000D
:10E970000000000000000000000000000000E003B4
:10E98000E003E003E00300000000000000000000DE
:10E9900000000000E003E003E003E00300000000EB
:10E9A0000000000000000000000000000000000067
:10E9B0000000E003E003E003E003000000000000CB
:10E9C0000000000000000000E003E003E003E003BB
:10E9D000E001E001E001C00380030000000000004E
:10E9E00000000000000003000F003F00FC00F003E7
:10E9F000C00F003F00FE003FC00FF003FC003F00CF
:10EA00000F000300000000000000000000000000F4
:10EA100000000000000000000000000000000000F6
:10EA20000000FFFFFFFF000000000000FFFFFFFFEE
:10EA300000000000000000000000000000000000D6
:10EA4000000000000000000000000000000000E0E6
:10EA500000F8007E801FE007F8017E001F007E00A6
:10EA6000F801E007801F007E00F800E000000000D1
:10EA7000000000000000F01FFC3F3E381F381F3828
:10EA80001E001E003C007800F000E001C003C0033F
:10EA9000C007C007000000000000C007C007C00793
:10EAA00000000000000000000000F803FE0F1E1F21
:10EAB0000F3E7F3CFF78EF79C773C7F38FF38FF377
:10EAC0008FF39FF39FF3FF73FF7BF779003C1C1FCD
:10EAD000FC0FF80300000000000000000000000030
:10EAE00000000000E003E003F007F007F007780FF4
:10EAF000780F7C0E3C1E3C1E3E3CFE3FFF3F1F78C5
:10EB00000F780FF007F007F0000000000000000091
:10EB10000000000000000000F83FFC3F3E3C1E3CAF
:10EB20001E3C1E3C3E3C7C3CF03FF83F7E3C1F3C84
:10EB30001F3C0F3C0F3C1F3CFE3FF83F0000000015
:10EB4000000000000000000000000000FF01FF07BF
:10EB5000871F003E003C007C007800780078007839
:10EB60000078007C007C003E003F831FFF07FF0110
:10EB70000000000000000000000000000000000095
:10EB8000F07FFC7F7E781F781F780F780F780F78E2
:10EB90000F780F780F780F780F781F781E787E78AF
:10EBA000F87FE07F0000000000000000000000008F
:10EBB00000000000FF3FFF3F003E003E003E003EE1
:10EBC000003E003EFE3FFE3F003E003E003E003E57
:10EBD000003E003EFF3FFF3F00000000000000003D
:10EBE0000000000000000000FF1FFF1F001E001EAD
:10EBF000001E001E001E001EFF1FFF1F001E001E25
:10EC0000001E001E001E001E001E001E0000000050
:10EC1000000000000000000000000000FE03FF0FE5
:10EC2000871F003E007C007C007800F800F87FF829
:10EC30007FF80F780F7C0F7C0F3E8F1FFF0FFE03B6
:10EC400000000000000000000000000000000000C4
:10EC50001F7C1F7C1F7C1F7C1F7C1F7C1F7C1F7CDC
:10EC6000FF7FFF7F1F7C1F7C1F7C1F7C1F7C1F7C06
:10EC70001F7C1F7C0000000000000000000000005E
:10EC800000000000FF3FFF3FE003E003E003E0037C
:10EC9000E003E003E003E003E003E003E003E0035C
:10ECA000E003E003FF3FFF3F000000000000000022
:10ECB0000000000000000000FC1FFC1F7C007C0026
:10ECC0007C007C007C007C007C007C007C007C0064
:10ECD0007C0078007800F838F03FC03F000000006A
:10ECE0000000000000000000000000001F3C1E3C6F
:10ECF0003C3C783CF03CE03DE03FC03F803FC03FC3
:10ED0000E03FF03DF03C783C7C3C3E3C1F3C0F3CFF
:10ED100000000000000000000000000000000000F3
:10ED2000003E003E003E003E003E003E003E003EF3
:10ED3000003E003E003E003E003E003E003E003EE3
:10ED4000FF3FFF3F00000000000000000000000047
:10ED5000000000001FF81FFC1FFC3FFE3FFE3FFEAF
:10ED60007FFF77FF77FFF7F7E7F7E7F3E7F3C7F3FF
:10ED700007F007F007F007F00000000000000000B7
:10ED800000000000000000000F7C0F7C0F7E0F7F52
:10ED90000F7F8F7F8F7FCF7FEF7BEF79FF79FF78BA
:10EDA000FF787F783F783F781F781F780000000059
:10EDB000000000000000000000000000F007FC1F41
:10EDC0003E3E1F7C0F780F780FF80FF80FF80FF802
:10EDD0000FF80FF80F780F781F7C3E3EFC1FF007EE
:10EDE0000000000000000000000000000000000023
:10EDF000FC3FFF3F1F3E0F3E0F3E0F3E0F3E1F3EAC
:10EE00003F3EFC3FF03F003E003E003E003E003EE5
:10EE1000003E003E00000000000000000000000076
:10EE200000000000F007FC1F3E3E1F7C0F780F78AB
:10EE30000FF80FF80FF80FF80FF80FF80F780F789A
:10EE40001F7C3E3EFC1FF8077C003F000F000300C4
:10EE50000000000000000000F03FFC3F7E3C3E3C14
:10EE60001E3C1E3C3E3C3C3CFC3CF03FE03FF03D49
:10EE7000F83C7C3C3E3C1E3C1F3C0F3C000000002C
:10EE8000000000000000000000000000FC07FE1F62
:10EE90000E3E003C003C003C003EC01FF80FFE034D
:10EEA0007F001F000F000F001F203E3CFC3FF01FA3
:10EEB0000000000000000000000000000000000052
:10EEC000FFFFFFFFE003E003E003E003E003E003F4
:10EED000E003E003E003E003E003E003E003E0031A
:10EEE000E003E0030000000000000000000000005C
:10EEF000000000000F7C0F7C0F7C0F7C0F7C0F7CD0
:10EF00000F7C0F7C0F7C0F7C0F7C0F7C0F7C1E3CDA
:10EF10001E3C3E3EFC1FF007000000000000000009
:10EF2000000000000000000007F007F007F80F786D
:10EF30000F7C1E3C1E3C1E3E3C1E3C1F781F780F63
:10EF4000F80FF007F007F007E003E003000000000F
:10EF500000000000000000000000000003E003F0DB
:10EF600003F007F0E7F3E7F3E7F3E773F77BF77FE7
:10EF7000FF7F7F7F7F7F7E7F7E3F3E3E3E3E3E3EE9
:10EF80000000000000000000000000000000000081
:10EF900007F80F7C1E3E3E3E3C1FF80FF007E007CF
:10EFA000E003E003F007F80F7C0F7C1E3E3C1F7867
:10EFB0000F780FF0000000000000000000000000CB
:10EFC0000000000007F807780F7C1E3C1E3E3C1F27
:10EFD000780FF80FF007E003E003E003E003E0033D
:10EFE000E003E003E003E003000000000000000095
:10EFF0000000000000000000FF7FFF7F0F001F00E7
:10F000003E007C00F800F000E001E003C007800F44
:10F01000000F001E003E007CFF7FFF7F000000000D
:10F02000000000000000FF078007800780078007BE
:10F030008007800780078007800780078007800798
:10F040008007800780078007800780078007800788
:10F0500080078007FF07FF07000000780078003C6A
:10F06000003C001E001E000F000F80078007C00339
:10F07000C003E001E001F000F000780078003C00FF
:10F080003C001E001E000F000F0007000000F07F74
:10F09000F000F000F000F000F000F000F000F000F0
:10F0A000F000F000F000F000F000F000F000F000E0
:10F0B000F000F000F000F000F000F000F07FF07FD2
:10F0C0000000C000C001C001E003E003F007F0074A
:10F0D0007807780F380F3C1E3C1E1E3C1E3C0F3834
:10F0E0000F7807780000000000000000000000001A
:10F0F0000000000000000000000000000000000010
:10F1000000000000000000000000000000000000FF
:10F1100000000000000000000000000000000000EF
:10F12000FFFFFFFF000000000000F00000000000F3
:10F1300000000000000000000000000000000000CF
:10F1400000000000000000000000000000000000BF
:10F1500000000000000000000000000000000000AF
:10F1600000000000000000000000F80FFC3F7C3CA5
:10F170003E003E003E00FE07FE1F3E3E3E7C3E78C7
:10F180003E7C7E7CFF3FCF1F00000000000000009F
:10F190000000003C003C003C003C003C003CF83DD2
:10F1A000FE3F3E3F1F3E0F3C0F3C0F3C0F3C0F3CD1
:10F1B0000F3C1F3C1E3C3E3FFC3FF03B000000006C
:10F1C000000000000000000000000000000000003F
:10F1D0000000FE03FF0F871F003E003E003C007C46
:10F1E000007C007C003C003E003E871FFF0FFE03BA
:10F1F000000000000000000000001F001F001F00B2
:10F200001F001F001F00FF07FF1F3F3E1F3C1F7C0A
:10F210001F7C1F7C1F781F781F7C1F7C3F3C7F3E1C
:10F22000FF1FDF0F000000000000000000000000D2
:10F2300000000000000000000000F803FC0F3E1F6B
:10F240001E3E1F3C1F7CFF7FFF7F007C007C003C3C
:10F25000003E071FFF0FFE0300000000000000003B
:10F260000000FF01E103C003C007C007C007FF7F24
:10F27000FF7FC007C007C007C007C007C007C0079F
:10F28000C007C007C007C007C007C00700000000D4
:10F29000000000000000000000000000000000006E
:10F2A0000000EF07FF1F7F3E1F3C1F7C1F7C1F7865
:10F2B0001F781F781F7C1F7C3F3C7F3EFF1FDF0FA6
:10F2C0001E001E001E007C38F83F003C003C003C45
:10F2D000003C003C003CFC3DFE3F9E3F1F3F1F3E6C
:10F2E0001F3C1F3C1F3C1F3C1F3C1F3C1F3C1F3C46
:10F2F0001F3C1F3C00000000000000000000F00167
:10F30000F0010000000000000000E07FE07FE0016D
:10F31000E001E001E001E001E001E001E001E001E5
:10F32000E001E001E001E001000000000000000059
:10F330000000F800F8000000000000000000F83FA6
:10F34000F83FF800F800F800F800F800F800F800BE
:10F35000F800F800F800F800F800F800F800F800ED
:10F36000F000F071E07F003C003C003C003C003CC1
:10F37000003C1F3C3E3C7C3CF83CF03DE03DC03F47
:10F38000C03FE03FF03DF83C7C3C3E3C1F3C1F3C16
:10F3900000000000000000000000F07FF001F0011C
:10F3A000F001F001F001F001F001F001F001F001D5
:10F3B000F001F001F001F001F001F001F001F001C5
:10F3C000F001F0010000000000000000000000005B
:10F3D000000000000000000000009EF7FFFFFFFF9C
:10F3E000FFFFE7FBE7F9C7F1C7F1C7F1C7F1C7F1C5
:10F3F000C7F1C7F1C7F1C7F100000000000000002D
:10F400000000000000000000000000000000FC3DC3
:10F41000FE3F9E3F1F3F1F3E1F3C1F3C1F3C1F3CAB
:10F420001F3C1F3C1F3C1F3C1F3C1F3C00000000BA
:10F4300000000000000000000000000000000000CC
:10F440000000F007FC1F3E3E1F3C1F7C0F780F782A
:10F450000F780F780F781F7C1F3C3E3EFC1FF00793
:10F46000000000000000000000000000000000009C
:10F47000000000000000F83DFE3F3E3F1F3E0F3CF5
:10F480000F3C0F3C0F3C0F3C0F3C1F3C1E3E3E3FD1
:10F49000FC3FF83F003C003C003C003C003C0000CE
:10F4A00000000000000000000000EE07FE1F7E3E8E
:10F4B0001E3C1E7C1E781E781E781E781E781E7CD0
:10F4C0003E7C7E3EFE1FDE0F1E001E001E001E0044
:10F4D0001E000000000000000000000000007F1F70
:10F4E000FF1FE71FC71F871F001F001F001F001FF0
:10F4F000001F001F001F001F001F001F0000000052
:10F5000000000000000000000000000000000000FB
:10F510000000FC07FE1F0E1E003E003E003FE01FE5
:10F52000FC07FE003E001E001E003E3CFC3FF01F9C
:10F5300000000000000000000000000000000000CB
:10F54000800780078007FF7FFF7F80078007800795
:10F550008007800780078007800780078007C00733
:10F56000FF03FF0100000000000000000000000099
:10F57000000000000000000000001E3C1E3C1E3C7D
:10F580001E3C1E3C1E3C1E3C1E3C1E3C1E3C3E3C8B
:10F590007E3CFE3EFE1FDE0F00000000000000006B
:10F5A000000000000000000000000000000007F064
:10F5B0000F780F781E3C1E3C1E3E3C1E3C1E780FF2
:10F5C000780FF00FF007F007E003E0030000000001
:10F5D000000000000000000000000000000000002B
:10F5E000000003F0E3F1E3F3E7F3F7F3F7F3F77F5A
:10F5F000777F7F7F7F7F7F7F3E3E3E3E3E3E3E3E2B
:10F6000000000000000000000000000000000000FA
:10F610000000000000000F7C1E3E3C3E3C1FF80F27
:10F62000F007F007E003F007F807F80F7C1E3E3EF6
:10F630001F3C1F78000000000000000000000000D8
:10F640000000000000000000000007F80F780F7CA9
:10F650001E3C1E3C3C1E3C1E3C1F780FF80FF00762
:10F66000F007E003E003C003C003C0038007800F7E
:10F67000007F000000000000000000000000FF3FCD
:10F68000FF3F1F003E007C00F800F001E003C007D0
:10F69000800F001F001E003CFF7FFF7F0000000066
:10F6A000000000000000FE01E003C003C003C0032F
:10F6B000C003E001E001E001C001C003803F803FE2
:10F6C000C003C001E001E001E001C003C003C003CA
:10F6D000C003E003FE017E000000C001C001C001C4
:10F6E000C001C001C001C001C001C001C001C00112
:10F6F000C001C001C001C001C001C001C001C00102
:10F70000C001C001C001C001C001C0010000C03F74
:10F71000E003E001E001E001E001C001C003C0033B
:10F72000C001E001FE00FE00E001C001C003C00313
:10F73000C001E001E001E001E001E003C03F003F63
:10F7400000000000000000000000000000000000B9
:10F750000000000000000000073FC77FE773FFF1D3
:10F760007EF000000000000000000000000000002B
:10F770000000000000000000081C3044586C8000AD
:10F780006800000476005401F7FD000175191A0C99
:10F790006A231B1C1F207274433B4138393A6B6C3F
:10F7A000376F06246D6E70008300000000080000B3
:10F7B0000001001832000500000020410000D24284
:10F7C000295C0F3E9A99993E3333733F295C0F3E73
:10F7D000081C3044586C80000070000000002400B9
:10F7E0000000020003000000650054FFEF0000FA73
:10F7F00080000B12820001030C30C30E8C8CE914C4
:10F80000D5400213710F8E3883F8833000F88325BA
:10F810008EF8833000F883FFFFFFFF0FFEA9D62488
:10F820000004001A8279A10000003CFFFF000000E4
:10F8300010000038836FA2003E0330400000000239
:10F84000CAE3093E800000200000000000000040E4
:10F8500000000060000000000C0000000C186E00AA
:10F860000006920A16C0DFFFFF0256FD8CD377FF19
:10F87000E1C496E0C5BEAA00000000FFFF0B2B000C
:10F88000001657000003594000000000001DFA0058
:10F89000026C1D000000003FFFDFEB003EB3B6002E
:10F8A0000D227800002F3C00000000001942B50036
:10F8B0000039A20000B365D90E9FC91DCF4C34306A
:10F8C000000000500000003BB67AE8006400000031
:10F8D000C8000000000000100000001000FA9210A4
:10F8E00000225E000D229F0001000000320000FF98
:10F8F00046000063D400001000000004D60000049D
:10F90000CC000004CC000000001072000000400099
:10F9100000000000000000000600020005000700D3
:10F92000000000006400000000000000000005006E
:10F93000050064002000000000000000000000003E
:10F940000040000000030000000032F8980000FFB3
:10F95000650000830F0000FF9BFC0000000000001A
:10F960000000000000000000000000000000000097
:10F970000000000000000000000000000000000087
:10F980000000000000100040000000000000060021
:10F9900000B26A000200000001FB83006800000062
:10F9A000D9FC007CF1FF830000000000650000002E
:10F9B0006403E80064002800000025000000001631
:10F9C000A000000000100000001000002F00000048
:10F9D0000001F40000100000280000FFFF4581FF37
:10F9E000FFFA720000000000000000004400050063
:10F9F00005BAC6004778A200000001000000000020
:10FA0000000600000000140000254D002F706D005E
:10FA10000005AE000C02D000000000000000000055
:10FA200000000000000000001B00000000000000BB
:10FA3000000000000000000064000000080000005A
:10FA400000000000000000000000000000000000B6
:10FA500000000000000000000000000000000000A6
:10FA60000000000000000000000000000000000096
:10FA70000000000000000000000000000000000086
:10FA80000000000000000000000000000000000076
:10FA900000000000000000001B000000000000004B
:10FAA000000000000E000E00000AC7000400000065
:10FAB000000032FFFFFF9C00000B2B000000020043
:10FAC00000000100000064FFE500000000000000ED
:10FAD0000000000000000000000001000000000025
:10FAE0000100000000000000018000000180000013
:10FAF000018000002426D300000000000000000068
:10FB00000600100096003C0000000000000000000D
:10FB1000000000000000000C0A4E68CDCF770950AD
:10FB2000166759C619CE82000000000000000000D0
:10FB300000000000000000000000000000000017AE
:10FB4000D78400030000000000000000000000C790
:10FB5000938F9D1E1B1C1900000000000000000078
:10FB60000000000000000000000000000000000293
:10FB7000031885000040000000000300000003009F
:10FB80000000000000000040000000000000000035
:10FB90000000000000000000000000000000000065
:10FBA0000000000000000000000000000000000055
:10FBB0000000000000000000000000677DDF7E7292
:10FBC000902E554CF6E68800000000000000000072
:10FBD00000000000000000D8DCB4B8B0D8B9ABF326
:10FBE000F8FAB3B7BB8E9EAEF132F51BF1B4B8B0E4
:10FBF0008097F1A9DFDFDFAADFDFDFF2AAC5CDC77B
:10FC0000A90CC92C97F1A989264666B28999A92D14
:10FC1000557DB0B08AA896365676F1BAA3B4B280B4
:10FC2000C0B8A89711B28398BAA3F024084410640E
:10FC300018B2B9B49883F1A329557DBAB5B1A3839D
:10FC400093F0002850F5B2B6AA839328547CF1B9FA
:10FC5000A3829361BAA2DADEDFDB819AB9AEF560E6
:10FC60006870F1DABAA2DFD9BAA2FAB9A38292DB3C
:10FC700031BAA2D9BAA2F8DF85A4D0C1BBAD83C284
:10FC8000C5C7B8A2DFDFDFBAA0DFDFDFD8D8F1B8A1
:10FC9000AAB38DB4980D355DB2B6BAAF8C96198FF4
:10FCA0009FA70E161EB49AB8AA872C547CBAA4B08B
:10FCB0008AB691325676B28494A4C808CDD8B8B426
:10FCC000B0F19982A82D557D98A80E161EA22C542D
:10FCD0007C92A4F02C5078F184A898C4CDFCD80D67
:10FCE000DBA8FC2DF3D9BAA6F8DABAA6DED8BAB2E8
:10FCF000B68696A6D0F3C841DAA6C8F8D8B0B4B88C
:10FD000082A892F52C548898F135D9F418D8F1A22C
:10FD1000D0F8F9A884D9C7DFF8F883C5DADF69DF3E
:10FD200083C1D8F40114F1A8824EA884F311D182C2
:10FD3000F5D992289788F109F41C1CD884A8F3C03F
:10FD4000F9D1D99782F129F40DD8F3F9F9D1D982F3
:10FD5000F4C203D8DEDF1AD8F1A2FAF9A88498D940
:10FD6000C7DFF8F8F883C7DADF69DFF883C3D8F4B0
:10FD70000114F198A8822EA884F311D182F5D992AA
:10FD8000509788F109F41CD884A8F3C0F8F9D1D9A8
:10FD90009782F149F40DD8F3F9F9D1D982F4C4036B
:10FDA000D8DEDFD8F1AD8898CCA809F9D98292A81D
:10FDB000F57CF1883ACF944A6E98DB6931DAADF27E
:10FDC000DEF9D88795A8F221D1DAA5F9F417D9F18F
:10FDD000AE8ED0C0C3AE82C684C3A88595C8A588A0
:10FDE000F2C0F1F4010EF18E9EA8C63E56F554F114
:10FDF0008872F40115F19845856EF58E9E0488F1A0
:10FE000042985A8E9E068869F4011CF1981E1108CA
:10FE1000D0F504F11E970202983625DBF9D985A5A5
:10FE2000F3C1DA85A5F3DFD88595A8F309DAA5FA39
:10FE3000D88292A8F578F1881A849F26889821DACA
:10FE4000F41DF3D8879F39D1AFD9DFDFFBF9F40C6C
:10FE5000F3D8FAD0F8DAF9F9D0DFD9F9D8F40BD819
:10FE6000F3879F39D1AFD9DFDFF41DF3D8FAFCA8AF
:10FE700069F9F9AFD0DADEFAD9F88F9FA8F1CCF39F
:10FE800098DB45D9AFDFD0F8D8F18F9FA8CAF388A7
:10FE900009DAAF8FCBF8D8F2AD978D0CD9A5DFF981
:10FEA000BAA6F3FAF412F2D8950DD1D9BAA6F3FA9C
:10FEB000DAA5F2C1BAA6F3DFD8F1BAB2B68696A631
:10FEC000D0CAF349DAA6CBF8D8B0B4B8D8AD84F22A
:10FED000C0DFF18FCBC3A8B2B68696C8C1CBC3F33F
:10FEE000B0B48898A821DB718D9D71859521D9AD1D
:10FEF000F2FAD88597A828D9F408D8F28D29DAF42F
:10FF000005D9F285A4C2F2D8A88D9401D1D9F411F3
:10FF1000F2D88721D8F40AD8F28498A8C801D1D998
:10FF2000F411D8F3A4C8BBAFD0F2DEF8F8F8F8F8B3
:10FF3000F8F8F8D8F1B8F6B5B9B08A95A3DE3CA3C5
:10FF4000D9F8D85CA3D9F8D87CA3D9F8D8F8F9D1D6
:10FF5000A5D9DFDAFAD8B18530F7D9DED8F830ADD7
:10FF6000DADED8F2B48C99A32D557DA083DFDFDFD4
:10FF7000B591A0F629D9FBD8A0FC29D9FAD8A0D0F0
:10FF800051D9F8D8FC51D9F9D879D9FBD8A0D0FCEF
:10FF900079D9FAD8A1F9F9F9F9F9A0DADFDFDFD8D0
:10FFA000A1F8F8F8F8F8ACDEF8ADDE8393AC2C5489
:10FFB0007CF1A8DFDFDFF69D2CDAA0DFD9FADB2D9C
:10FFC000F8D8A850DAA0D0DED9D0F8F8F8DB55F888
:10FFD000D8A878DAA0D0DFD9D0FAF8F8F8F8DB7D25
:10FFE000F8D89CA88CF530DB38D9D0DEDFA0D0DE85
:10FFF000DFD8A848DB58D9DFD0DEA0DFD0DED8A814
:020000040801F1
:1000000068DB70D9DFDFA0DFDFD8F1A888902C543F
:100010007C98A8D05C38D1DAF2AE8CDFF9D8B08702
:10002000A8C1C1B188A8C6F9F9DA36D8A8F9DA3674
:10003000D8A8F9DA36D8A8F9DA36D8A8F9DA36D84D
:10004000F78D9DADF818DAF2AEDFD8F7ADFA30D9FA
:10005000A4DEF9D8F2AEDEFAF983A7D9C3C5C7F199
:10006000889BA77AADF7DEDFA4F8849408A797F3FE
:1000700000AEF29819A488C6A39488F632DFF28302
:1000800093DB09D9F2AADFD8D8AEF8F9D1DAF3A414
:10009000DEA7F1889B7AD8F38494AE19F9DAAAF135
:1000A000DFD8A881C0C3C5C7A39283F628ADDED927
:1000B000F8D8A350ADD9F8D8A378ADD9F8D8F8F9C5
:1000C000D1A1DADEC3C5C7D8A18194F818F2B089EE
:1000D000ACC3C5C7F1D8B8B4B09786A8319B069910
:1000E00007AB9728889BF00C201440B0B4B8F0A858
:1000F0008A9A285078B79BA8295179247059446965
:1001000038644831F1BBAB88002C547CF0B38BB819
:10011000A804285078F1B088B49726A85998BBABAA
:10012000B38B02264666B0B8F08A9CA82951798B19
:100130002951798A2470598B2058718A4469388BE7
:100140003940688A6448318B30496088F1AC002CB2
:10015000547CF08CA804285078F1889726A85998E8
:10016000AC8C02264666F0899CA8295179247059E6
:10017000446938644831A98809205970AB11384066
:1001800069A8193148608CA83C415C207C00F1874B
:10019000981986A86E767EA999882D557DD8B1B517
:1001A000B9A3DFDFDFAED0DFAAD0DEF2ABF8F9D93A
:1001B000B087C4AAF1DFDFBBAFDFDFB9D8B1F1A3ED
:1001C000978E60DFB084F2C8F8F9D9DED89385F154
:1001D0004AB183A308B5839A0810B79F10D8F1B02D
:1001E000BAAEB08AC2B2B68E9EF1FBD9F41DD8F970
:1001F000D90CF1D8F8F8AD61D9AEFBD8F40CF1D830
:10020000F8F8AD19D9AEFBDFD8F416F1D8F8AD8DFA
:1002100061D9F4F4ACF59C9C8DDF2BBAB6AEFAF83C
:10022000F40BD8F1AED0F8AD51DAAEFAF8F1D8B996
:10023000B1B6A3839C08B9B1839AB5AAC0FD308337
:10024000B79F10B58B93F20202D1ABDADED8F1B0D2
:1002500080BAABC0C3B284C1C3D8B1B9F38BA39188
:10026000B609B4D9ABDEB0879CB9A3DDF1B38B8BF3
:100270008B8B8BB087A3A3A3A3B28BB69BF2A3A354
:10028000A3A3A3A3A3A3A3A3F1B087B59AA3F39BAE
:10029000A3A3DCBAACDFB9A3A3A3A3A3A3A3A3A383
:1002A000A3A3A3A3A3A3A3D8D8D8BBB3B7F1AAF998
:1002B000DAFFD9809AAA28B48098A720B79787A890
:1002C0006688F07951F1902C870CA781976293F0A2
:1002D00071716085940129517990A5F1284C6C8742
:1002E0000C95188578A38390284C6C886CD8F3A261
:1002F0008200F210A8921980A2F2D926D8F188A81B
:100300004DD948D896A83980D93CD89580A839A627
:100310008698D92CDA87A72CD8A8899519A980D9CD
:1003200038D8A88939A980DA3CD8A82EA83990D91C
:100330000CD8A8953198D90CD8A809D9FFD801DADA
:10034000FFD89539A9DA26FFD890A80D8999A81069
:10035000809821DA2ED88999A83180DA2ED8A886FB
:10036000963180DA2ED8A8873180DA2ED8A88292EA
:10037000F34180F1D92ED8A882F31980F1D92ED873
:1003800082ACF3C0A28022F1A62EA72EA92298A8A3
:1003900029DAACDEFFD8A2F22AF1A92E8292A8F2C5
:1003A0003180A696F1D900AC8C9C0C30ACDED0DE4E
:1003B000FFD88C9CACD010ACDE8092A2F24C82A80C
:1003C000F1CAF235F19688A6D900D8F1FF000000F5
:1003D000081C3044586C80000000803F0000000082
:1003E000000000000000803F0000803F0AD7A3BB50
:1003F000000000000000803F0AD7A33B000000007F
:100400000000803F00000000FFE6DB2E000000003F
:1004100000000000FFE6DB2E17B7D1380000803F58
:10042000000000000AD7A3BB0000803F0000803F0F
:10043000000000000000803F0000000000000000FD
:100440000000803F0000803F0AD7A3BB00000000EF
:100450000000803F0AD7A33B000000000000803F5F
:1004600000000000FFE6DB2E00000000000000009E
:10047000FFE6DB2E17B7D1380000803F00000000F8
:100480000AD7A3BB0000803F0000803F00000000AF
:10049000555555555555C53F7D6FEB0312D6D4BF05
:1004A0005544880E55C1C93F3B8F68B52882A4BF0B
:1004B00088B20175E0EF493F09F7FD0DE13D023FCC
:1004C0004B2D8A1C273A03C0C88A599CE52A004054
:1004D00059018D1B6C06E6BF82922EB1C5B8B33FA1
:1004E0004FBB610567ACDD3F182D4454FB21E93F4C
:1004F0009BF681D20B73EF3F182D4454FB21F93F3B
:10050000E2652F227F2B7A3C075C143326A6813CC0
:10051000BDCBF07A8807703C075C143326A6913C6B
:10052000C4EB98999999C9BF711623FEC671BCBFD7
:100530006D9A74AFF2B0B3BF9AFDDE522DDEADBF3F
:100540002F6C6A2C44B4A2BF0D5555555555D53F57
:10055000FF8300922449C23F6E204CC5CD45B73F72
:10056000513DD0A0660DB13FEB0D76244B7BA93FEA
:1005700011DA22E33AAD903F0000000000000000D5
:1005800050726F6475637420494420726561642001
:100590006173203020696E646963617465732064DF
:1005A0006576696365206973206569746865722082
:1005B000696E636F6D70617469626C65206F722023
:1005C000616E204D5055333035302E0D0A0000003D
:1005D000F005010800000020A40200006C010008E2
:1005E00070060108A40200204C300000C801000879
:1005F000022B0272016A100C031624F40438244101
:100600005069640122C3803F5AFF04694023070AEE
:100610001362CF24080B1213CED62408101A132A03
:10062000E40A30087803144041232815138CF71B83
:1006300008800401201AA824052E0AD7A33BA9E0AC
:10064000C9EC0948400926640917281D40CDCCACE7
:100650001029142316461396422480BB4523F041EB
:100660004BAF4408012C12A0F2781AFF5A00000088
:0400000508000131BD
:00000001FF
